"business_id","business_name","business_kind","business_category","city","business_scale","item_id","sku","item_name","item_category","unit","quantity_mode","quantity","cost_price","selling_price","image_path","synthetic","image_provenance","availability_note"
"SIM-BIZ-001","Table & Chair Test Co 01 [SYNTHETIC]","Supplier","Furniture and tableware","Cape Town","Micro","SIM-BIZ-001-CAT-001","SIM-001-001","Gold Chiavari Chair [SYNTHETIC]","Furniture and tableware","Each","QUANTITY","100","108","131.76","/simulation/catalogue/products/gold-chiavari-chair.png","true","GENERATED_FOR_EVENTOS_SIMULATION","Simulator-only fixture; not available for real purchase"
"SIM-BIZ-001","Table & Chair Test Co 01 [SYNTHETIC]","Supplier","Furniture and tableware","Cape Town","Micro","SIM-BIZ-001-CAT-002","SIM-001-002","Clear Ghost Chair [SYNTHETIC]","Furniture and tableware","Each","QUANTITY","100","155","189.1","/simulation/catalogue/products/clear-ghost-chair.png","true","GENERATED_FOR_EVENTOS_SIMULATION","Simulator-only fixture; not available for real purchase"
"SIM-BIZ-001","Table & Chair Test Co 01 [SYNTHETIC]","Supplier","Furniture and tableware","Cape Town","Micro","SIM-BIZ-001-CAT-003","SIM-001-003","Black Cross-Back Chair [SYNTHETIC]","Furniture and tableware","Each","QUANTITY","100","202","246.44","/simulation/catalogue/products/black-cross-back-chair.png","true","GENERATED_FOR_EVENTOS_SIMULATION","Simulator-only fixture; not available for real purchase"
"SIM-BIZ-001","Table & Chair Test Co 01 [SYNTHETIC]","Supplier","Furniture and tableware","Cape Town","Micro","SIM-BIZ-001-CAT-004","SIM-001-004","Ivory Dining Chair [SYNTHETIC]","Furniture and tableware","Each","QUANTITY","100","249","303.78","/simulation/catalogue/gold-chiavari-chairs.png","true","GENERATED_FOR_EVENTOS_SIMULATION","Simulator-only fixture; not available for real purchase"
"SIM-BIZ-001","Table & Chair Test Co 01 [SYNTHETIC]","Supplier","Furniture and tableware","Cape Town","Micro","SIM-BIZ-001-CAT-005","SIM-001-005","White Folding Ceremony Chair [SYNTHETIC]","Furniture and tableware","Each","QUANTITY","100","296","361.12","/simulation/catalogue/gold-chiavari-chairs.png","true","GENERATED_FOR_EVENTOS_SIMULATION","Simulator-only fixture; not available for real purchase"
"SIM-BIZ-001","Table & Chair Test Co 01 [SYNTHETIC]","Supplier","Furniture and tableware","Cape Town","Micro","SIM-BIZ-001-CAT-006","SIM-001-006","Children's Event Chair [SYNTHETIC]","Furniture and tableware","Each","QUANTITY","100","343","418.46","/simulation/catalogue/gold-chiavari-chairs.png","true","GENERATED_FOR_EVENTOS_SIMULATION","Simulator-only fixture; not available for real purchase"
"SIM-BIZ-001","Table & Chair Test Co 01 [SYNTHETIC]","Supplier","Furniture and tableware","Cape Town","Micro","SIM-BIZ-001-CAT-007","SIM-001-007","Long Oak Banquet Table [SYNTHETIC]","Furniture and tableware","Each","QUANTITY","100","299","376.74","/simulation/catalogue/products/long-oak-banquet-table.png","true","GENERATED_FOR_EVENTOS_SIMULATION","Simulator-only fixture; not available for real purchase"
"SIM-BIZ-001","Table & Chair Test Co 01 [SYNTHETIC]","Supplier","Furniture and tableware","Cape Town","Micro","SIM-BIZ-001-CAT-008","SIM-001-008","Round Banquet Table [SYNTHETIC]","Furniture and tableware","Each","QUANTITY","100","346","435.96","/simulation/catalogue/products/round-banquet-table.png","true","GENERATED_FOR_EVENTOS_SIMULATION","Simulator-only fixture; not available for real purchase"
"SIM-BIZ-001","Table & Chair Test Co 01 [SYNTHETIC]","Supplier","Furniture and tableware","Cape Town","Micro","SIM-BIZ-001-CAT-009","SIM-001-009","Square Black Dining Table [SYNTHETIC]","Furniture and tableware","Each","QUANTITY","100","393","495.18","/simulation/catalogue/event-tables.png","true","GENERATED_FOR_EVENTOS_SIMULATION","Simulator-only fixture; not available for real purchase"
"SIM-BIZ-001","Table & Chair Test Co 01 [SYNTHETIC]","Supplier","Furniture and tableware","Cape Town","Micro","SIM-BIZ-001-CAT-010","SIM-001-010","Round Cocktail Table [SYNTHETIC]","Furniture and tableware","Each","QUANTITY","100","440","554.4","/simulation/catalogue/products/round-cocktail-table.png","true","GENERATED_FOR_EVENTOS_SIMULATION","Simulator-only fixture; not available for real purchase"
"SIM-BIZ-001","Table & Chair Test Co 01 [SYNTHETIC]","Supplier","Furniture and tableware","Cape Town","Micro","SIM-BIZ-001-CAT-011","SIM-001-011","Serpentine Feature Table [SYNTHETIC]","Furniture and tableware","Each","QUANTITY","100","487","613.62","/simulation/catalogue/event-tables.png","true","GENERATED_FOR_EVENTOS_SIMULATION","Simulator-only fixture; not available for real purchase"
"SIM-BIZ-001","Table & Chair Test Co 01 [SYNTHETIC]","Supplier","Furniture and tableware","Cape Town","Micro","SIM-BIZ-001-CAT-012","SIM-001-012","Children's Event Table [SYNTHETIC]","Furniture and tableware","Each","QUANTITY","100","534","672.84","/simulation/catalogue/event-tables.png","true","GENERATED_FOR_EVENTOS_SIMULATION","Simulator-only fixture; not available for real purchase"
"SIM-BIZ-001","Table & Chair Test Co 01 [SYNTHETIC]","Supplier","Furniture and tableware","Cape Town","Micro","SIM-BIZ-001-CAT-013","SIM-001-013","Ivory Gauze Table Runner [SYNTHETIC]","Furniture and tableware","Each","QUANTITY","100","490","637","/simulation/catalogue/products/ivory-gauze-table-runner.png","true","GENERATED_FOR_EVENTOS_SIMULATION","Simulator-only fixture; not available for real purchase"
"SIM-BIZ-001","Table & Chair Test Co 01 [SYNTHETIC]","Supplier","Furniture and tableware","Cape Town","Micro","SIM-BIZ-001-CAT-014","SIM-001-014","Sage Table Runner [SYNTHETIC]","Furniture and tableware","Each","QUANTITY","100","537","698.1","/simulation/catalogue/event-linens.png","true","GENERATED_FOR_EVENTOS_SIMULATION","Simulator-only fixture; not available for real purchase"
"SIM-BIZ-001","Table & Chair Test Co 01 [SYNTHETIC]","Supplier","Furniture and tableware","Cape Town","Micro","SIM-BIZ-001-CAT-015","SIM-001-015","Dusty Rose Table Runner [SYNTHETIC]","Furniture and tableware","Each","QUANTITY","100","584","759.2","/simulation/catalogue/event-linens.png","true","GENERATED_FOR_EVENTOS_SIMULATION","Simulator-only fixture; not available for real purchase"
"SIM-BIZ-001","Table & Chair Test Co 01 [SYNTHETIC]","Supplier","Furniture and tableware","Cape Town","Micro","SIM-BIZ-001-CAT-016","SIM-001-016","Charcoal Table Runner [SYNTHETIC]","Furniture and tableware","Each","QUANTITY","100","631","820.3","/simulation/catalogue/event-linens.png","true","GENERATED_FOR_EVENTOS_SIMULATION","Simulator-only fixture; not available for real purchase"
"SIM-BIZ-001","Table & Chair Test Co 01 [SYNTHETIC]","Supplier","Furniture and tableware","Cape Town","Micro","SIM-BIZ-001-CAT-017","SIM-001-017","Natural Linen Table Runner [SYNTHETIC]","Furniture and tableware","Each","QUANTITY","100","678","881.4","/simulation/catalogue/event-linens.png","true","GENERATED_FOR_EVENTOS_SIMULATION","Simulator-only fixture; not available for real purchase"
"SIM-BIZ-001","Table & Chair Test Co 01 [SYNTHETIC]","Supplier","Furniture and tableware","Cape Town","Micro","SIM-BIZ-001-CAT-018","SIM-001-018","Emerald Velvet Table Runner [SYNTHETIC]","Furniture and tableware","Each","QUANTITY","100","725","942.5","/simulation/catalogue/products/emerald-velvet-table-runner.png","true","GENERATED_FOR_EVENTOS_SIMULATION","Simulator-only fixture; not available for real purchase"
"SIM-BIZ-001","Table & Chair Test Co 01 [SYNTHETIC]","Supplier","Furniture and tableware","Cape Town","Micro","SIM-BIZ-001-CAT-019","SIM-001-019","Ivory Round Tablecloth [SYNTHETIC]","Furniture and tableware","Each","QUANTITY","100","772","1003.6","/simulation/catalogue/products/ivory-round-tablecloth.png","true","GENERATED_FOR_EVENTOS_SIMULATION","Simulator-only fixture; not available for real purchase"
"SIM-BIZ-001","Table & Chair Test Co 01 [SYNTHETIC]","Supplier","Furniture and tableware","Cape Town","Micro","SIM-BIZ-001-CAT-020","SIM-001-020","Natural Rectangular Tablecloth [SYNTHETIC]","Furniture and tableware","Each","QUANTITY","100","819","1064.7","/simulation/catalogue/event-linens.png","true","GENERATED_FOR_EVENTOS_SIMULATION","Simulator-only fixture; not available for real purchase"
"SIM-BIZ-001","Table & Chair Test Co 01 [SYNTHETIC]","Supplier","Furniture and tableware","Cape Town","Micro","SIM-BIZ-001-CAT-021","SIM-001-021","Ivory Napkin Set [SYNTHETIC]","Furniture and tableware","Each","QUANTITY","100","866","1125.8","/simulation/catalogue/event-linens.png","true","GENERATED_FOR_EVENTOS_SIMULATION","Simulator-only fixture; not available for real purchase"
"SIM-BIZ-001","Table & Chair Test Co 01 [SYNTHETIC]","Supplier","Furniture and tableware","Cape Town","Micro","SIM-BIZ-001-CAT-022","SIM-001-022","Sage Napkin Set [SYNTHETIC]","Furniture and tableware","Each","QUANTITY","100","913","1186.9","/simulation/catalogue/products/sage-napkin-set.png","true","GENERATED_FOR_EVENTOS_SIMULATION","Simulator-only fixture; not available for real purchase"
"SIM-BIZ-001","Table & Chair Test Co 01 [SYNTHETIC]","Supplier","Furniture and tableware","Cape Town","Micro","SIM-BIZ-001-CAT-023","SIM-001-023","Blush Napkin Set [SYNTHETIC]","Furniture and tableware","Each","QUANTITY","100","960","1248","/simulation/catalogue/event-linens.png","true","GENERATED_FOR_EVENTOS_SIMULATION","Simulator-only fixture; not available for real purchase"
"SIM-BIZ-001","Table & Chair Test Co 01 [SYNTHETIC]","Supplier","Furniture and tableware","Cape Town","Micro","SIM-BIZ-001-CAT-024","SIM-001-024","Charcoal Napkin Set [SYNTHETIC]","Furniture and tableware","Each","QUANTITY","100","1007","1309.1","/simulation/catalogue/event-linens.png","true","GENERATED_FOR_EVENTOS_SIMULATION","Simulator-only fixture; not available for real purchase"
"SIM-BIZ-001","Table & Chair Test Co 01 [SYNTHETIC]","Supplier","Furniture and tableware","Cape Town","Micro","SIM-BIZ-001-CAT-025","SIM-001-025","Gold Dinner Fork [SYNTHETIC]","Furniture and tableware","Each","QUANTITY","100","681","912.54","/simulation/catalogue/table-settings.png","true","GENERATED_FOR_EVENTOS_SIMULATION","Simulator-only fixture; not available for real purchase"
"SIM-BIZ-001","Table & Chair Test Co 01 [SYNTHETIC]","Supplier","Furniture and tableware","Cape Town","Micro","SIM-BIZ-001-CAT-026","SIM-001-026","Gold Dinner Knife [SYNTHETIC]","Furniture and tableware","Each","QUANTITY","100","728","975.52","/simulation/catalogue/table-settings.png","true","GENERATED_FOR_EVENTOS_SIMULATION","Simulator-only fixture; not available for real purchase"
"SIM-BIZ-001","Table & Chair Test Co 01 [SYNTHETIC]","Supplier","Furniture and tableware","Cape Town","Micro","SIM-BIZ-001-CAT-027","SIM-001-027","Gold Dinner Spoon [SYNTHETIC]","Furniture and tableware","Each","QUANTITY","100","775","1038.5","/simulation/catalogue/table-settings.png","true","GENERATED_FOR_EVENTOS_SIMULATION","Simulator-only fixture; not available for real purchase"
"SIM-BIZ-001","Table & Chair Test Co 01 [SYNTHETIC]","Supplier","Furniture and tableware","Cape Town","Micro","SIM-BIZ-001-CAT-028","SIM-001-028","Silver Dinner Fork [SYNTHETIC]","Furniture and tableware","Each","QUANTITY","100","822","1101.48","/simulation/catalogue/products/silver-dinner-fork.png","true","GENERATED_FOR_EVENTOS_SIMULATION","Simulator-only fixture; not available for real purchase"
"SIM-BIZ-001","Table & Chair Test Co 01 [SYNTHETIC]","Supplier","Furniture and tableware","Cape Town","Micro","SIM-BIZ-001-CAT-029","SIM-001-029","Silver Dinner Knife [SYNTHETIC]","Furniture and tableware","Each","QUANTITY","100","869","1164.46","/simulation/catalogue/table-settings.png","true","GENERATED_FOR_EVENTOS_SIMULATION","Simulator-only fixture; not available for real purchase"
"SIM-BIZ-001","Table & Chair Test Co 01 [SYNTHETIC]","Supplier","Furniture and tableware","Cape Town","Micro","SIM-BIZ-001-CAT-030","SIM-001-030","Silver Dinner Spoon [SYNTHETIC]","Furniture and tableware","Each","QUANTITY","100","916","1227.44","/simulation/catalogue/table-settings.png","true","GENERATED_FOR_EVENTOS_SIMULATION","Simulator-only fixture; not available for real purchase"
"SIM-BIZ-001","Table & Chair Test Co 01 [SYNTHETIC]","Supplier","Furniture and tableware","Cape Town","Micro","SIM-BIZ-001-CAT-031","SIM-001-031","Clear Glass Underplate [SYNTHETIC]","Furniture and tableware","Each","QUANTITY","100","963","1290.42","/simulation/catalogue/table-settings.png","true","GENERATED_FOR_EVENTOS_SIMULATION","Simulator-only fixture; not available for real purchase"
"SIM-BIZ-001","Table & Chair Test Co 01 [SYNTHETIC]","Supplier","Furniture and tableware","Cape Town","Micro","SIM-BIZ-001-CAT-032","SIM-001-032","Gold-Rim Underplate [SYNTHETIC]","Furniture and tableware","Each","QUANTITY","100","1010","1353.4","/simulation/catalogue/products/gold-rim-underplate.png","true","GENERATED_FOR_EVENTOS_SIMULATION","Simulator-only fixture; not available for real purchase"
"SIM-BIZ-001","Table & Chair Test Co 01 [SYNTHETIC]","Supplier","Furniture and tableware","Cape Town","Micro","SIM-BIZ-001-CAT-033","SIM-001-033","White Dinner Plate [SYNTHETIC]","Furniture and tableware","Each","QUANTITY","100","1057","1416.38","/simulation/catalogue/products/white-dinner-plate.png","true","GENERATED_FOR_EVENTOS_SIMULATION","Simulator-only fixture; not available for real purchase"
"SIM-BIZ-001","Table & Chair Test Co 01 [SYNTHETIC]","Supplier","Furniture and tableware","Cape Town","Micro","SIM-BIZ-001-CAT-034","SIM-001-034","White Side Plate [SYNTHETIC]","Furniture and tableware","Each","QUANTITY","100","1104","1479.36","/simulation/catalogue/table-settings.png","true","GENERATED_FOR_EVENTOS_SIMULATION","Simulator-only fixture; not available for real purchase"
"SIM-BIZ-001","Table & Chair Test Co 01 [SYNTHETIC]","Supplier","Furniture and tableware","Cape Town","Micro","SIM-BIZ-001-CAT-035","SIM-001-035","Ribbed Water Glass [SYNTHETIC]","Furniture and tableware","Each","QUANTITY","100","1151","1542.34","/simulation/catalogue/table-settings.png","true","GENERATED_FOR_EVENTOS_SIMULATION","Simulator-only fixture; not available for real purchase"
"SIM-BIZ-001","Table & Chair Test Co 01 [SYNTHETIC]","Supplier","Furniture and tableware","Cape Town","Micro","SIM-BIZ-001-CAT-036","SIM-001-036","Champagne Flute [SYNTHETIC]","Furniture and tableware","Each","QUANTITY","100","1198","1605.32","/simulation/catalogue/table-settings.png","true","GENERATED_FOR_EVENTOS_SIMULATION","Simulator-only fixture; not available for real purchase"
"SIM-BIZ-001","Table & Chair Test Co 01 [SYNTHETIC]","Supplier","Furniture and tableware","Cape Town","Micro","SIM-BIZ-001-CAT-037","SIM-001-037","Wine Glass [SYNTHETIC]","Furniture and tableware","Each","QUANTITY","100","1245","1668.3","/simulation/catalogue/products/wine-glass.png","true","GENERATED_FOR_EVENTOS_SIMULATION","Simulator-only fixture; not available for real purchase"
"SIM-BIZ-001","Table & Chair Test Co 01 [SYNTHETIC]","Supplier","Furniture and tableware","Cape Town","Micro","SIM-BIZ-001-CAT-038","SIM-001-038","Gold Napkin Ring [SYNTHETIC]","Furniture and tableware","Each","QUANTITY","100","1292","1731.28","/simulation/catalogue/table-settings.png","true","GENERATED_FOR_EVENTOS_SIMULATION","Simulator-only fixture; not available for real purchase"
"SIM-BIZ-001","Table & Chair Test Co 01 [SYNTHETIC]","Supplier","Furniture and tableware","Cape Town","Micro","SIM-BIZ-001-CAT-039","SIM-001-039","Clear Glass Candle Holder [SYNTHETIC]","Furniture and tableware","Each","QUANTITY","100","1339","1794.26","/simulation/catalogue/table-settings.png","true","GENERATED_FOR_EVENTOS_SIMULATION","Simulator-only fixture; not available for real purchase"
"SIM-BIZ-002","Table & Chair Test Co 02 [SYNTHETIC]","Supplier","Furniture and tableware","Johannesburg","Small","SIM-BIZ-002-CAT-001","SIM-002-001","Gold Chiavari Chair [SYNTHETIC]","Furniture and tableware","Each","QUANTITY","140","271.5","331.23","/simulation/catalogue/products/gold-chiavari-chair.png","true","GENERATED_FOR_EVENTOS_SIMULATION","Simulator-only fixture; not available for real purchase"
"SIM-BIZ-002","Table & Chair Test Co 02 [SYNTHETIC]","Supplier","Furniture and tableware","Johannesburg","Small","SIM-BIZ-002-CAT-002","SIM-002-002","Clear Ghost Chair [SYNTHETIC]","Furniture and tableware","Each","QUANTITY","140","342","417.24","/simulation/catalogue/products/clear-ghost-chair.png","true","GENERATED_FOR_EVENTOS_SIMULATION","Simulator-only fixture; not available for real purchase"
"SIM-BIZ-002","Table & Chair Test Co 02 [SYNTHETIC]","Supplier","Furniture and tableware","Johannesburg","Small","SIM-BIZ-002-CAT-003","SIM-002-003","Black Cross-Back Chair [SYNTHETIC]","Furniture and tableware","Each","QUANTITY","140","412.5","503.25","/simulation/catalogue/products/black-cross-back-chair.png","true","GENERATED_FOR_EVENTOS_SIMULATION","Simulator-only fixture; not available for real purchase"
"SIM-BIZ-002","Table & Chair Test Co 02 [SYNTHETIC]","Supplier","Furniture and tableware","Johannesburg","Small","SIM-BIZ-002-CAT-004","SIM-002-004","Ivory Dining Chair [SYNTHETIC]","Furniture and tableware","Each","QUANTITY","140","483","589.26","/simulation/catalogue/gold-chiavari-chairs.png","true","GENERATED_FOR_EVENTOS_SIMULATION","Simulator-only fixture; not available for real purchase"
"SIM-BIZ-002","Table & Chair Test Co 02 [SYNTHETIC]","Supplier","Furniture and tableware","Johannesburg","Small","SIM-BIZ-002-CAT-005","SIM-002-005","White Folding Ceremony Chair [SYNTHETIC]","Furniture and tableware","Each","QUANTITY","140","553.5","675.27","/simulation/catalogue/gold-chiavari-chairs.png","true","GENERATED_FOR_EVENTOS_SIMULATION","Simulator-only fixture; not available for real purchase"
"SIM-BIZ-002","Table & Chair Test Co 02 [SYNTHETIC]","Supplier","Furniture and tableware","Johannesburg","Small","SIM-BIZ-002-CAT-006","SIM-002-006","Children's Event Chair [SYNTHETIC]","Furniture and tableware","Each","QUANTITY","140","624","761.28","/simulation/catalogue/gold-chiavari-chairs.png","true","GENERATED_FOR_EVENTOS_SIMULATION","Simulator-only fixture; not available for real purchase"
"SIM-BIZ-002","Table & Chair Test Co 02 [SYNTHETIC]","Supplier","Furniture and tableware","Johannesburg","Small","SIM-BIZ-002-CAT-007","SIM-002-007","Long Oak Banquet Table [SYNTHETIC]","Furniture and tableware","Each","QUANTITY","140","558","703.08","/simulation/catalogue/products/long-oak-banquet-table.png","true","GENERATED_FOR_EVENTOS_SIMULATION","Simulator-only fixture; not available for real purchase"
"SIM-BIZ-002","Table & Chair Test Co 02 [SYNTHETIC]","Supplier","Furniture and tableware","Johannesburg","Small","SIM-BIZ-002-CAT-008","SIM-002-008","Round Banquet Table [SYNTHETIC]","Furniture and tableware","Each","QUANTITY","140","628.5","791.91","/simulation/catalogue/products/round-banquet-table.png","true","GENERATED_FOR_EVENTOS_SIMULATION","Simulator-only fixture; not available for real purchase"
"SIM-BIZ-002","Table & Chair Test Co 02 [SYNTHETIC]","Supplier","Furniture and tableware","Johannesburg","Small","SIM-BIZ-002-CAT-009","SIM-002-009","Square Black Dining Table [SYNTHETIC]","Furniture and tableware","Each","QUANTITY","140","699","880.74","/simulation/catalogue/event-tables.png","true","GENERATED_FOR_EVENTOS_SIMULATION","Simulator-only fixture; not available for real purchase"
"SIM-BIZ-002","Table & Chair Test Co 02 [SYNTHETIC]","Supplier","Furniture and tableware","Johannesburg","Small","SIM-BIZ-002-CAT-010","SIM-002-010","Round Cocktail Table [SYNTHETIC]","Furniture and tableware","Each","QUANTITY","140","769.5","969.57","/simulation/catalogue/products/round-cocktail-table.png","true","GENERATED_FOR_EVENTOS_SIMULATION","Simulator-only fixture; not available for real purchase"
"SIM-BIZ-002","Table & Chair Test Co 02 [SYNTHETIC]","Supplier","Furniture and tableware","Johannesburg","Small","SIM-BIZ-002-CAT-011","SIM-002-011","Serpentine Feature Table [SYNTHETIC]","Furniture and tableware","Each","QUANTITY","140","840","1058.4","/simulation/catalogue/event-tables.png","true","GENERATED_FOR_EVENTOS_SIMULATION","Simulator-only fixture; not available for real purchase"
"SIM-BIZ-002","Table & Chair Test Co 02 [SYNTHETIC]","Supplier","Furniture and tableware","Johannesburg","Small","SIM-BIZ-002-CAT-012","SIM-002-012","Children's Event Table [SYNTHETIC]","Furniture and tableware","Each","QUANTITY","140","910.5","1147.23","/simulation/catalogue/event-tables.png","true","GENERATED_FOR_EVENTOS_SIMULATION","Simulator-only fixture; not available for real purchase"
"SIM-BIZ-002","Table & Chair Test Co 02 [SYNTHETIC]","Supplier","Furniture and tableware","Johannesburg","Small","SIM-BIZ-002-CAT-013","SIM-002-013","Ivory Gauze Table Runner [SYNTHETIC]","Furniture and tableware","Each","QUANTITY","140","844.5","1097.85","/simulation/catalogue/products/ivory-gauze-table-runner.png","true","GENERATED_FOR_EVENTOS_SIMULATION","Simulator-only fixture; not available for real purchase"
"SIM-BIZ-002","Table & Chair Test Co 02 [SYNTHETIC]","Supplier","Furniture and tableware","Johannesburg","Small","SIM-BIZ-002-CAT-014","SIM-002-014","Sage Table Runner [SYNTHETIC]","Furniture and tableware","Each","QUANTITY","140","915","1189.5","/simulation/catalogue/event-linens.png","true","GENERATED_FOR_EVENTOS_SIMULATION","Simulator-only fixture; not available for real purchase"
"SIM-BIZ-002","Table & Chair Test Co 02 [SYNTHETIC]","Supplier","Furniture and tableware","Johannesburg","Small","SIM-BIZ-002-CAT-015","SIM-002-015","Dusty Rose Table Runner [SYNTHETIC]","Furniture and tableware","Each","QUANTITY","140","985.5","1281.15","/simulation/catalogue/event-linens.png","true","GENERATED_FOR_EVENTOS_SIMULATION","Simulator-only fixture; not available for real purchase"
"SIM-BIZ-002","Table & Chair Test Co 02 [SYNTHETIC]","Supplier","Furniture and tableware","Johannesburg","Small","SIM-BIZ-002-CAT-016","SIM-002-016","Charcoal Table Runner [SYNTHETIC]","Furniture and tableware","Each","QUANTITY","140","1056","1372.8","/simulation/catalogue/event-linens.png","true","GENERATED_FOR_EVENTOS_SIMULATION","Simulator-only fixture; not available for real purchase"
"SIM-BIZ-002","Table & Chair Test Co 02 [SYNTHETIC]","Supplier","Furniture and tableware","Johannesburg","Small","SIM-BIZ-002-CAT-017","SIM-002-017","Natural Linen Table Runner [SYNTHETIC]","Furniture and tableware","Each","QUANTITY","140","1126.5","1464.45","/simulation/catalogue/event-linens.png","true","GENERATED_FOR_EVENTOS_SIMULATION","Simulator-only fixture; not available for real purchase"
"SIM-BIZ-002","Table & Chair Test Co 02 [SYNTHETIC]","Supplier","Furniture and tableware","Johannesburg","Small","SIM-BIZ-002-CAT-018","SIM-002-018","Emerald Velvet Table Runner [SYNTHETIC]","Furniture and tableware","Each","QUANTITY","140","1197","1556.1","/simulation/catalogue/products/emerald-velvet-table-runner.png","true","GENERATED_FOR_EVENTOS_SIMULATION","Simulator-only fixture; not available for real purchase"
"SIM-BIZ-002","Table & Chair Test Co 02 [SYNTHETIC]","Supplier","Furniture and tableware","Johannesburg","Small","SIM-BIZ-002-CAT-019","SIM-002-019","Ivory Round Tablecloth [SYNTHETIC]","Furniture and tableware","Each","QUANTITY","140","1267.5","1647.75","/simulation/catalogue/products/ivory-round-tablecloth.png","true","GENERATED_FOR_EVENTOS_SIMULATION","Simulator-only fixture; not available for real purchase"
"SIM-BIZ-002","Table & Chair Test Co 02 [SYNTHETIC]","Supplier","Furniture and tableware","Johannesburg","Small","SIM-BIZ-002-CAT-020","SIM-002-020","Natural Rectangular Tablecloth [SYNTHETIC]","Furniture and tableware","Each","QUANTITY","140","1338","1739.4","/simulation/catalogue/event-linens.png","true","GENERATED_FOR_EVENTOS_SIMULATION","Simulator-only fixture; not available for real purchase"
"SIM-BIZ-002","Table & Chair Test Co 02 [SYNTHETIC]","Supplier","Furniture and tableware","Johannesburg","Small","SIM-BIZ-002-CAT-021","SIM-002-021","Ivory Napkin Set [SYNTHETIC]","Furniture and tableware","Each","QUANTITY","140","1408.5","1831.05","/simulation/catalogue/event-linens.png","true","GENERATED_FOR_EVENTOS_SIMULATION","Simulator-only fixture; not available for real purchase"
"SIM-BIZ-002","Table & Chair Test Co 02 [SYNTHETIC]","Supplier","Furniture and tableware","Johannesburg","Small","SIM-BIZ-002-CAT-022","SIM-002-022","Sage Napkin Set [SYNTHETIC]","Furniture and tableware","Each","QUANTITY","140","1479","1922.7","/simulation/catalogue/products/sage-napkin-set.png","true","GENERATED_FOR_EVENTOS_SIMULATION","Simulator-only fixture; not available for real purchase"
"SIM-BIZ-002","Table & Chair Test Co 02 [SYNTHETIC]","Supplier","Furniture and tableware","Johannesburg","Small","SIM-BIZ-002-CAT-023","SIM-002-023","Blush Napkin Set [SYNTHETIC]","Furniture and tableware","Each","QUANTITY","140","1549.5","2014.35","/simulation/catalogue/event-linens.png","true","GENERATED_FOR_EVENTOS_SIMULATION","Simulator-only fixture; not available for real purchase"
"SIM-BIZ-002","Table & Chair Test Co 02 [SYNTHETIC]","Supplier","Furniture and tableware","Johannesburg","Small","SIM-BIZ-002-CAT-024","SIM-002-024","Charcoal Napkin Set [SYNTHETIC]","Furniture and tableware","Each","QUANTITY","140","1620","2106","/simulation/catalogue/event-linens.png","true","GENERATED_FOR_EVENTOS_SIMULATION","Simulator-only fixture; not available for real purchase"
"SIM-BIZ-002","Table & Chair Test Co 02 [SYNTHETIC]","Supplier","Furniture and tableware","Johannesburg","Small","SIM-BIZ-002-CAT-025","SIM-002-025","Gold Dinner Fork [SYNTHETIC]","Furniture and tableware","Each","QUANTITY","140","1131","1515.54","/simulation/catalogue/table-settings.png","true","GENERATED_FOR_EVENTOS_SIMULATION","Simulator-only fixture; not available for real purchase"
"SIM-BIZ-002","Table & Chair Test Co 02 [SYNTHETIC]","Supplier","Furniture and tableware","Johannesburg","Small","SIM-BIZ-002-CAT-026","SIM-002-026","Gold Dinner Knife [SYNTHETIC]","Furniture and tableware","Each","QUANTITY","140","1201.5","1610.01","/simulation/catalogue/table-settings.png","true","GENERATED_FOR_EVENTOS_SIMULATION","Simulator-only fixture; not available for real purchase"
"SIM-BIZ-002","Table & Chair Test Co 02 [SYNTHETIC]","Supplier","Furniture and tableware","Johannesburg","Small","SIM-BIZ-002-CAT-027","SIM-002-027","Gold Dinner Spoon [SYNTHETIC]","Furniture and tableware","Each","QUANTITY","140","1272","1704.48","/simulation/catalogue/table-settings.png","true","GENERATED_FOR_EVENTOS_SIMULATION","Simulator-only fixture; not available for real purchase"
"SIM-BIZ-002","Table & Chair Test Co 02 [SYNTHETIC]","Supplier","Furniture and tableware","Johannesburg","Small","SIM-BIZ-002-CAT-028","SIM-002-028","Silver Dinner Fork [SYNTHETIC]","Furniture and tableware","Each","QUANTITY","140","1342.5","1798.95","/simulation/catalogue/products/silver-dinner-fork.png","true","GENERATED_FOR_EVENTOS_SIMULATION","Simulator-only fixture; not available for real purchase"
"SIM-BIZ-002","Table & Chair Test Co 02 [SYNTHETIC]","Supplier","Furniture and tableware","Johannesburg","Small","SIM-BIZ-002-CAT-029","SIM-002-029","Silver Dinner Knife [SYNTHETIC]","Furniture and tableware","Each","QUANTITY","140","1413","1893.42","/simulation/catalogue/table-settings.png","true","GENERATED_FOR_EVENTOS_SIMULATION","Simulator-only fixture; not available for real purchase"
"SIM-BIZ-002","Table & Chair Test Co 02 [SYNTHETIC]","Supplier","Furniture and tableware","Johannesburg","Small","SIM-BIZ-002-CAT-030","SIM-002-030","Silver Dinner Spoon [SYNTHETIC]","Furniture and tableware","Each","QUANTITY","140","1483.5","1987.89","/simulation/catalogue/table-settings.png","true","GENERATED_FOR_EVENTOS_SIMULATION","Simulator-only fixture; not available for real purchase"
"SIM-BIZ-002","Table & Chair Test Co 02 [SYNTHETIC]","Supplier","Furniture and tableware","Johannesburg","Small","SIM-BIZ-002-CAT-031","SIM-002-031","Clear Glass Underplate [SYNTHETIC]","Furniture and tableware","Each","QUANTITY","140","1554","2082.36","/simulation/catalogue/table-settings.png","true","GENERATED_FOR_EVENTOS_SIMULATION","Simulator-only fixture; not available for real purchase"
"SIM-BIZ-002","Table & Chair Test Co 02 [SYNTHETIC]","Supplier","Furniture and tableware","Johannesburg","Small","SIM-BIZ-002-CAT-032","SIM-002-032","Gold-Rim Underplate [SYNTHETIC]","Furniture and tableware","Each","QUANTITY","140","1624.5","2176.83","/simulation/catalogue/products/gold-rim-underplate.png","true","GENERATED_FOR_EVENTOS_SIMULATION","Simulator-only fixture; not available for real purchase"
"SIM-BIZ-002","Table & Chair Test Co 02 [SYNTHETIC]","Supplier","Furniture and tableware","Johannesburg","Small","SIM-BIZ-002-CAT-033","SIM-002-033","White Dinner Plate [SYNTHETIC]","Furniture and tableware","Each","QUANTITY","140","1695","2271.3","/simulation/catalogue/products/white-dinner-plate.png","true","GENERATED_FOR_EVENTOS_SIMULATION","Simulator-only fixture; not available for real purchase"
"SIM-BIZ-002","Table & Chair Test Co 02 [SYNTHETIC]","Supplier","Furniture and tableware","Johannesburg","Small","SIM-BIZ-002-CAT-034","SIM-002-034","White Side Plate [SYNTHETIC]","Furniture and tableware","Each","QUANTITY","140","1765.5","2365.77","/simulation/catalogue/table-settings.png","true","GENERATED_FOR_EVENTOS_SIMULATION","Simulator-only fixture; not available for real purchase"
"SIM-BIZ-002","Table & Chair Test Co 02 [SYNTHETIC]","Supplier","Furniture and tableware","Johannesburg","Small","SIM-BIZ-002-CAT-035","SIM-002-035","Ribbed Water Glass [SYNTHETIC]","Furniture and tableware","Each","QUANTITY","140","1836","2460.24","/simulation/catalogue/table-settings.png","true","GENERATED_FOR_EVENTOS_SIMULATION","Simulator-only fixture; not available for real purchase"
"SIM-BIZ-002","Table & Chair Test Co 02 [SYNTHETIC]","Supplier","Furniture and tableware","Johannesburg","Small","SIM-BIZ-002-CAT-036","SIM-002-036","Champagne Flute [SYNTHETIC]","Furniture and tableware","Each","QUANTITY","140","1906.5","2554.71","/simulation/catalogue/table-settings.png","true","GENERATED_FOR_EVENTOS_SIMULATION","Simulator-only fixture; not available for real purchase"
"SIM-BIZ-002","Table & Chair Test Co 02 [SYNTHETIC]","Supplier","Furniture and tableware","Johannesburg","Small","SIM-BIZ-002-CAT-037","SIM-002-037","Wine Glass [SYNTHETIC]","Furniture and tableware","Each","QUANTITY","140","1977","2649.18","/simulation/catalogue/products/wine-glass.png","true","GENERATED_FOR_EVENTOS_SIMULATION","Simulator-only fixture; not available for real purchase"
"SIM-BIZ-002","Table & Chair Test Co 02 [SYNTHETIC]","Supplier","Furniture and tableware","Johannesburg","Small","SIM-BIZ-002-CAT-038","SIM-002-038","Gold Napkin Ring [SYNTHETIC]","Furniture and tableware","Each","QUANTITY","140","2047.5","2743.65","/simulation/catalogue/table-settings.png","true","GENERATED_FOR_EVENTOS_SIMULATION","Simulator-only fixture; not available for real purchase"
"SIM-BIZ-002","Table & Chair Test Co 02 [SYNTHETIC]","Supplier","Furniture and tableware","Johannesburg","Small","SIM-BIZ-002-CAT-039","SIM-002-039","Clear Glass Candle Holder [SYNTHETIC]","Furniture and tableware","Each","QUANTITY","140","2118","2838.12","/simulation/catalogue/table-settings.png","true","GENERATED_FOR_EVENTOS_SIMULATION","Simulator-only fixture; not available for real purchase"
"SIM-BIZ-003","Table & Chair Test Co 03 [SYNTHETIC]","Supplier","Furniture and tableware","Pretoria","Medium","SIM-BIZ-003-CAT-001","SIM-003-001","Gold Chiavari Chair [SYNTHETIC]","Furniture and tableware","Each","QUANTITY","220","635","774.7","/simulation/catalogue/products/gold-chiavari-chair.png","true","GENERATED_FOR_EVENTOS_SIMULATION","Simulator-only fixture; not available for real purchase"
"SIM-BIZ-003","Table & Chair Test Co 03 [SYNTHETIC]","Supplier","Furniture and tableware","Pretoria","Medium","SIM-BIZ-003-CAT-002","SIM-003-002","Clear Ghost Chair [SYNTHETIC]","Furniture and tableware","Each","QUANTITY","220","752.5","918.05","/simulation/catalogue/products/clear-ghost-chair.png","true","GENERATED_FOR_EVENTOS_SIMULATION","Simulator-only fixture; not available for real purchase"
"SIM-BIZ-003","Table & Chair Test Co 03 [SYNTHETIC]","Supplier","Furniture and tableware","Pretoria","Medium","SIM-BIZ-003-CAT-003","SIM-003-003","Black Cross-Back Chair [SYNTHETIC]","Furniture and tableware","Each","QUANTITY","220","870","1061.4","/simulation/catalogue/products/black-cross-back-chair.png","true","GENERATED_FOR_EVENTOS_SIMULATION","Simulator-only fixture; not available for real purchase"
"SIM-BIZ-003","Table & Chair Test Co 03 [SYNTHETIC]","Supplier","Furniture and tableware","Pretoria","Medium","SIM-BIZ-003-CAT-004","SIM-003-004","Ivory Dining Chair [SYNTHETIC]","Furniture and tableware","Each","QUANTITY","220","987.5","1204.75","/simulation/catalogue/gold-chiavari-chairs.png","true","GENERATED_FOR_EVENTOS_SIMULATION","Simulator-only fixture; not available for real purchase"
"SIM-BIZ-003","Table & Chair Test Co 03 [SYNTHETIC]","Supplier","Furniture and tableware","Pretoria","Medium","SIM-BIZ-003-CAT-005","SIM-003-005","White Folding Ceremony Chair [SYNTHETIC]","Furniture and tableware","Each","QUANTITY","220","1105","1348.1","/simulation/catalogue/gold-chiavari-chairs.png","true","GENERATED_FOR_EVENTOS_SIMULATION","Simulator-only fixture; not available for real purchase"
"SIM-BIZ-003","Table & Chair Test Co 03 [SYNTHETIC]","Supplier","Furniture and tableware","Pretoria","Medium","SIM-BIZ-003-CAT-006","SIM-003-006","Children's Event Chair [SYNTHETIC]","Furniture and tableware","Each","QUANTITY","220","1222.5","1491.45","/simulation/catalogue/gold-chiavari-chairs.png","true","GENERATED_FOR_EVENTOS_SIMULATION","Simulator-only fixture; not available for real purchase"
"SIM-BIZ-003","Table & Chair Test Co 03 [SYNTHETIC]","Supplier","Furniture and tableware","Pretoria","Medium","SIM-BIZ-003-CAT-007","SIM-003-007","Long Oak Banquet Table [SYNTHETIC]","Furniture and tableware","Each","QUANTITY","220","1112.5","1401.75","/simulation/catalogue/products/long-oak-banquet-table.png","true","GENERATED_FOR_EVENTOS_SIMULATION","Simulator-only fixture; not available for real purchase"
"SIM-BIZ-003","Table & Chair Test Co 03 [SYNTHETIC]","Supplier","Furniture and tableware","Pretoria","Medium","SIM-BIZ-003-CAT-008","SIM-003-008","Round Banquet Table [SYNTHETIC]","Furniture and tableware","Each","QUANTITY","220","1230","1549.8","/simulation/catalogue/products/round-banquet-table.png","true","GENERATED_FOR_EVENTOS_SIMULATION","Simulator-only fixture; not available for real purchase"
"SIM-BIZ-003","Table & Chair Test Co 03 [SYNTHETIC]","Supplier","Furniture and tableware","Pretoria","Medium","SIM-BIZ-003-CAT-009","SIM-003-009","Square Black Dining Table [SYNTHETIC]","Furniture and tableware","Each","QUANTITY","220","1347.5","1697.85","/simulation/catalogue/event-tables.png","true","GENERATED_FOR_EVENTOS_SIMULATION","Simulator-only fixture; not available for real purchase"
"SIM-BIZ-003","Table & Chair Test Co 03 [SYNTHETIC]","Supplier","Furniture and tableware","Pretoria","Medium","SIM-BIZ-003-CAT-010","SIM-003-010","Round Cocktail Table [SYNTHETIC]","Furniture and tableware","Each","QUANTITY","220","1465","1845.9","/simulation/catalogue/products/round-cocktail-table.png","true","GENERATED_FOR_EVENTOS_SIMULATION","Simulator-only fixture; not available for real purchase"
"SIM-BIZ-003","Table & Chair Test Co 03 [SYNTHETIC]","Supplier","Furniture and tableware","Pretoria","Medium","SIM-BIZ-003-CAT-011","SIM-003-011","Serpentine Feature Table [SYNTHETIC]","Furniture and tableware","Each","QUANTITY","220","1582.5","1993.95","/simulation/catalogue/event-tables.png","true","GENERATED_FOR_EVENTOS_SIMULATION","Simulator-only fixture; not available for real purchase"
"SIM-BIZ-003","Table & Chair Test Co 03 [SYNTHETIC]","Supplier","Furniture and tableware","Pretoria","Medium","SIM-BIZ-003-CAT-012","SIM-003-012","Children's Event Table [SYNTHETIC]","Furniture and tableware","Each","QUANTITY","220","1700","2142","/simulation/catalogue/event-tables.png","true","GENERATED_FOR_EVENTOS_SIMULATION","Simulator-only fixture; not available for real purchase"
"SIM-BIZ-003","Table & Chair Test Co 03 [SYNTHETIC]","Supplier","Furniture and tableware","Pretoria","Medium","SIM-BIZ-003-CAT-013","SIM-003-013","Ivory Gauze Table Runner [SYNTHETIC]","Furniture and tableware","Each","QUANTITY","220","1590","2067","/simulation/catalogue/products/ivory-gauze-table-runner.png","true","GENERATED_FOR_EVENTOS_SIMULATION","Simulator-only fixture; not available for real purchase"
"SIM-BIZ-003","Table & Chair Test Co 03 [SYNTHETIC]","Supplier","Furniture and tableware","Pretoria","Medium","SIM-BIZ-003-CAT-014","SIM-003-014","Sage Table Runner [SYNTHETIC]","Furniture and tableware","Each","QUANTITY","220","1707.5","2219.75","/simulation/catalogue/event-linens.png","true","GENERATED_FOR_EVENTOS_SIMULATION","Simulator-only fixture; not available for real purchase"
"SIM-BIZ-003","Table & Chair Test Co 03 [SYNTHETIC]","Supplier","Furniture and tableware","Pretoria","Medium","SIM-BIZ-003-CAT-015","SIM-003-015","Dusty Rose Table Runner [SYNTHETIC]","Furniture and tableware","Each","QUANTITY","220","1825","2372.5","/simulation/catalogue/event-linens.png","true","GENERATED_FOR_EVENTOS_SIMULATION","Simulator-only fixture; not available for real purchase"
"SIM-BIZ-003","Table & Chair Test Co 03 [SYNTHETIC]","Supplier","Furniture and tableware","Pretoria","Medium","SIM-BIZ-003-CAT-016","SIM-003-016","Charcoal Table Runner [SYNTHETIC]","Furniture and tableware","Each","QUANTITY","220","1942.5","2525.25","/simulation/catalogue/event-linens.png","true","GENERATED_FOR_EVENTOS_SIMULATION","Simulator-only fixture; not available for real purchase"
"SIM-BIZ-003","Table & Chair Test Co 03 [SYNTHETIC]","Supplier","Furniture and tableware","Pretoria","Medium","SIM-BIZ-003-CAT-017","SIM-003-017","Natural Linen Table Runner [SYNTHETIC]","Furniture and tableware","Each","QUANTITY","220","2060","2678","/simulation/catalogue/event-linens.png","true","GENERATED_FOR_EVENTOS_SIMULATION","Simulator-only fixture; not available for real purchase"
"SIM-BIZ-003","Table & Chair Test Co 03 [SYNTHETIC]","Supplier","Furniture and tableware","Pretoria","Medium","SIM-BIZ-003-CAT-018","SIM-003-018","Emerald Velvet Table Runner [SYNTHETIC]","Furniture and tableware","Each","QUANTITY","220","2177.5","2830.75","/simulation/catalogue/products/emerald-velvet-table-runner.png","true","GENERATED_FOR_EVENTOS_SIMULATION","Simulator-only fixture; not available for real purchase"
"SIM-BIZ-003","Table & Chair Test Co 03 [SYNTHETIC]","Supplier","Furniture and tableware","Pretoria","Medium","SIM-BIZ-003-CAT-019","SIM-003-019","Ivory Round Tablecloth [SYNTHETIC]","Furniture and tableware","Each","QUANTITY","220","2295","2983.5","/simulation/catalogue/products/ivory-round-tablecloth.png","true","GENERATED_FOR_EVENTOS_SIMULATION","Simulator-only fixture; not available for real purchase"
"SIM-BIZ-003","Table & Chair Test Co 03 [SYNTHETIC]","Supplier","Furniture and tableware","Pretoria","Medium","SIM-BIZ-003-CAT-020","SIM-003-020","Natural Rectangular Tablecloth [SYNTHETIC]","Furniture and tableware","Each","QUANTITY","220","2412.5","3136.25","/simulation/catalogue/event-linens.png","true","GENERATED_FOR_EVENTOS_SIMULATION","Simulator-only fixture; not available for real purchase"
"SIM-BIZ-003","Table & Chair Test Co 03 [SYNTHETIC]","Supplier","Furniture and tableware","Pretoria","Medium","SIM-BIZ-003-CAT-021","SIM-003-021","Ivory Napkin Set [SYNTHETIC]","Furniture and tableware","Each","QUANTITY","220","2530","3289","/simulation/catalogue/event-linens.png","true","GENERATED_FOR_EVENTOS_SIMULATION","Simulator-only fixture; not available for real purchase"
"SIM-BIZ-003","Table & Chair Test Co 03 [SYNTHETIC]","Supplier","Furniture and tableware","Pretoria","Medium","SIM-BIZ-003-CAT-022","SIM-003-022","Sage Napkin Set [SYNTHETIC]","Furniture and tableware","Each","QUANTITY","220","2647.5","3441.75","/simulation/catalogue/products/sage-napkin-set.png","true","GENERATED_FOR_EVENTOS_SIMULATION","Simulator-only fixture; not available for real purchase"
"SIM-BIZ-003","Table & Chair Test Co 03 [SYNTHETIC]","Supplier","Furniture and tableware","Pretoria","Medium","SIM-BIZ-003-CAT-023","SIM-003-023","Blush Napkin Set [SYNTHETIC]","Furniture and tableware","Each","QUANTITY","220","2765","3594.5","/simulation/catalogue/event-linens.png","true","GENERATED_FOR_EVENTOS_SIMULATION","Simulator-only fixture; not available for real purchase"
"SIM-BIZ-003","Table & Chair Test Co 03 [SYNTHETIC]","Supplier","Furniture and tableware","Pretoria","Medium","SIM-BIZ-003-CAT-024","SIM-003-024","Charcoal Napkin Set [SYNTHETIC]","Furniture and tableware","Each","QUANTITY","220","2882.5","3747.25","/simulation/catalogue/event-linens.png","true","GENERATED_FOR_EVENTOS_SIMULATION","Simulator-only fixture; not available for real purchase"
"SIM-BIZ-003","Table & Chair Test Co 03 [SYNTHETIC]","Supplier","Furniture and tableware","Pretoria","Medium","SIM-BIZ-003-CAT-025","SIM-003-025","Gold Dinner Fork [SYNTHETIC]","Furniture and tableware","Each","QUANTITY","220","2067.5","2770.45","/simulation/catalogue/table-settings.png","true","GENERATED_FOR_EVENTOS_SIMULATION","Simulator-only fixture; not available for real purchase"
"SIM-BIZ-003","Table & Chair Test Co 03 [SYNTHETIC]","Supplier","Furniture and tableware","Pretoria","Medium","SIM-BIZ-003-CAT-026","SIM-003-026","Gold Dinner Knife [SYNTHETIC]","Furniture and tableware","Each","QUANTITY","220","2185","2927.9","/simulation/catalogue/table-settings.png","true","GENERATED_FOR_EVENTOS_SIMULATION","Simulator-only fixture; not available for real purchase"
"SIM-BIZ-003","Table & Chair Test Co 03 [SYNTHETIC]","Supplier","Furniture and tableware","Pretoria","Medium","SIM-BIZ-003-CAT-027","SIM-003-027","Gold Dinner Spoon [SYNTHETIC]","Furniture and tableware","Each","QUANTITY","220","2302.5","3085.35","/simulation/catalogue/table-settings.png","true","GENERATED_FOR_EVENTOS_SIMULATION","Simulator-only fixture; not available for real purchase"
"SIM-BIZ-003","Table & Chair Test Co 03 [SYNTHETIC]","Supplier","Furniture and tableware","Pretoria","Medium","SIM-BIZ-003-CAT-028","SIM-003-028","Silver Dinner Fork [SYNTHETIC]","Furniture and tableware","Each","QUANTITY","220","2420","3242.8","/simulation/catalogue/products/silver-dinner-fork.png","true","GENERATED_FOR_EVENTOS_SIMULATION","Simulator-only fixture; not available for real purchase"
"SIM-BIZ-003","Table & Chair Test Co 03 [SYNTHETIC]","Supplier","Furniture and tableware","Pretoria","Medium","SIM-BIZ-003-CAT-029","SIM-003-029","Silver Dinner Knife [SYNTHETIC]","Furniture and tableware","Each","QUANTITY","220","2537.5","3400.25","/simulation/catalogue/table-settings.png","true","GENERATED_FOR_EVENTOS_SIMULATION","Simulator-only fixture; not available for real purchase"
"SIM-BIZ-003","Table & Chair Test Co 03 [SYNTHETIC]","Supplier","Furniture and tableware","Pretoria","Medium","SIM-BIZ-003-CAT-030","SIM-003-030","Silver Dinner Spoon [SYNTHETIC]","Furniture and tableware","Each","QUANTITY","220","2655","3557.7","/simulation/catalogue/table-settings.png","true","GENERATED_FOR_EVENTOS_SIMULATION","Simulator-only fixture; not available for real purchase"
"SIM-BIZ-003","Table & Chair Test Co 03 [SYNTHETIC]","Supplier","Furniture and tableware","Pretoria","Medium","SIM-BIZ-003-CAT-031","SIM-003-031","Clear Glass Underplate [SYNTHETIC]","Furniture and tableware","Each","QUANTITY","220","2772.5","3715.15","/simulation/catalogue/table-settings.png","true","GENERATED_FOR_EVENTOS_SIMULATION","Simulator-only fixture; not available for real purchase"
"SIM-BIZ-003","Table & Chair Test Co 03 [SYNTHETIC]","Supplier","Furniture and tableware","Pretoria","Medium","SIM-BIZ-003-CAT-032","SIM-003-032","Gold-Rim Underplate [SYNTHETIC]","Furniture and tableware","Each","QUANTITY","220","2890","3872.6","/simulation/catalogue/products/gold-rim-underplate.png","true","GENERATED_FOR_EVENTOS_SIMULATION","Simulator-only fixture; not available for real purchase"
"SIM-BIZ-003","Table & Chair Test Co 03 [SYNTHETIC]","Supplier","Furniture and tableware","Pretoria","Medium","SIM-BIZ-003-CAT-033","SIM-003-033","White Dinner Plate [SYNTHETIC]","Furniture and tableware","Each","QUANTITY","220","3007.5","4030.05","/simulation/catalogue/products/white-dinner-plate.png","true","GENERATED_FOR_EVENTOS_SIMULATION","Simulator-only fixture; not available for real purchase"
"SIM-BIZ-003","Table & Chair Test Co 03 [SYNTHETIC]","Supplier","Furniture and tableware","Pretoria","Medium","SIM-BIZ-003-CAT-034","SIM-003-034","White Side Plate [SYNTHETIC]","Furniture and tableware","Each","QUANTITY","220","3125","4187.5","/simulation/catalogue/table-settings.png","true","GENERATED_FOR_EVENTOS_SIMULATION","Simulator-only fixture; not available for real purchase"
"SIM-BIZ-003","Table & Chair Test Co 03 [SYNTHETIC]","Supplier","Furniture and tableware","Pretoria","Medium","SIM-BIZ-003-CAT-035","SIM-003-035","Ribbed Water Glass [SYNTHETIC]","Furniture and tableware","Each","QUANTITY","220","3242.5","4344.95","/simulation/catalogue/table-settings.png","true","GENERATED_FOR_EVENTOS_SIMULATION","Simulator-only fixture; not available for real purchase"
"SIM-BIZ-003","Table & Chair Test Co 03 [SYNTHETIC]","Supplier","Furniture and tableware","Pretoria","Medium","SIM-BIZ-003-CAT-036","SIM-003-036","Champagne Flute [SYNTHETIC]","Furniture and tableware","Each","QUANTITY","220","3360","4502.4","/simulation/catalogue/table-settings.png","true","GENERATED_FOR_EVENTOS_SIMULATION","Simulator-only fixture; not available for real purchase"
"SIM-BIZ-003","Table & Chair Test Co 03 [SYNTHETIC]","Supplier","Furniture and tableware","Pretoria","Medium","SIM-BIZ-003-CAT-037","SIM-003-037","Wine Glass [SYNTHETIC]","Furniture and tableware","Each","QUANTITY","220","3477.5","4659.85","/simulation/catalogue/products/wine-glass.png","true","GENERATED_FOR_EVENTOS_SIMULATION","Simulator-only fixture; not available for real purchase"
"SIM-BIZ-003","Table & Chair Test Co 03 [SYNTHETIC]","Supplier","Furniture and tableware","Pretoria","Medium","SIM-BIZ-003-CAT-038","SIM-003-038","Gold Napkin Ring [SYNTHETIC]","Furniture and tableware","Each","QUANTITY","220","3595","4817.3","/simulation/catalogue/table-settings.png","true","GENERATED_FOR_EVENTOS_SIMULATION","Simulator-only fixture; not available for real purchase"
"SIM-BIZ-003","Table & Chair Test Co 03 [SYNTHETIC]","Supplier","Furniture and tableware","Pretoria","Medium","SIM-BIZ-003-CAT-039","SIM-003-039","Clear Glass Candle Holder [SYNTHETIC]","Furniture and tableware","Each","QUANTITY","220","3712.5","4974.75","/simulation/catalogue/table-settings.png","true","GENERATED_FOR_EVENTOS_SIMULATION","Simulator-only fixture; not available for real purchase"
"SIM-BIZ-004","Table & Chair Test Co 04 [SYNTHETIC]","Supplier","Furniture and tableware","Durban","Large","SIM-BIZ-004-CAT-001","SIM-004-001","Gold Chiavari Chair [SYNTHETIC]","Furniture and tableware","Each","QUANTITY","340","1308","1595.76","/simulation/catalogue/products/gold-chiavari-chair.png","true","GENERATED_FOR_EVENTOS_SIMULATION","Simulator-only fixture; not available for real purchase"
"SIM-BIZ-004","Table & Chair Test Co 04 [SYNTHETIC]","Supplier","Furniture and tableware","Durban","Large","SIM-BIZ-004-CAT-002","SIM-004-002","Clear Ghost Chair [SYNTHETIC]","Furniture and tableware","Each","QUANTITY","340","1496","1825.12","/simulation/catalogue/products/clear-ghost-chair.png","true","GENERATED_FOR_EVENTOS_SIMULATION","Simulator-only fixture; not available for real purchase"
"SIM-BIZ-004","Table & Chair Test Co 04 [SYNTHETIC]","Supplier","Furniture and tableware","Durban","Large","SIM-BIZ-004-CAT-003","SIM-004-003","Black Cross-Back Chair [SYNTHETIC]","Furniture and tableware","Each","QUANTITY","340","1684","2054.48","/simulation/catalogue/products/black-cross-back-chair.png","true","GENERATED_FOR_EVENTOS_SIMULATION","Simulator-only fixture; not available for real purchase"
"SIM-BIZ-004","Table & Chair Test Co 04 [SYNTHETIC]","Supplier","Furniture and tableware","Durban","Large","SIM-BIZ-004-CAT-004","SIM-004-004","Ivory Dining Chair [SYNTHETIC]","Furniture and tableware","Each","QUANTITY","340","1872","2283.84","/simulation/catalogue/gold-chiavari-chairs.png","true","GENERATED_FOR_EVENTOS_SIMULATION","Simulator-only fixture; not available for real purchase"
"SIM-BIZ-004","Table & Chair Test Co 04 [SYNTHETIC]","Supplier","Furniture and tableware","Durban","Large","SIM-BIZ-004-CAT-005","SIM-004-005","White Folding Ceremony Chair [SYNTHETIC]","Furniture and tableware","Each","QUANTITY","340","2060","2513.2","/simulation/catalogue/gold-chiavari-chairs.png","true","GENERATED_FOR_EVENTOS_SIMULATION","Simulator-only fixture; not available for real purchase"
"SIM-BIZ-004","Table & Chair Test Co 04 [SYNTHETIC]","Supplier","Furniture and tableware","Durban","Large","SIM-BIZ-004-CAT-006","SIM-004-006","Children's Event Chair [SYNTHETIC]","Furniture and tableware","Each","QUANTITY","340","2248","2742.56","/simulation/catalogue/gold-chiavari-chairs.png","true","GENERATED_FOR_EVENTOS_SIMULATION","Simulator-only fixture; not available for real purchase"
"SIM-BIZ-004","Table & Chair Test Co 04 [SYNTHETIC]","Supplier","Furniture and tableware","Durban","Large","SIM-BIZ-004-CAT-007","SIM-004-007","Long Oak Banquet Table [SYNTHETIC]","Furniture and tableware","Each","QUANTITY","340","2072","2610.72","/simulation/catalogue/products/long-oak-banquet-table.png","true","GENERATED_FOR_EVENTOS_SIMULATION","Simulator-only fixture; not available for real purchase"
"SIM-BIZ-004","Table & Chair Test Co 04 [SYNTHETIC]","Supplier","Furniture and tableware","Durban","Large","SIM-BIZ-004-CAT-008","SIM-004-008","Round Banquet Table [SYNTHETIC]","Furniture and tableware","Each","QUANTITY","340","2260","2847.6","/simulation/catalogue/products/round-banquet-table.png","true","GENERATED_FOR_EVENTOS_SIMULATION","Simulator-only fixture; not available for real purchase"
"SIM-BIZ-004","Table & Chair Test Co 04 [SYNTHETIC]","Supplier","Furniture and tableware","Durban","Large","SIM-BIZ-004-CAT-009","SIM-004-009","Square Black Dining Table [SYNTHETIC]","Furniture and tableware","Each","QUANTITY","340","2448","3084.48","/simulation/catalogue/event-tables.png","true","GENERATED_FOR_EVENTOS_SIMULATION","Simulator-only fixture; not available for real purchase"
"SIM-BIZ-004","Table & Chair Test Co 04 [SYNTHETIC]","Supplier","Furniture and tableware","Durban","Large","SIM-BIZ-004-CAT-010","SIM-004-010","Round Cocktail Table [SYNTHETIC]","Furniture and tableware","Each","QUANTITY","340","2636","3321.36","/simulation/catalogue/products/round-cocktail-table.png","true","GENERATED_FOR_EVENTOS_SIMULATION","Simulator-only fixture; not available for real purchase"
"SIM-BIZ-004","Table & Chair Test Co 04 [SYNTHETIC]","Supplier","Furniture and tableware","Durban","Large","SIM-BIZ-004-CAT-011","SIM-004-011","Serpentine Feature Table [SYNTHETIC]","Furniture and tableware","Each","QUANTITY","340","2824","3558.24","/simulation/catalogue/event-tables.png","true","GENERATED_FOR_EVENTOS_SIMULATION","Simulator-only fixture; not available for real purchase"
"SIM-BIZ-004","Table & Chair Test Co 04 [SYNTHETIC]","Supplier","Furniture and tableware","Durban","Large","SIM-BIZ-004-CAT-012","SIM-004-012","Children's Event Table [SYNTHETIC]","Furniture and tableware","Each","QUANTITY","340","3012","3795.12","/simulation/catalogue/event-tables.png","true","GENERATED_FOR_EVENTOS_SIMULATION","Simulator-only fixture; not available for real purchase"
"SIM-BIZ-004","Table & Chair Test Co 04 [SYNTHETIC]","Supplier","Furniture and tableware","Durban","Large","SIM-BIZ-004-CAT-013","SIM-004-013","Ivory Gauze Table Runner [SYNTHETIC]","Furniture and tableware","Each","QUANTITY","340","2836","3686.8","/simulation/catalogue/products/ivory-gauze-table-runner.png","true","GENERATED_FOR_EVENTOS_SIMULATION","Simulator-only fixture; not available for real purchase"
"SIM-BIZ-004","Table & Chair Test Co 04 [SYNTHETIC]","Supplier","Furniture and tableware","Durban","Large","SIM-BIZ-004-CAT-014","SIM-004-014","Sage Table Runner [SYNTHETIC]","Furniture and tableware","Each","QUANTITY","340","3024","3931.2","/simulation/catalogue/event-linens.png","true","GENERATED_FOR_EVENTOS_SIMULATION","Simulator-only fixture; not available for real purchase"
"SIM-BIZ-004","Table & Chair Test Co 04 [SYNTHETIC]","Supplier","Furniture and tableware","Durban","Large","SIM-BIZ-004-CAT-015","SIM-004-015","Dusty Rose Table Runner [SYNTHETIC]","Furniture and tableware","Each","QUANTITY","340","3212","4175.6","/simulation/catalogue/event-linens.png","true","GENERATED_FOR_EVENTOS_SIMULATION","Simulator-only fixture; not available for real purchase"
"SIM-BIZ-004","Table & Chair Test Co 04 [SYNTHETIC]","Supplier","Furniture and tableware","Durban","Large","SIM-BIZ-004-CAT-016","SIM-004-016","Charcoal Table Runner [SYNTHETIC]","Furniture and tableware","Each","QUANTITY","340","3400","4420","/simulation/catalogue/event-linens.png","true","GENERATED_FOR_EVENTOS_SIMULATION","Simulator-only fixture; not available for real purchase"
"SIM-BIZ-004","Table & Chair Test Co 04 [SYNTHETIC]","Supplier","Furniture and tableware","Durban","Large","SIM-BIZ-004-CAT-017","SIM-004-017","Natural Linen Table Runner [SYNTHETIC]","Furniture and tableware","Each","QUANTITY","340","3588","4664.4","/simulation/catalogue/event-linens.png","true","GENERATED_FOR_EVENTOS_SIMULATION","Simulator-only fixture; not available for real purchase"
"SIM-BIZ-004","Table & Chair Test Co 04 [SYNTHETIC]","Supplier","Furniture and tableware","Durban","Large","SIM-BIZ-004-CAT-018","SIM-004-018","Emerald Velvet Table Runner [SYNTHETIC]","Furniture and tableware","Each","QUANTITY","340","3776","4908.8","/simulation/catalogue/products/emerald-velvet-table-runner.png","true","GENERATED_FOR_EVENTOS_SIMULATION","Simulator-only fixture; not available for real purchase"
"SIM-BIZ-004","Table & Chair Test Co 04 [SYNTHETIC]","Supplier","Furniture and tableware","Durban","Large","SIM-BIZ-004-CAT-019","SIM-004-019","Ivory Round Tablecloth [SYNTHETIC]","Furniture and tableware","Each","QUANTITY","340","3964","5153.2","/simulation/catalogue/products/ivory-round-tablecloth.png","true","GENERATED_FOR_EVENTOS_SIMULATION","Simulator-only fixture; not available for real purchase"
"SIM-BIZ-004","Table & Chair Test Co 04 [SYNTHETIC]","Supplier","Furniture and tableware","Durban","Large","SIM-BIZ-004-CAT-020","SIM-004-020","Natural Rectangular Tablecloth [SYNTHETIC]","Furniture and tableware","Each","QUANTITY","340","4152","5397.6","/simulation/catalogue/event-linens.png","true","GENERATED_FOR_EVENTOS_SIMULATION","Simulator-only fixture; not available for real purchase"
"SIM-BIZ-004","Table & Chair Test Co 04 [SYNTHETIC]","Supplier","Furniture and tableware","Durban","Large","SIM-BIZ-004-CAT-021","SIM-004-021","Ivory Napkin Set [SYNTHETIC]","Furniture and tableware","Each","QUANTITY","340","4340","5642","/simulation/catalogue/event-linens.png","true","GENERATED_FOR_EVENTOS_SIMULATION","Simulator-only fixture; not available for real purchase"
"SIM-BIZ-004","Table & Chair Test Co 04 [SYNTHETIC]","Supplier","Furniture and tableware","Durban","Large","SIM-BIZ-004-CAT-022","SIM-004-022","Sage Napkin Set [SYNTHETIC]","Furniture and tableware","Each","QUANTITY","340","4528","5886.4","/simulation/catalogue/products/sage-napkin-set.png","true","GENERATED_FOR_EVENTOS_SIMULATION","Simulator-only fixture; not available for real purchase"
"SIM-BIZ-004","Table & Chair Test Co 04 [SYNTHETIC]","Supplier","Furniture and tableware","Durban","Large","SIM-BIZ-004-CAT-023","SIM-004-023","Blush Napkin Set [SYNTHETIC]","Furniture and tableware","Each","QUANTITY","340","4716","6130.8","/simulation/catalogue/event-linens.png","true","GENERATED_FOR_EVENTOS_SIMULATION","Simulator-only fixture; not available for real purchase"
"SIM-BIZ-004","Table & Chair Test Co 04 [SYNTHETIC]","Supplier","Furniture and tableware","Durban","Large","SIM-BIZ-004-CAT-024","SIM-004-024","Charcoal Napkin Set [SYNTHETIC]","Furniture and tableware","Each","QUANTITY","340","4904","6375.2","/simulation/catalogue/event-linens.png","true","GENERATED_FOR_EVENTOS_SIMULATION","Simulator-only fixture; not available for real purchase"
"SIM-BIZ-004","Table & Chair Test Co 04 [SYNTHETIC]","Supplier","Furniture and tableware","Durban","Large","SIM-BIZ-004-CAT-025","SIM-004-025","Gold Dinner Fork [SYNTHETIC]","Furniture and tableware","Each","QUANTITY","340","3600","4824","/simulation/catalogue/table-settings.png","true","GENERATED_FOR_EVENTOS_SIMULATION","Simulator-only fixture; not available for real purchase"
"SIM-BIZ-004","Table & Chair Test Co 04 [SYNTHETIC]","Supplier","Furniture and tableware","Durban","Large","SIM-BIZ-004-CAT-026","SIM-004-026","Gold Dinner Knife [SYNTHETIC]","Furniture and tableware","Each","QUANTITY","340","3788","5075.92","/simulation/catalogue/table-settings.png","true","GENERATED_FOR_EVENTOS_SIMULATION","Simulator-only fixture; not available for real purchase"
"SIM-BIZ-004","Table & Chair Test Co 04 [SYNTHETIC]","Supplier","Furniture and tableware","Durban","Large","SIM-BIZ-004-CAT-027","SIM-004-027","Gold Dinner Spoon [SYNTHETIC]","Furniture and tableware","Each","QUANTITY","340","3976","5327.84","/simulation/catalogue/table-settings.png","true","GENERATED_FOR_EVENTOS_SIMULATION","Simulator-only fixture; not available for real purchase"
"SIM-BIZ-004","Table & Chair Test Co 04 [SYNTHETIC]","Supplier","Furniture and tableware","Durban","Large","SIM-BIZ-004-CAT-028","SIM-004-028","Silver Dinner Fork [SYNTHETIC]","Furniture and tableware","Each","QUANTITY","340","4164","5579.76","/simulation/catalogue/products/silver-dinner-fork.png","true","GENERATED_FOR_EVENTOS_SIMULATION","Simulator-only fixture; not available for real purchase"
"SIM-BIZ-004","Table & Chair Test Co 04 [SYNTHETIC]","Supplier","Furniture and tableware","Durban","Large","SIM-BIZ-004-CAT-029","SIM-004-029","Silver Dinner Knife [SYNTHETIC]","Furniture and tableware","Each","QUANTITY","340","4352","5831.68","/simulation/catalogue/table-settings.png","true","GENERATED_FOR_EVENTOS_SIMULATION","Simulator-only fixture; not available for real purchase"
"SIM-BIZ-004","Table & Chair Test Co 04 [SYNTHETIC]","Supplier","Furniture and tableware","Durban","Large","SIM-BIZ-004-CAT-030","SIM-004-030","Silver Dinner Spoon [SYNTHETIC]","Furniture and tableware","Each","QUANTITY","340","4540","6083.6","/simulation/catalogue/table-settings.png","true","GENERATED_FOR_EVENTOS_SIMULATION","Simulator-only fixture; not available for real purchase"
"SIM-BIZ-004","Table & Chair Test Co 04 [SYNTHETIC]","Supplier","Furniture and tableware","Durban","Large","SIM-BIZ-004-CAT-031","SIM-004-031","Clear Glass Underplate [SYNTHETIC]","Furniture and tableware","Each","QUANTITY","340","4728","6335.52","/simulation/catalogue/table-settings.png","true","GENERATED_FOR_EVENTOS_SIMULATION","Simulator-only fixture; not available for real purchase"
"SIM-BIZ-004","Table & Chair Test Co 04 [SYNTHETIC]","Supplier","Furniture and tableware","Durban","Large","SIM-BIZ-004-CAT-032","SIM-004-032","Gold-Rim Underplate [SYNTHETIC]","Furniture and tableware","Each","QUANTITY","340","4916","6587.44","/simulation/catalogue/products/gold-rim-underplate.png","true","GENERATED_FOR_EVENTOS_SIMULATION","Simulator-only fixture; not available for real purchase"
"SIM-BIZ-004","Table & Chair Test Co 04 [SYNTHETIC]","Supplier","Furniture and tableware","Durban","Large","SIM-BIZ-004-CAT-033","SIM-004-033","White Dinner Plate [SYNTHETIC]","Furniture and tableware","Each","QUANTITY","340","5104","6839.36","/simulation/catalogue/products/white-dinner-plate.png","true","GENERATED_FOR_EVENTOS_SIMULATION","Simulator-only fixture; not available for real purchase"
"SIM-BIZ-004","Table & Chair Test Co 04 [SYNTHETIC]","Supplier","Furniture and tableware","Durban","Large","SIM-BIZ-004-CAT-034","SIM-004-034","White Side Plate [SYNTHETIC]","Furniture and tableware","Each","QUANTITY","340","5292","7091.28","/simulation/catalogue/table-settings.png","true","GENERATED_FOR_EVENTOS_SIMULATION","Simulator-only fixture; not available for real purchase"
"SIM-BIZ-004","Table & Chair Test Co 04 [SYNTHETIC]","Supplier","Furniture and tableware","Durban","Large","SIM-BIZ-004-CAT-035","SIM-004-035","Ribbed Water Glass [SYNTHETIC]","Furniture and tableware","Each","QUANTITY","340","5480","7343.2","/simulation/catalogue/table-settings.png","true","GENERATED_FOR_EVENTOS_SIMULATION","Simulator-only fixture; not available for real purchase"
"SIM-BIZ-004","Table & Chair Test Co 04 [SYNTHETIC]","Supplier","Furniture and tableware","Durban","Large","SIM-BIZ-004-CAT-036","SIM-004-036","Champagne Flute [SYNTHETIC]","Furniture and tableware","Each","QUANTITY","340","5668","7595.12","/simulation/catalogue/table-settings.png","true","GENERATED_FOR_EVENTOS_SIMULATION","Simulator-only fixture; not available for real purchase"
"SIM-BIZ-004","Table & Chair Test Co 04 [SYNTHETIC]","Supplier","Furniture and tableware","Durban","Large","SIM-BIZ-004-CAT-037","SIM-004-037","Wine Glass [SYNTHETIC]","Furniture and tableware","Each","QUANTITY","340","5856","7847.04","/simulation/catalogue/products/wine-glass.png","true","GENERATED_FOR_EVENTOS_SIMULATION","Simulator-only fixture; not available for real purchase"
"SIM-BIZ-004","Table & Chair Test Co 04 [SYNTHETIC]","Supplier","Furniture and tableware","Durban","Large","SIM-BIZ-004-CAT-038","SIM-004-038","Gold Napkin Ring [SYNTHETIC]","Furniture and tableware","Each","QUANTITY","340","6044","8098.96","/simulation/catalogue/table-settings.png","true","GENERATED_FOR_EVENTOS_SIMULATION","Simulator-only fixture; not available for real purchase"
"SIM-BIZ-004","Table & Chair Test Co 04 [SYNTHETIC]","Supplier","Furniture and tableware","Durban","Large","SIM-BIZ-004-CAT-039","SIM-004-039","Clear Glass Candle Holder [SYNTHETIC]","Furniture and tableware","Each","QUANTITY","340","6232","8350.88","/simulation/catalogue/table-settings.png","true","GENERATED_FOR_EVENTOS_SIMULATION","Simulator-only fixture; not available for real purchase"
"SIM-BIZ-005","Table & Chair Test Co 05 [SYNTHETIC]","Supplier","Furniture and tableware","Gqeberha","Micro","SIM-BIZ-005-CAT-001","SIM-005-001","Gold Chiavari Chair [SYNTHETIC]","Furniture and tableware","Each","QUANTITY","100","400","488","/simulation/catalogue/products/gold-chiavari-chair.png","true","GENERATED_FOR_EVENTOS_SIMULATION","Simulator-only fixture; not available for real purchase"
"SIM-BIZ-005","Table & Chair Test Co 05 [SYNTHETIC]","Supplier","Furniture and tableware","Gqeberha","Micro","SIM-BIZ-005-CAT-002","SIM-005-002","Clear Ghost Chair [SYNTHETIC]","Furniture and tableware","Each","QUANTITY","100","447","545.34","/simulation/catalogue/products/clear-ghost-chair.png","true","GENERATED_FOR_EVENTOS_SIMULATION","Simulator-only fixture; not available for real purchase"
"SIM-BIZ-005","Table & Chair Test Co 05 [SYNTHETIC]","Supplier","Furniture and tableware","Gqeberha","Micro","SIM-BIZ-005-CAT-003","SIM-005-003","Black Cross-Back Chair [SYNTHETIC]","Furniture and tableware","Each","QUANTITY","100","494","602.68","/simulation/catalogue/products/black-cross-back-chair.png","true","GENERATED_FOR_EVENTOS_SIMULATION","Simulator-only fixture; not available for real purchase"
"SIM-BIZ-005","Table & Chair Test Co 05 [SYNTHETIC]","Supplier","Furniture and tableware","Gqeberha","Micro","SIM-BIZ-005-CAT-004","SIM-005-004","Ivory Dining Chair [SYNTHETIC]","Furniture and tableware","Each","QUANTITY","100","541","660.02","/simulation/catalogue/gold-chiavari-chairs.png","true","GENERATED_FOR_EVENTOS_SIMULATION","Simulator-only fixture; not available for real purchase"
"SIM-BIZ-005","Table & Chair Test Co 05 [SYNTHETIC]","Supplier","Furniture and tableware","Gqeberha","Micro","SIM-BIZ-005-CAT-005","SIM-005-005","White Folding Ceremony Chair [SYNTHETIC]","Furniture and tableware","Each","QUANTITY","100","588","717.36","/simulation/catalogue/gold-chiavari-chairs.png","true","GENERATED_FOR_EVENTOS_SIMULATION","Simulator-only fixture; not available for real purchase"
"SIM-BIZ-005","Table & Chair Test Co 05 [SYNTHETIC]","Supplier","Furniture and tableware","Gqeberha","Micro","SIM-BIZ-005-CAT-006","SIM-005-006","Children's Event Chair [SYNTHETIC]","Furniture and tableware","Each","QUANTITY","100","635","774.7","/simulation/catalogue/gold-chiavari-chairs.png","true","GENERATED_FOR_EVENTOS_SIMULATION","Simulator-only fixture; not available for real purchase"
"SIM-BIZ-005","Table & Chair Test Co 05 [SYNTHETIC]","Supplier","Furniture and tableware","Gqeberha","Micro","SIM-BIZ-005-CAT-007","SIM-005-007","Long Oak Banquet Table [SYNTHETIC]","Furniture and tableware","Each","QUANTITY","100","591","744.66","/simulation/catalogue/products/long-oak-banquet-table.png","true","GENERATED_FOR_EVENTOS_SIMULATION","Simulator-only fixture; not available for real purchase"
"SIM-BIZ-005","Table & Chair Test Co 05 [SYNTHETIC]","Supplier","Furniture and tableware","Gqeberha","Micro","SIM-BIZ-005-CAT-008","SIM-005-008","Round Banquet Table [SYNTHETIC]","Furniture and tableware","Each","QUANTITY","100","638","803.88","/simulation/catalogue/products/round-banquet-table.png","true","GENERATED_FOR_EVENTOS_SIMULATION","Simulator-only fixture; not available for real purchase"
"SIM-BIZ-005","Table & Chair Test Co 05 [SYNTHETIC]","Supplier","Furniture and tableware","Gqeberha","Micro","SIM-BIZ-005-CAT-009","SIM-005-009","Square Black Dining Table [SYNTHETIC]","Furniture and tableware","Each","QUANTITY","100","685","863.1","/simulation/catalogue/event-tables.png","true","GENERATED_FOR_EVENTOS_SIMULATION","Simulator-only fixture; not available for real purchase"
"SIM-BIZ-005","Table & Chair Test Co 05 [SYNTHETIC]","Supplier","Furniture and tableware","Gqeberha","Micro","SIM-BIZ-005-CAT-010","SIM-005-010","Round Cocktail Table [SYNTHETIC]","Furniture and tableware","Each","QUANTITY","100","732","922.32","/simulation/catalogue/products/round-cocktail-table.png","true","GENERATED_FOR_EVENTOS_SIMULATION","Simulator-only fixture; not available for real purchase"
"SIM-BIZ-005","Table & Chair Test Co 05 [SYNTHETIC]","Supplier","Furniture and tableware","Gqeberha","Micro","SIM-BIZ-005-CAT-011","SIM-005-011","Serpentine Feature Table [SYNTHETIC]","Furniture and tableware","Each","QUANTITY","100","779","981.54","/simulation/catalogue/event-tables.png","true","GENERATED_FOR_EVENTOS_SIMULATION","Simulator-only fixture; not available for real purchase"
"SIM-BIZ-005","Table & Chair Test Co 05 [SYNTHETIC]","Supplier","Furniture and tableware","Gqeberha","Micro","SIM-BIZ-005-CAT-012","SIM-005-012","Children's Event Table [SYNTHETIC]","Furniture and tableware","Each","QUANTITY","100","826","1040.76","/simulation/catalogue/event-tables.png","true","GENERATED_FOR_EVENTOS_SIMULATION","Simulator-only fixture; not available for real purchase"
"SIM-BIZ-005","Table & Chair Test Co 05 [SYNTHETIC]","Supplier","Furniture and tableware","Gqeberha","Micro","SIM-BIZ-005-CAT-013","SIM-005-013","Ivory Gauze Table Runner [SYNTHETIC]","Furniture and tableware","Each","QUANTITY","100","782","1016.6","/simulation/catalogue/products/ivory-gauze-table-runner.png","true","GENERATED_FOR_EVENTOS_SIMULATION","Simulator-only fixture; not available for real purchase"
"SIM-BIZ-005","Table & Chair Test Co 05 [SYNTHETIC]","Supplier","Furniture and tableware","Gqeberha","Micro","SIM-BIZ-005-CAT-014","SIM-005-014","Sage Table Runner [SYNTHETIC]","Furniture and tableware","Each","QUANTITY","100","829","1077.7","/simulation/catalogue/event-linens.png","true","GENERATED_FOR_EVENTOS_SIMULATION","Simulator-only fixture; not available for real purchase"
"SIM-BIZ-005","Table & Chair Test Co 05 [SYNTHETIC]","Supplier","Furniture and tableware","Gqeberha","Micro","SIM-BIZ-005-CAT-015","SIM-005-015","Dusty Rose Table Runner [SYNTHETIC]","Furniture and tableware","Each","QUANTITY","100","876","1138.8","/simulation/catalogue/event-linens.png","true","GENERATED_FOR_EVENTOS_SIMULATION","Simulator-only fixture; not available for real purchase"
"SIM-BIZ-005","Table & Chair Test Co 05 [SYNTHETIC]","Supplier","Furniture and tableware","Gqeberha","Micro","SIM-BIZ-005-CAT-016","SIM-005-016","Charcoal Table Runner [SYNTHETIC]","Furniture and tableware","Each","QUANTITY","100","923","1199.9","/simulation/catalogue/event-linens.png","true","GENERATED_FOR_EVENTOS_SIMULATION","Simulator-only fixture; not available for real purchase"
"SIM-BIZ-005","Table & Chair Test Co 05 [SYNTHETIC]","Supplier","Furniture and tableware","Gqeberha","Micro","SIM-BIZ-005-CAT-017","SIM-005-017","Natural Linen Table Runner [SYNTHETIC]","Furniture and tableware","Each","QUANTITY","100","970","1261","/simulation/catalogue/event-linens.png","true","GENERATED_FOR_EVENTOS_SIMULATION","Simulator-only fixture; not available for real purchase"
"SIM-BIZ-005","Table & Chair Test Co 05 [SYNTHETIC]","Supplier","Furniture and tableware","Gqeberha","Micro","SIM-BIZ-005-CAT-018","SIM-005-018","Emerald Velvet Table Runner [SYNTHETIC]","Furniture and tableware","Each","QUANTITY","100","1017","1322.1","/simulation/catalogue/products/emerald-velvet-table-runner.png","true","GENERATED_FOR_EVENTOS_SIMULATION","Simulator-only fixture; not available for real purchase"
"SIM-BIZ-005","Table & Chair Test Co 05 [SYNTHETIC]","Supplier","Furniture and tableware","Gqeberha","Micro","SIM-BIZ-005-CAT-019","SIM-005-019","Ivory Round Tablecloth [SYNTHETIC]","Furniture and tableware","Each","QUANTITY","100","1064","1383.2","/simulation/catalogue/products/ivory-round-tablecloth.png","true","GENERATED_FOR_EVENTOS_SIMULATION","Simulator-only fixture; not available for real purchase"
"SIM-BIZ-005","Table & Chair Test Co 05 [SYNTHETIC]","Supplier","Furniture and tableware","Gqeberha","Micro","SIM-BIZ-005-CAT-020","SIM-005-020","Natural Rectangular Tablecloth [SYNTHETIC]","Furniture and tableware","Each","QUANTITY","100","1111","1444.3","/simulation/catalogue/event-linens.png","true","GENERATED_FOR_EVENTOS_SIMULATION","Simulator-only fixture; not available for real purchase"
"SIM-BIZ-005","Table & Chair Test Co 05 [SYNTHETIC]","Supplier","Furniture and tableware","Gqeberha","Micro","SIM-BIZ-005-CAT-021","SIM-005-021","Ivory Napkin Set [SYNTHETIC]","Furniture and tableware","Each","QUANTITY","100","1158","1505.4","/simulation/catalogue/event-linens.png","true","GENERATED_FOR_EVENTOS_SIMULATION","Simulator-only fixture; not available for real purchase"
"SIM-BIZ-005","Table & Chair Test Co 05 [SYNTHETIC]","Supplier","Furniture and tableware","Gqeberha","Micro","SIM-BIZ-005-CAT-022","SIM-005-022","Sage Napkin Set [SYNTHETIC]","Furniture and tableware","Each","QUANTITY","100","1205","1566.5","/simulation/catalogue/products/sage-napkin-set.png","true","GENERATED_FOR_EVENTOS_SIMULATION","Simulator-only fixture; not available for real purchase"
"SIM-BIZ-005","Table & Chair Test Co 05 [SYNTHETIC]","Supplier","Furniture and tableware","Gqeberha","Micro","SIM-BIZ-005-CAT-023","SIM-005-023","Blush Napkin Set [SYNTHETIC]","Furniture and tableware","Each","QUANTITY","100","1252","1627.6","/simulation/catalogue/event-linens.png","true","GENERATED_FOR_EVENTOS_SIMULATION","Simulator-only fixture; not available for real purchase"
"SIM-BIZ-005","Table & Chair Test Co 05 [SYNTHETIC]","Supplier","Furniture and tableware","Gqeberha","Micro","SIM-BIZ-005-CAT-024","SIM-005-024","Charcoal Napkin Set [SYNTHETIC]","Furniture and tableware","Each","QUANTITY","100","1299","1688.7","/simulation/catalogue/event-linens.png","true","GENERATED_FOR_EVENTOS_SIMULATION","Simulator-only fixture; not available for real purchase"
"SIM-BIZ-005","Table & Chair Test Co 05 [SYNTHETIC]","Supplier","Furniture and tableware","Gqeberha","Micro","SIM-BIZ-005-CAT-025","SIM-005-025","Gold Dinner Fork [SYNTHETIC]","Furniture and tableware","Each","QUANTITY","100","973","1303.82","/simulation/catalogue/table-settings.png","true","GENERATED_FOR_EVENTOS_SIMULATION","Simulator-only fixture; not available for real purchase"
"SIM-BIZ-005","Table & Chair Test Co 05 [SYNTHETIC]","Supplier","Furniture and tableware","Gqeberha","Micro","SIM-BIZ-005-CAT-026","SIM-005-026","Gold Dinner Knife [SYNTHETIC]","Furniture and tableware","Each","QUANTITY","100","1020","1366.8","/simulation/catalogue/table-settings.png","true","GENERATED_FOR_EVENTOS_SIMULATION","Simulator-only fixture; not available for real purchase"
"SIM-BIZ-005","Table & Chair Test Co 05 [SYNTHETIC]","Supplier","Furniture and tableware","Gqeberha","Micro","SIM-BIZ-005-CAT-027","SIM-005-027","Gold Dinner Spoon [SYNTHETIC]","Furniture and tableware","Each","QUANTITY","100","1067","1429.78","/simulation/catalogue/table-settings.png","true","GENERATED_FOR_EVENTOS_SIMULATION","Simulator-only fixture; not available for real purchase"
"SIM-BIZ-005","Table & Chair Test Co 05 [SYNTHETIC]","Supplier","Furniture and tableware","Gqeberha","Micro","SIM-BIZ-005-CAT-028","SIM-005-028","Silver Dinner Fork [SYNTHETIC]","Furniture and tableware","Each","QUANTITY","100","1114","1492.76","/simulation/catalogue/products/silver-dinner-fork.png","true","GENERATED_FOR_EVENTOS_SIMULATION","Simulator-only fixture; not available for real purchase"
"SIM-BIZ-005","Table & Chair Test Co 05 [SYNTHETIC]","Supplier","Furniture and tableware","Gqeberha","Micro","SIM-BIZ-005-CAT-029","SIM-005-029","Silver Dinner Knife [SYNTHETIC]","Furniture and tableware","Each","QUANTITY","100","1161","1555.74","/simulation/catalogue/table-settings.png","true","GENERATED_FOR_EVENTOS_SIMULATION","Simulator-only fixture; not available for real purchase"
"SIM-BIZ-005","Table & Chair Test Co 05 [SYNTHETIC]","Supplier","Furniture and tableware","Gqeberha","Micro","SIM-BIZ-005-CAT-030","SIM-005-030","Silver Dinner Spoon [SYNTHETIC]","Furniture and tableware","Each","QUANTITY","100","1208","1618.72","/simulation/catalogue/table-settings.png","true","GENERATED_FOR_EVENTOS_SIMULATION","Simulator-only fixture; not available for real purchase"
"SIM-BIZ-005","Table & Chair Test Co 05 [SYNTHETIC]","Supplier","Furniture and tableware","Gqeberha","Micro","SIM-BIZ-005-CAT-031","SIM-005-031","Clear Glass Underplate [SYNTHETIC]","Furniture and tableware","Each","QUANTITY","100","1255","1681.7","/simulation/catalogue/table-settings.png","true","GENERATED_FOR_EVENTOS_SIMULATION","Simulator-only fixture; not available for real purchase"
"SIM-BIZ-005","Table & Chair Test Co 05 [SYNTHETIC]","Supplier","Furniture and tableware","Gqeberha","Micro","SIM-BIZ-005-CAT-032","SIM-005-032","Gold-Rim Underplate [SYNTHETIC]","Furniture and tableware","Each","QUANTITY","100","1302","1744.68","/simulation/catalogue/products/gold-rim-underplate.png","true","GENERATED_FOR_EVENTOS_SIMULATION","Simulator-only fixture; not available for real purchase"
"SIM-BIZ-005","Table & Chair Test Co 05 [SYNTHETIC]","Supplier","Furniture and tableware","Gqeberha","Micro","SIM-BIZ-005-CAT-033","SIM-005-033","White Dinner Plate [SYNTHETIC]","Furniture and tableware","Each","QUANTITY","100","1349","1807.66","/simulation/catalogue/products/white-dinner-plate.png","true","GENERATED_FOR_EVENTOS_SIMULATION","Simulator-only fixture; not available for real purchase"
"SIM-BIZ-005","Table & Chair Test Co 05 [SYNTHETIC]","Supplier","Furniture and tableware","Gqeberha","Micro","SIM-BIZ-005-CAT-034","SIM-005-034","White Side Plate [SYNTHETIC]","Furniture and tableware","Each","QUANTITY","100","1396","1870.64","/simulation/catalogue/table-settings.png","true","GENERATED_FOR_EVENTOS_SIMULATION","Simulator-only fixture; not available for real purchase"
"SIM-BIZ-005","Table & Chair Test Co 05 [SYNTHETIC]","Supplier","Furniture and tableware","Gqeberha","Micro","SIM-BIZ-005-CAT-035","SIM-005-035","Ribbed Water Glass [SYNTHETIC]","Furniture and tableware","Each","QUANTITY","100","1443","1933.62","/simulation/catalogue/table-settings.png","true","GENERATED_FOR_EVENTOS_SIMULATION","Simulator-only fixture; not available for real purchase"
"SIM-BIZ-005","Table & Chair Test Co 05 [SYNTHETIC]","Supplier","Furniture and tableware","Gqeberha","Micro","SIM-BIZ-005-CAT-036","SIM-005-036","Champagne Flute [SYNTHETIC]","Furniture and tableware","Each","QUANTITY","100","1490","1996.6","/simulation/catalogue/table-settings.png","true","GENERATED_FOR_EVENTOS_SIMULATION","Simulator-only fixture; not available for real purchase"
"SIM-BIZ-005","Table & Chair Test Co 05 [SYNTHETIC]","Supplier","Furniture and tableware","Gqeberha","Micro","SIM-BIZ-005-CAT-037","SIM-005-037","Wine Glass [SYNTHETIC]","Furniture and tableware","Each","QUANTITY","100","1537","2059.58","/simulation/catalogue/products/wine-glass.png","true","GENERATED_FOR_EVENTOS_SIMULATION","Simulator-only fixture; not available for real purchase"
"SIM-BIZ-005","Table & Chair Test Co 05 [SYNTHETIC]","Supplier","Furniture and tableware","Gqeberha","Micro","SIM-BIZ-005-CAT-038","SIM-005-038","Gold Napkin Ring [SYNTHETIC]","Furniture and tableware","Each","QUANTITY","100","1584","2122.56","/simulation/catalogue/table-settings.png","true","GENERATED_FOR_EVENTOS_SIMULATION","Simulator-only fixture; not available for real purchase"
"SIM-BIZ-005","Table & Chair Test Co 05 [SYNTHETIC]","Supplier","Furniture and tableware","Gqeberha","Micro","SIM-BIZ-005-CAT-039","SIM-005-039","Clear Glass Candle Holder [SYNTHETIC]","Furniture and tableware","Each","QUANTITY","100","1631","2185.54","/simulation/catalogue/table-settings.png","true","GENERATED_FOR_EVENTOS_SIMULATION","Simulator-only fixture; not available for real purchase"
"SIM-BIZ-006","Table & Chair Test Co 06 [SYNTHETIC]","Supplier","Furniture and tableware","Cape Town","Small","SIM-BIZ-006-CAT-001","SIM-006-001","Gold Chiavari Chair [SYNTHETIC]","Furniture and tableware","Each","QUANTITY","140","709.5","865.59","/simulation/catalogue/products/gold-chiavari-chair.png","true","GENERATED_FOR_EVENTOS_SIMULATION","Simulator-only fixture; not available for real purchase"
"SIM-BIZ-006","Table & Chair Test Co 06 [SYNTHETIC]","Supplier","Furniture and tableware","Cape Town","Small","SIM-BIZ-006-CAT-002","SIM-006-002","Clear Ghost Chair [SYNTHETIC]","Furniture and tableware","Each","QUANTITY","140","780","951.6","/simulation/catalogue/products/clear-ghost-chair.png","true","GENERATED_FOR_EVENTOS_SIMULATION","Simulator-only fixture; not available for real purchase"
"SIM-BIZ-006","Table & Chair Test Co 06 [SYNTHETIC]","Supplier","Furniture and tableware","Cape Town","Small","SIM-BIZ-006-CAT-003","SIM-006-003","Black Cross-Back Chair [SYNTHETIC]","Furniture and tableware","Each","QUANTITY","140","850.5","1037.61","/simulation/catalogue/products/black-cross-back-chair.png","true","GENERATED_FOR_EVENTOS_SIMULATION","Simulator-only fixture; not available for real purchase"
"SIM-BIZ-006","Table & Chair Test Co 06 [SYNTHETIC]","Supplier","Furniture and tableware","Cape Town","Small","SIM-BIZ-006-CAT-004","SIM-006-004","Ivory Dining Chair [SYNTHETIC]","Furniture and tableware","Each","QUANTITY","140","921","1123.62","/simulation/catalogue/gold-chiavari-chairs.png","true","GENERATED_FOR_EVENTOS_SIMULATION","Simulator-only fixture; not available for real purchase"
"SIM-BIZ-006","Table & Chair Test Co 06 [SYNTHETIC]","Supplier","Furniture and tableware","Cape Town","Small","SIM-BIZ-006-CAT-005","SIM-006-005","White Folding Ceremony Chair [SYNTHETIC]","Furniture and tableware","Each","QUANTITY","140","991.5","1209.63","/simulation/catalogue/gold-chiavari-chairs.png","true","GENERATED_FOR_EVENTOS_SIMULATION","Simulator-only fixture; not available for real purchase"
"SIM-BIZ-006","Table & Chair Test Co 06 [SYNTHETIC]","Supplier","Furniture and tableware","Cape Town","Small","SIM-BIZ-006-CAT-006","SIM-006-006","Children's Event Chair [SYNTHETIC]","Furniture and tableware","Each","QUANTITY","140","1062","1295.64","/simulation/catalogue/gold-chiavari-chairs.png","true","GENERATED_FOR_EVENTOS_SIMULATION","Simulator-only fixture; not available for real purchase"
"SIM-BIZ-006","Table & Chair Test Co 06 [SYNTHETIC]","Supplier","Furniture and tableware","Cape Town","Small","SIM-BIZ-006-CAT-007","SIM-006-007","Long Oak Banquet Table [SYNTHETIC]","Furniture and tableware","Each","QUANTITY","140","996","1254.96","/simulation/catalogue/products/long-oak-banquet-table.png","true","GENERATED_FOR_EVENTOS_SIMULATION","Simulator-only fixture; not available for real purchase"
"SIM-BIZ-006","Table & Chair Test Co 06 [SYNTHETIC]","Supplier","Furniture and tableware","Cape Town","Small","SIM-BIZ-006-CAT-008","SIM-006-008","Round Banquet Table [SYNTHETIC]","Furniture and tableware","Each","QUANTITY","140","1066.5","1343.79","/simulation/catalogue/products/round-banquet-table.png","true","GENERATED_FOR_EVENTOS_SIMULATION","Simulator-only fixture; not available for real purchase"
"SIM-BIZ-006","Table & Chair Test Co 06 [SYNTHETIC]","Supplier","Furniture and tableware","Cape Town","Small","SIM-BIZ-006-CAT-009","SIM-006-009","Square Black Dining Table [SYNTHETIC]","Furniture and tableware","Each","QUANTITY","140","1137","1432.62","/simulation/catalogue/event-tables.png","true","GENERATED_FOR_EVENTOS_SIMULATION","Simulator-only fixture; not available for real purchase"
"SIM-BIZ-006","Table & Chair Test Co 06 [SYNTHETIC]","Supplier","Furniture and tableware","Cape Town","Small","SIM-BIZ-006-CAT-010","SIM-006-010","Round Cocktail Table [SYNTHETIC]","Furniture and tableware","Each","QUANTITY","140","1207.5","1521.45","/simulation/catalogue/products/round-cocktail-table.png","true","GENERATED_FOR_EVENTOS_SIMULATION","Simulator-only fixture; not available for real purchase"
"SIM-BIZ-006","Table & Chair Test Co 06 [SYNTHETIC]","Supplier","Furniture and tableware","Cape Town","Small","SIM-BIZ-006-CAT-011","SIM-006-011","Serpentine Feature Table [SYNTHETIC]","Furniture and tableware","Each","QUANTITY","140","1278","1610.28","/simulation/catalogue/event-tables.png","true","GENERATED_FOR_EVENTOS_SIMULATION","Simulator-only fixture; not available for real purchase"
"SIM-BIZ-006","Table & Chair Test Co 06 [SYNTHETIC]","Supplier","Furniture and tableware","Cape Town","Small","SIM-BIZ-006-CAT-012","SIM-006-012","Children's Event Table [SYNTHETIC]","Furniture and tableware","Each","QUANTITY","140","1348.5","1699.11","/simulation/catalogue/event-tables.png","true","GENERATED_FOR_EVENTOS_SIMULATION","Simulator-only fixture; not available for real purchase"
"SIM-BIZ-006","Table & Chair Test Co 06 [SYNTHETIC]","Supplier","Furniture and tableware","Cape Town","Small","SIM-BIZ-006-CAT-013","SIM-006-013","Ivory Gauze Table Runner [SYNTHETIC]","Furniture and tableware","Each","QUANTITY","140","1282.5","1667.25","/simulation/catalogue/products/ivory-gauze-table-runner.png","true","GENERATED_FOR_EVENTOS_SIMULATION","Simulator-only fixture; not available for real purchase"
"SIM-BIZ-006","Table & Chair Test Co 06 [SYNTHETIC]","Supplier","Furniture and tableware","Cape Town","Small","SIM-BIZ-006-CAT-014","SIM-006-014","Sage Table Runner [SYNTHETIC]","Furniture and tableware","Each","QUANTITY","140","1353","1758.9","/simulation/catalogue/event-linens.png","true","GENERATED_FOR_EVENTOS_SIMULATION","Simulator-only fixture; not available for real purchase"
"SIM-BIZ-006","Table & Chair Test Co 06 [SYNTHETIC]","Supplier","Furniture and tableware","Cape Town","Small","SIM-BIZ-006-CAT-015","SIM-006-015","Dusty Rose Table Runner [SYNTHETIC]","Furniture and tableware","Each","QUANTITY","140","1423.5","1850.55","/simulation/catalogue/event-linens.png","true","GENERATED_FOR_EVENTOS_SIMULATION","Simulator-only fixture; not available for real purchase"
"SIM-BIZ-006","Table & Chair Test Co 06 [SYNTHETIC]","Supplier","Furniture and tableware","Cape Town","Small","SIM-BIZ-006-CAT-016","SIM-006-016","Charcoal Table Runner [SYNTHETIC]","Furniture and tableware","Each","QUANTITY","140","1494","1942.2","/simulation/catalogue/event-linens.png","true","GENERATED_FOR_EVENTOS_SIMULATION","Simulator-only fixture; not available for real purchase"
"SIM-BIZ-006","Table & Chair Test Co 06 [SYNTHETIC]","Supplier","Furniture and tableware","Cape Town","Small","SIM-BIZ-006-CAT-017","SIM-006-017","Natural Linen Table Runner [SYNTHETIC]","Furniture and tableware","Each","QUANTITY","140","1564.5","2033.85","/simulation/catalogue/event-linens.png","true","GENERATED_FOR_EVENTOS_SIMULATION","Simulator-only fixture; not available for real purchase"
"SIM-BIZ-006","Table & Chair Test Co 06 [SYNTHETIC]","Supplier","Furniture and tableware","Cape Town","Small","SIM-BIZ-006-CAT-018","SIM-006-018","Emerald Velvet Table Runner [SYNTHETIC]","Furniture and tableware","Each","QUANTITY","140","1635","2125.5","/simulation/catalogue/products/emerald-velvet-table-runner.png","true","GENERATED_FOR_EVENTOS_SIMULATION","Simulator-only fixture; not available for real purchase"
"SIM-BIZ-006","Table & Chair Test Co 06 [SYNTHETIC]","Supplier","Furniture and tableware","Cape Town","Small","SIM-BIZ-006-CAT-019","SIM-006-019","Ivory Round Tablecloth [SYNTHETIC]","Furniture and tableware","Each","QUANTITY","140","1705.5","2217.15","/simulation/catalogue/products/ivory-round-tablecloth.png","true","GENERATED_FOR_EVENTOS_SIMULATION","Simulator-only fixture; not available for real purchase"
"SIM-BIZ-006","Table & Chair Test Co 06 [SYNTHETIC]","Supplier","Furniture and tableware","Cape Town","Small","SIM-BIZ-006-CAT-020","SIM-006-020","Natural Rectangular Tablecloth [SYNTHETIC]","Furniture and tableware","Each","QUANTITY","140","1776","2308.8","/simulation/catalogue/event-linens.png","true","GENERATED_FOR_EVENTOS_SIMULATION","Simulator-only fixture; not available for real purchase"
"SIM-BIZ-006","Table & Chair Test Co 06 [SYNTHETIC]","Supplier","Furniture and tableware","Cape Town","Small","SIM-BIZ-006-CAT-021","SIM-006-021","Ivory Napkin Set [SYNTHETIC]","Furniture and tableware","Each","QUANTITY","140","1846.5","2400.45","/simulation/catalogue/event-linens.png","true","GENERATED_FOR_EVENTOS_SIMULATION","Simulator-only fixture; not available for real purchase"
"SIM-BIZ-006","Table & Chair Test Co 06 [SYNTHETIC]","Supplier","Furniture and tableware","Cape Town","Small","SIM-BIZ-006-CAT-022","SIM-006-022","Sage Napkin Set [SYNTHETIC]","Furniture and tableware","Each","QUANTITY","140","1917","2492.1","/simulation/catalogue/products/sage-napkin-set.png","true","GENERATED_FOR_EVENTOS_SIMULATION","Simulator-only fixture; not available for real purchase"
"SIM-BIZ-006","Table & Chair Test Co 06 [SYNTHETIC]","Supplier","Furniture and tableware","Cape Town","Small","SIM-BIZ-006-CAT-023","SIM-006-023","Blush Napkin Set [SYNTHETIC]","Furniture and tableware","Each","QUANTITY","140","1987.5","2583.75","/simulation/catalogue/event-linens.png","true","GENERATED_FOR_EVENTOS_SIMULATION","Simulator-only fixture; not available for real purchase"
"SIM-BIZ-006","Table & Chair Test Co 06 [SYNTHETIC]","Supplier","Furniture and tableware","Cape Town","Small","SIM-BIZ-006-CAT-024","SIM-006-024","Charcoal Napkin Set [SYNTHETIC]","Furniture and tableware","Each","QUANTITY","140","2058","2675.4","/simulation/catalogue/event-linens.png","true","GENERATED_FOR_EVENTOS_SIMULATION","Simulator-only fixture; not available for real purchase"
"SIM-BIZ-006","Table & Chair Test Co 06 [SYNTHETIC]","Supplier","Furniture and tableware","Cape Town","Small","SIM-BIZ-006-CAT-025","SIM-006-025","Gold Dinner Fork [SYNTHETIC]","Furniture and tableware","Each","QUANTITY","140","1569","2102.46","/simulation/catalogue/table-settings.png","true","GENERATED_FOR_EVENTOS_SIMULATION","Simulator-only fixture; not available for real purchase"
"SIM-BIZ-006","Table & Chair Test Co 06 [SYNTHETIC]","Supplier","Furniture and tableware","Cape Town","Small","SIM-BIZ-006-CAT-026","SIM-006-026","Gold Dinner Knife [SYNTHETIC]","Furniture and tableware","Each","QUANTITY","140","1639.5","2196.93","/simulation/catalogue/table-settings.png","true","GENERATED_FOR_EVENTOS_SIMULATION","Simulator-only fixture; not available for real purchase"
"SIM-BIZ-006","Table & Chair Test Co 06 [SYNTHETIC]","Supplier","Furniture and tableware","Cape Town","Small","SIM-BIZ-006-CAT-027","SIM-006-027","Gold Dinner Spoon [SYNTHETIC]","Furniture and tableware","Each","QUANTITY","140","1710","2291.4","/simulation/catalogue/table-settings.png","true","GENERATED_FOR_EVENTOS_SIMULATION","Simulator-only fixture; not available for real purchase"
"SIM-BIZ-006","Table & Chair Test Co 06 [SYNTHETIC]","Supplier","Furniture and tableware","Cape Town","Small","SIM-BIZ-006-CAT-028","SIM-006-028","Silver Dinner Fork [SYNTHETIC]","Furniture and tableware","Each","QUANTITY","140","1780.5","2385.87","/simulation/catalogue/products/silver-dinner-fork.png","true","GENERATED_FOR_EVENTOS_SIMULATION","Simulator-only fixture; not available for real purchase"
"SIM-BIZ-006","Table & Chair Test Co 06 [SYNTHETIC]","Supplier","Furniture and tableware","Cape Town","Small","SIM-BIZ-006-CAT-029","SIM-006-029","Silver Dinner Knife [SYNTHETIC]","Furniture and tableware","Each","QUANTITY","140","1851","2480.34","/simulation/catalogue/table-settings.png","true","GENERATED_FOR_EVENTOS_SIMULATION","Simulator-only fixture; not available for real purchase"
"SIM-BIZ-006","Table & Chair Test Co 06 [SYNTHETIC]","Supplier","Furniture and tableware","Cape Town","Small","SIM-BIZ-006-CAT-030","SIM-006-030","Silver Dinner Spoon [SYNTHETIC]","Furniture and tableware","Each","QUANTITY","140","1921.5","2574.81","/simulation/catalogue/table-settings.png","true","GENERATED_FOR_EVENTOS_SIMULATION","Simulator-only fixture; not available for real purchase"
"SIM-BIZ-006","Table & Chair Test Co 06 [SYNTHETIC]","Supplier","Furniture and tableware","Cape Town","Small","SIM-BIZ-006-CAT-031","SIM-006-031","Clear Glass Underplate [SYNTHETIC]","Furniture and tableware","Each","QUANTITY","140","1992","2669.28","/simulation/catalogue/table-settings.png","true","GENERATED_FOR_EVENTOS_SIMULATION","Simulator-only fixture; not available for real purchase"
"SIM-BIZ-006","Table & Chair Test Co 06 [SYNTHETIC]","Supplier","Furniture and tableware","Cape Town","Small","SIM-BIZ-006-CAT-032","SIM-006-032","Gold-Rim Underplate [SYNTHETIC]","Furniture and tableware","Each","QUANTITY","140","2062.5","2763.75","/simulation/catalogue/products/gold-rim-underplate.png","true","GENERATED_FOR_EVENTOS_SIMULATION","Simulator-only fixture; not available for real purchase"
"SIM-BIZ-006","Table & Chair Test Co 06 [SYNTHETIC]","Supplier","Furniture and tableware","Cape Town","Small","SIM-BIZ-006-CAT-033","SIM-006-033","White Dinner Plate [SYNTHETIC]","Furniture and tableware","Each","QUANTITY","140","2133","2858.22","/simulation/catalogue/products/white-dinner-plate.png","true","GENERATED_FOR_EVENTOS_SIMULATION","Simulator-only fixture; not available for real purchase"
"SIM-BIZ-006","Table & Chair Test Co 06 [SYNTHETIC]","Supplier","Furniture and tableware","Cape Town","Small","SIM-BIZ-006-CAT-034","SIM-006-034","White Side Plate [SYNTHETIC]","Furniture and tableware","Each","QUANTITY","140","2203.5","2952.69","/simulation/catalogue/table-settings.png","true","GENERATED_FOR_EVENTOS_SIMULATION","Simulator-only fixture; not available for real purchase"
"SIM-BIZ-006","Table & Chair Test Co 06 [SYNTHETIC]","Supplier","Furniture and tableware","Cape Town","Small","SIM-BIZ-006-CAT-035","SIM-006-035","Ribbed Water Glass [SYNTHETIC]","Furniture and tableware","Each","QUANTITY","140","2274","3047.16","/simulation/catalogue/table-settings.png","true","GENERATED_FOR_EVENTOS_SIMULATION","Simulator-only fixture; not available for real purchase"
"SIM-BIZ-006","Table & Chair Test Co 06 [SYNTHETIC]","Supplier","Furniture and tableware","Cape Town","Small","SIM-BIZ-006-CAT-036","SIM-006-036","Champagne Flute [SYNTHETIC]","Furniture and tableware","Each","QUANTITY","140","2344.5","3141.63","/simulation/catalogue/table-settings.png","true","GENERATED_FOR_EVENTOS_SIMULATION","Simulator-only fixture; not available for real purchase"
"SIM-BIZ-006","Table & Chair Test Co 06 [SYNTHETIC]","Supplier","Furniture and tableware","Cape Town","Small","SIM-BIZ-006-CAT-037","SIM-006-037","Wine Glass [SYNTHETIC]","Furniture and tableware","Each","QUANTITY","140","2415","3236.1","/simulation/catalogue/products/wine-glass.png","true","GENERATED_FOR_EVENTOS_SIMULATION","Simulator-only fixture; not available for real purchase"
"SIM-BIZ-006","Table & Chair Test Co 06 [SYNTHETIC]","Supplier","Furniture and tableware","Cape Town","Small","SIM-BIZ-006-CAT-038","SIM-006-038","Gold Napkin Ring [SYNTHETIC]","Furniture and tableware","Each","QUANTITY","140","2485.5","3330.57","/simulation/catalogue/table-settings.png","true","GENERATED_FOR_EVENTOS_SIMULATION","Simulator-only fixture; not available for real purchase"
"SIM-BIZ-006","Table & Chair Test Co 06 [SYNTHETIC]","Supplier","Furniture and tableware","Cape Town","Small","SIM-BIZ-006-CAT-039","SIM-006-039","Clear Glass Candle Holder [SYNTHETIC]","Furniture and tableware","Each","QUANTITY","140","2556","3425.04","/simulation/catalogue/table-settings.png","true","GENERATED_FOR_EVENTOS_SIMULATION","Simulator-only fixture; not available for real purchase"
"SIM-BIZ-007","Table & Chair Test Co 07 [SYNTHETIC]","Supplier","Furniture and tableware","Johannesburg","Medium","SIM-BIZ-007-CAT-001","SIM-007-001","Gold Chiavari Chair [SYNTHETIC]","Furniture and tableware","Each","QUANTITY","220","1365","1665.3","/simulation/catalogue/products/gold-chiavari-chair.png","true","GENERATED_FOR_EVENTOS_SIMULATION","Simulator-only fixture; not available for real purchase"
"SIM-BIZ-007","Table & Chair Test Co 07 [SYNTHETIC]","Supplier","Furniture and tableware","Johannesburg","Medium","SIM-BIZ-007-CAT-002","SIM-007-002","Clear Ghost Chair [SYNTHETIC]","Furniture and tableware","Each","QUANTITY","220","1482.5","1808.65","/simulation/catalogue/products/clear-ghost-chair.png","true","GENERATED_FOR_EVENTOS_SIMULATION","Simulator-only fixture; not available for real purchase"
"SIM-BIZ-007","Table & Chair Test Co 07 [SYNTHETIC]","Supplier","Furniture and tableware","Johannesburg","Medium","SIM-BIZ-007-CAT-003","SIM-007-003","Black Cross-Back Chair [SYNTHETIC]","Furniture and tableware","Each","QUANTITY","220","1600","1952","/simulation/catalogue/products/black-cross-back-chair.png","true","GENERATED_FOR_EVENTOS_SIMULATION","Simulator-only fixture; not available for real purchase"
"SIM-BIZ-007","Table & Chair Test Co 07 [SYNTHETIC]","Supplier","Furniture and tableware","Johannesburg","Medium","SIM-BIZ-007-CAT-004","SIM-007-004","Ivory Dining Chair [SYNTHETIC]","Furniture and tableware","Each","QUANTITY","220","1717.5","2095.35","/simulation/catalogue/gold-chiavari-chairs.png","true","GENERATED_FOR_EVENTOS_SIMULATION","Simulator-only fixture; not available for real purchase"
"SIM-BIZ-007","Table & Chair Test Co 07 [SYNTHETIC]","Supplier","Furniture and tableware","Johannesburg","Medium","SIM-BIZ-007-CAT-005","SIM-007-005","White Folding Ceremony Chair [SYNTHETIC]","Furniture and tableware","Each","QUANTITY","220","1835","2238.7","/simulation/catalogue/gold-chiavari-chairs.png","true","GENERATED_FOR_EVENTOS_SIMULATION","Simulator-only fixture; not available for real purchase"
"SIM-BIZ-007","Table & Chair Test Co 07 [SYNTHETIC]","Supplier","Furniture and tableware","Johannesburg","Medium","SIM-BIZ-007-CAT-006","SIM-007-006","Children's Event Chair [SYNTHETIC]","Furniture and tableware","Each","QUANTITY","220","1952.5","2382.05","/simulation/catalogue/gold-chiavari-chairs.png","true","GENERATED_FOR_EVENTOS_SIMULATION","Simulator-only fixture; not available for real purchase"
"SIM-BIZ-007","Table & Chair Test Co 07 [SYNTHETIC]","Supplier","Furniture and tableware","Johannesburg","Medium","SIM-BIZ-007-CAT-007","SIM-007-007","Long Oak Banquet Table [SYNTHETIC]","Furniture and tableware","Each","QUANTITY","220","1842.5","2321.55","/simulation/catalogue/products/long-oak-banquet-table.png","true","GENERATED_FOR_EVENTOS_SIMULATION","Simulator-only fixture; not available for real purchase"
"SIM-BIZ-007","Table & Chair Test Co 07 [SYNTHETIC]","Supplier","Furniture and tableware","Johannesburg","Medium","SIM-BIZ-007-CAT-008","SIM-007-008","Round Banquet Table [SYNTHETIC]","Furniture and tableware","Each","QUANTITY","220","1960","2469.6","/simulation/catalogue/products/round-banquet-table.png","true","GENERATED_FOR_EVENTOS_SIMULATION","Simulator-only fixture; not available for real purchase"
"SIM-BIZ-007","Table & Chair Test Co 07 [SYNTHETIC]","Supplier","Furniture and tableware","Johannesburg","Medium","SIM-BIZ-007-CAT-009","SIM-007-009","Square Black Dining Table [SYNTHETIC]","Furniture and tableware","Each","QUANTITY","220","2077.5","2617.65","/simulation/catalogue/event-tables.png","true","GENERATED_FOR_EVENTOS_SIMULATION","Simulator-only fixture; not available for real purchase"
"SIM-BIZ-007","Table & Chair Test Co 07 [SYNTHETIC]","Supplier","Furniture and tableware","Johannesburg","Medium","SIM-BIZ-007-CAT-010","SIM-007-010","Round Cocktail Table [SYNTHETIC]","Furniture and tableware","Each","QUANTITY","220","2195","2765.7","/simulation/catalogue/products/round-cocktail-table.png","true","GENERATED_FOR_EVENTOS_SIMULATION","Simulator-only fixture; not available for real purchase"
"SIM-BIZ-007","Table & Chair Test Co 07 [SYNTHETIC]","Supplier","Furniture and tableware","Johannesburg","Medium","SIM-BIZ-007-CAT-011","SIM-007-011","Serpentine Feature Table [SYNTHETIC]","Furniture and tableware","Each","QUANTITY","220","2312.5","2913.75","/simulation/catalogue/event-tables.png","true","GENERATED_FOR_EVENTOS_SIMULATION","Simulator-only fixture; not available for real purchase"
"SIM-BIZ-007","Table & Chair Test Co 07 [SYNTHETIC]","Supplier","Furniture and tableware","Johannesburg","Medium","SIM-BIZ-007-CAT-012","SIM-007-012","Children's Event Table [SYNTHETIC]","Furniture and tableware","Each","QUANTITY","220","2430","3061.8","/simulation/catalogue/event-tables.png","true","GENERATED_FOR_EVENTOS_SIMULATION","Simulator-only fixture; not available for real purchase"
"SIM-BIZ-007","Table & Chair Test Co 07 [SYNTHETIC]","Supplier","Furniture and tableware","Johannesburg","Medium","SIM-BIZ-007-CAT-013","SIM-007-013","Ivory Gauze Table Runner [SYNTHETIC]","Furniture and tableware","Each","QUANTITY","220","2320","3016","/simulation/catalogue/products/ivory-gauze-table-runner.png","true","GENERATED_FOR_EVENTOS_SIMULATION","Simulator-only fixture; not available for real purchase"
"SIM-BIZ-007","Table & Chair Test Co 07 [SYNTHETIC]","Supplier","Furniture and tableware","Johannesburg","Medium","SIM-BIZ-007-CAT-014","SIM-007-014","Sage Table Runner [SYNTHETIC]","Furniture and tableware","Each","QUANTITY","220","2437.5","3168.75","/simulation/catalogue/event-linens.png","true","GENERATED_FOR_EVENTOS_SIMULATION","Simulator-only fixture; not available for real purchase"
"SIM-BIZ-007","Table & Chair Test Co 07 [SYNTHETIC]","Supplier","Furniture and tableware","Johannesburg","Medium","SIM-BIZ-007-CAT-015","SIM-007-015","Dusty Rose Table Runner [SYNTHETIC]","Furniture and tableware","Each","QUANTITY","220","2555","3321.5","/simulation/catalogue/event-linens.png","true","GENERATED_FOR_EVENTOS_SIMULATION","Simulator-only fixture; not available for real purchase"
"SIM-BIZ-007","Table & Chair Test Co 07 [SYNTHETIC]","Supplier","Furniture and tableware","Johannesburg","Medium","SIM-BIZ-007-CAT-016","SIM-007-016","Charcoal Table Runner [SYNTHETIC]","Furniture and tableware","Each","QUANTITY","220","2672.5","3474.25","/simulation/catalogue/event-linens.png","true","GENERATED_FOR_EVENTOS_SIMULATION","Simulator-only fixture; not available for real purchase"
"SIM-BIZ-007","Table & Chair Test Co 07 [SYNTHETIC]","Supplier","Furniture and tableware","Johannesburg","Medium","SIM-BIZ-007-CAT-017","SIM-007-017","Natural Linen Table Runner [SYNTHETIC]","Furniture and tableware","Each","QUANTITY","220","2790","3627","/simulation/catalogue/event-linens.png","true","GENERATED_FOR_EVENTOS_SIMULATION","Simulator-only fixture; not available for real purchase"
"SIM-BIZ-007","Table & Chair Test Co 07 [SYNTHETIC]","Supplier","Furniture and tableware","Johannesburg","Medium","SIM-BIZ-007-CAT-018","SIM-007-018","Emerald Velvet Table Runner [SYNTHETIC]","Furniture and tableware","Each","QUANTITY","220","2907.5","3779.75","/simulation/catalogue/products/emerald-velvet-table-runner.png","true","GENERATED_FOR_EVENTOS_SIMULATION","Simulator-only fixture; not available for real purchase"
"SIM-BIZ-007","Table & Chair Test Co 07 [SYNTHETIC]","Supplier","Furniture and tableware","Johannesburg","Medium","SIM-BIZ-007-CAT-019","SIM-007-019","Ivory Round Tablecloth [SYNTHETIC]","Furniture and tableware","Each","QUANTITY","220","3025","3932.5","/simulation/catalogue/products/ivory-round-tablecloth.png","true","GENERATED_FOR_EVENTOS_SIMULATION","Simulator-only fixture; not available for real purchase"
"SIM-BIZ-007","Table & Chair Test Co 07 [SYNTHETIC]","Supplier","Furniture and tableware","Johannesburg","Medium","SIM-BIZ-007-CAT-020","SIM-007-020","Natural Rectangular Tablecloth [SYNTHETIC]","Furniture and tableware","Each","QUANTITY","220","3142.5","4085.25","/simulation/catalogue/event-linens.png","true","GENERATED_FOR_EVENTOS_SIMULATION","Simulator-only fixture; not available for real purchase"
"SIM-BIZ-007","Table & Chair Test Co 07 [SYNTHETIC]","Supplier","Furniture and tableware","Johannesburg","Medium","SIM-BIZ-007-CAT-021","SIM-007-021","Ivory Napkin Set [SYNTHETIC]","Furniture and tableware","Each","QUANTITY","220","3260","4238","/simulation/catalogue/event-linens.png","true","GENERATED_FOR_EVENTOS_SIMULATION","Simulator-only fixture; not available for real purchase"
"SIM-BIZ-007","Table & Chair Test Co 07 [SYNTHETIC]","Supplier","Furniture and tableware","Johannesburg","Medium","SIM-BIZ-007-CAT-022","SIM-007-022","Sage Napkin Set [SYNTHETIC]","Furniture and tableware","Each","QUANTITY","220","3377.5","4390.75","/simulation/catalogue/products/sage-napkin-set.png","true","GENERATED_FOR_EVENTOS_SIMULATION","Simulator-only fixture; not available for real purchase"
"SIM-BIZ-007","Table & Chair Test Co 07 [SYNTHETIC]","Supplier","Furniture and tableware","Johannesburg","Medium","SIM-BIZ-007-CAT-023","SIM-007-023","Blush Napkin Set [SYNTHETIC]","Furniture and tableware","Each","QUANTITY","220","3495","4543.5","/simulation/catalogue/event-linens.png","true","GENERATED_FOR_EVENTOS_SIMULATION","Simulator-only fixture; not available for real purchase"
"SIM-BIZ-007","Table & Chair Test Co 07 [SYNTHETIC]","Supplier","Furniture and tableware","Johannesburg","Medium","SIM-BIZ-007-CAT-024","SIM-007-024","Charcoal Napkin Set [SYNTHETIC]","Furniture and tableware","Each","QUANTITY","220","3612.5","4696.25","/simulation/catalogue/event-linens.png","true","GENERATED_FOR_EVENTOS_SIMULATION","Simulator-only fixture; not available for real purchase"
"SIM-BIZ-007","Table & Chair Test Co 07 [SYNTHETIC]","Supplier","Furniture and tableware","Johannesburg","Medium","SIM-BIZ-007-CAT-025","SIM-007-025","Gold Dinner Fork [SYNTHETIC]","Furniture and tableware","Each","QUANTITY","220","2797.5","3748.65","/simulation/catalogue/table-settings.png","true","GENERATED_FOR_EVENTOS_SIMULATION","Simulator-only fixture; not available for real purchase"
"SIM-BIZ-007","Table & Chair Test Co 07 [SYNTHETIC]","Supplier","Furniture and tableware","Johannesburg","Medium","SIM-BIZ-007-CAT-026","SIM-007-026","Gold Dinner Knife [SYNTHETIC]","Furniture and tableware","Each","QUANTITY","220","2915","3906.1","/simulation/catalogue/table-settings.png","true","GENERATED_FOR_EVENTOS_SIMULATION","Simulator-only fixture; not available for real purchase"
"SIM-BIZ-007","Table & Chair Test Co 07 [SYNTHETIC]","Supplier","Furniture and tableware","Johannesburg","Medium","SIM-BIZ-007-CAT-027","SIM-007-027","Gold Dinner Spoon [SYNTHETIC]","Furniture and tableware","Each","QUANTITY","220","3032.5","4063.55","/simulation/catalogue/table-settings.png","true","GENERATED_FOR_EVENTOS_SIMULATION","Simulator-only fixture; not available for real purchase"
"SIM-BIZ-007","Table & Chair Test Co 07 [SYNTHETIC]","Supplier","Furniture and tableware","Johannesburg","Medium","SIM-BIZ-007-CAT-028","SIM-007-028","Silver Dinner Fork [SYNTHETIC]","Furniture and tableware","Each","QUANTITY","220","3150","4221","/simulation/catalogue/products/silver-dinner-fork.png","true","GENERATED_FOR_EVENTOS_SIMULATION","Simulator-only fixture; not available for real purchase"
"SIM-BIZ-007","Table & Chair Test Co 07 [SYNTHETIC]","Supplier","Furniture and tableware","Johannesburg","Medium","SIM-BIZ-007-CAT-029","SIM-007-029","Silver Dinner Knife [SYNTHETIC]","Furniture and tableware","Each","QUANTITY","220","3267.5","4378.45","/simulation/catalogue/table-settings.png","true","GENERATED_FOR_EVENTOS_SIMULATION","Simulator-only fixture; not available for real purchase"
"SIM-BIZ-007","Table & Chair Test Co 07 [SYNTHETIC]","Supplier","Furniture and tableware","Johannesburg","Medium","SIM-BIZ-007-CAT-030","SIM-007-030","Silver Dinner Spoon [SYNTHETIC]","Furniture and tableware","Each","QUANTITY","220","3385","4535.9","/simulation/catalogue/table-settings.png","true","GENERATED_FOR_EVENTOS_SIMULATION","Simulator-only fixture; not available for real purchase"
"SIM-BIZ-007","Table & Chair Test Co 07 [SYNTHETIC]","Supplier","Furniture and tableware","Johannesburg","Medium","SIM-BIZ-007-CAT-031","SIM-007-031","Clear Glass Underplate [SYNTHETIC]","Furniture and tableware","Each","QUANTITY","220","3502.5","4693.35","/simulation/catalogue/table-settings.png","true","GENERATED_FOR_EVENTOS_SIMULATION","Simulator-only fixture; not available for real purchase"
"SIM-BIZ-007","Table & Chair Test Co 07 [SYNTHETIC]","Supplier","Furniture and tableware","Johannesburg","Medium","SIM-BIZ-007-CAT-032","SIM-007-032","Gold-Rim Underplate [SYNTHETIC]","Furniture and tableware","Each","QUANTITY","220","3620","4850.8","/simulation/catalogue/products/gold-rim-underplate.png","true","GENERATED_FOR_EVENTOS_SIMULATION","Simulator-only fixture; not available for real purchase"
"SIM-BIZ-007","Table & Chair Test Co 07 [SYNTHETIC]","Supplier","Furniture and tableware","Johannesburg","Medium","SIM-BIZ-007-CAT-033","SIM-007-033","White Dinner Plate [SYNTHETIC]","Furniture and tableware","Each","QUANTITY","220","3737.5","5008.25","/simulation/catalogue/products/white-dinner-plate.png","true","GENERATED_FOR_EVENTOS_SIMULATION","Simulator-only fixture; not available for real purchase"
"SIM-BIZ-007","Table & Chair Test Co 07 [SYNTHETIC]","Supplier","Furniture and tableware","Johannesburg","Medium","SIM-BIZ-007-CAT-034","SIM-007-034","White Side Plate [SYNTHETIC]","Furniture and tableware","Each","QUANTITY","220","3855","5165.7","/simulation/catalogue/table-settings.png","true","GENERATED_FOR_EVENTOS_SIMULATION","Simulator-only fixture; not available for real purchase"
"SIM-BIZ-007","Table & Chair Test Co 07 [SYNTHETIC]","Supplier","Furniture and tableware","Johannesburg","Medium","SIM-BIZ-007-CAT-035","SIM-007-035","Ribbed Water Glass [SYNTHETIC]","Furniture and tableware","Each","QUANTITY","220","3972.5","5323.15","/simulation/catalogue/table-settings.png","true","GENERATED_FOR_EVENTOS_SIMULATION","Simulator-only fixture; not available for real purchase"
"SIM-BIZ-007","Table & Chair Test Co 07 [SYNTHETIC]","Supplier","Furniture and tableware","Johannesburg","Medium","SIM-BIZ-007-CAT-036","SIM-007-036","Champagne Flute [SYNTHETIC]","Furniture and tableware","Each","QUANTITY","220","4090","5480.6","/simulation/catalogue/table-settings.png","true","GENERATED_FOR_EVENTOS_SIMULATION","Simulator-only fixture; not available for real purchase"
"SIM-BIZ-007","Table & Chair Test Co 07 [SYNTHETIC]","Supplier","Furniture and tableware","Johannesburg","Medium","SIM-BIZ-007-CAT-037","SIM-007-037","Wine Glass [SYNTHETIC]","Furniture and tableware","Each","QUANTITY","220","4207.5","5638.05","/simulation/catalogue/products/wine-glass.png","true","GENERATED_FOR_EVENTOS_SIMULATION","Simulator-only fixture; not available for real purchase"
"SIM-BIZ-007","Table & Chair Test Co 07 [SYNTHETIC]","Supplier","Furniture and tableware","Johannesburg","Medium","SIM-BIZ-007-CAT-038","SIM-007-038","Gold Napkin Ring [SYNTHETIC]","Furniture and tableware","Each","QUANTITY","220","4325","5795.5","/simulation/catalogue/table-settings.png","true","GENERATED_FOR_EVENTOS_SIMULATION","Simulator-only fixture; not available for real purchase"
"SIM-BIZ-007","Table & Chair Test Co 07 [SYNTHETIC]","Supplier","Furniture and tableware","Johannesburg","Medium","SIM-BIZ-007-CAT-039","SIM-007-039","Clear Glass Candle Holder [SYNTHETIC]","Furniture and tableware","Each","QUANTITY","220","4442.5","5952.95","/simulation/catalogue/table-settings.png","true","GENERATED_FOR_EVENTOS_SIMULATION","Simulator-only fixture; not available for real purchase"
"SIM-BIZ-008","Table & Chair Test Co 08 [SYNTHETIC]","Supplier","Furniture and tableware","Pretoria","Large","SIM-BIZ-008-CAT-001","SIM-008-001","Gold Chiavari Chair [SYNTHETIC]","Furniture and tableware","Each","QUANTITY","340","2476","3020.72","/simulation/catalogue/products/gold-chiavari-chair.png","true","GENERATED_FOR_EVENTOS_SIMULATION","Simulator-only fixture; not available for real purchase"
"SIM-BIZ-008","Table & Chair Test Co 08 [SYNTHETIC]","Supplier","Furniture and tableware","Pretoria","Large","SIM-BIZ-008-CAT-002","SIM-008-002","Clear Ghost Chair [SYNTHETIC]","Furniture and tableware","Each","QUANTITY","340","2664","3250.08","/simulation/catalogue/products/clear-ghost-chair.png","true","GENERATED_FOR_EVENTOS_SIMULATION","Simulator-only fixture; not available for real purchase"
"SIM-BIZ-008","Table & Chair Test Co 08 [SYNTHETIC]","Supplier","Furniture and tableware","Pretoria","Large","SIM-BIZ-008-CAT-003","SIM-008-003","Black Cross-Back Chair [SYNTHETIC]","Furniture and tableware","Each","QUANTITY","340","2852","3479.44","/simulation/catalogue/products/black-cross-back-chair.png","true","GENERATED_FOR_EVENTOS_SIMULATION","Simulator-only fixture; not available for real purchase"
"SIM-BIZ-008","Table & Chair Test Co 08 [SYNTHETIC]","Supplier","Furniture and tableware","Pretoria","Large","SIM-BIZ-008-CAT-004","SIM-008-004","Ivory Dining Chair [SYNTHETIC]","Furniture and tableware","Each","QUANTITY","340","3040","3708.8","/simulation/catalogue/gold-chiavari-chairs.png","true","GENERATED_FOR_EVENTOS_SIMULATION","Simulator-only fixture; not available for real purchase"
"SIM-BIZ-008","Table & Chair Test Co 08 [SYNTHETIC]","Supplier","Furniture and tableware","Pretoria","Large","SIM-BIZ-008-CAT-005","SIM-008-005","White Folding Ceremony Chair [SYNTHETIC]","Furniture and tableware","Each","QUANTITY","340","3228","3938.16","/simulation/catalogue/gold-chiavari-chairs.png","true","GENERATED_FOR_EVENTOS_SIMULATION","Simulator-only fixture; not available for real purchase"
"SIM-BIZ-008","Table & Chair Test Co 08 [SYNTHETIC]","Supplier","Furniture and tableware","Pretoria","Large","SIM-BIZ-008-CAT-006","SIM-008-006","Children's Event Chair [SYNTHETIC]","Furniture and tableware","Each","QUANTITY","340","3416","4167.52","/simulation/catalogue/gold-chiavari-chairs.png","true","GENERATED_FOR_EVENTOS_SIMULATION","Simulator-only fixture; not available for real purchase"
"SIM-BIZ-008","Table & Chair Test Co 08 [SYNTHETIC]","Supplier","Furniture and tableware","Pretoria","Large","SIM-BIZ-008-CAT-007","SIM-008-007","Long Oak Banquet Table [SYNTHETIC]","Furniture and tableware","Each","QUANTITY","340","3240","4082.4","/simulation/catalogue/products/long-oak-banquet-table.png","true","GENERATED_FOR_EVENTOS_SIMULATION","Simulator-only fixture; not available for real purchase"
"SIM-BIZ-008","Table & Chair Test Co 08 [SYNTHETIC]","Supplier","Furniture and tableware","Pretoria","Large","SIM-BIZ-008-CAT-008","SIM-008-008","Round Banquet Table [SYNTHETIC]","Furniture and tableware","Each","QUANTITY","340","3428","4319.28","/simulation/catalogue/products/round-banquet-table.png","true","GENERATED_FOR_EVENTOS_SIMULATION","Simulator-only fixture; not available for real purchase"
"SIM-BIZ-008","Table & Chair Test Co 08 [SYNTHETIC]","Supplier","Furniture and tableware","Pretoria","Large","SIM-BIZ-008-CAT-009","SIM-008-009","Square Black Dining Table [SYNTHETIC]","Furniture and tableware","Each","QUANTITY","340","3616","4556.16","/simulation/catalogue/event-tables.png","true","GENERATED_FOR_EVENTOS_SIMULATION","Simulator-only fixture; not available for real purchase"
"SIM-BIZ-008","Table & Chair Test Co 08 [SYNTHETIC]","Supplier","Furniture and tableware","Pretoria","Large","SIM-BIZ-008-CAT-010","SIM-008-010","Round Cocktail Table [SYNTHETIC]","Furniture and tableware","Each","QUANTITY","340","3804","4793.04","/simulation/catalogue/products/round-cocktail-table.png","true","GENERATED_FOR_EVENTOS_SIMULATION","Simulator-only fixture; not available for real purchase"
"SIM-BIZ-008","Table & Chair Test Co 08 [SYNTHETIC]","Supplier","Furniture and tableware","Pretoria","Large","SIM-BIZ-008-CAT-011","SIM-008-011","Serpentine Feature Table [SYNTHETIC]","Furniture and tableware","Each","QUANTITY","340","3992","5029.92","/simulation/catalogue/event-tables.png","true","GENERATED_FOR_EVENTOS_SIMULATION","Simulator-only fixture; not available for real purchase"
"SIM-BIZ-008","Table & Chair Test Co 08 [SYNTHETIC]","Supplier","Furniture and tableware","Pretoria","Large","SIM-BIZ-008-CAT-012","SIM-008-012","Children's Event Table [SYNTHETIC]","Furniture and tableware","Each","QUANTITY","340","4180","5266.8","/simulation/catalogue/event-tables.png","true","GENERATED_FOR_EVENTOS_SIMULATION","Simulator-only fixture; not available for real purchase"
"SIM-BIZ-008","Table & Chair Test Co 08 [SYNTHETIC]","Supplier","Furniture and tableware","Pretoria","Large","SIM-BIZ-008-CAT-013","SIM-008-013","Ivory Gauze Table Runner [SYNTHETIC]","Furniture and tableware","Each","QUANTITY","340","4004","5205.2","/simulation/catalogue/products/ivory-gauze-table-runner.png","true","GENERATED_FOR_EVENTOS_SIMULATION","Simulator-only fixture; not available for real purchase"
"SIM-BIZ-008","Table & Chair Test Co 08 [SYNTHETIC]","Supplier","Furniture and tableware","Pretoria","Large","SIM-BIZ-008-CAT-014","SIM-008-014","Sage Table Runner [SYNTHETIC]","Furniture and tableware","Each","QUANTITY","340","4192","5449.6","/simulation/catalogue/event-linens.png","true","GENERATED_FOR_EVENTOS_SIMULATION","Simulator-only fixture; not available for real purchase"
"SIM-BIZ-008","Table & Chair Test Co 08 [SYNTHETIC]","Supplier","Furniture and tableware","Pretoria","Large","SIM-BIZ-008-CAT-015","SIM-008-015","Dusty Rose Table Runner [SYNTHETIC]","Furniture and tableware","Each","QUANTITY","340","4380","5694","/simulation/catalogue/event-linens.png","true","GENERATED_FOR_EVENTOS_SIMULATION","Simulator-only fixture; not available for real purchase"
"SIM-BIZ-008","Table & Chair Test Co 08 [SYNTHETIC]","Supplier","Furniture and tableware","Pretoria","Large","SIM-BIZ-008-CAT-016","SIM-008-016","Charcoal Table Runner [SYNTHETIC]","Furniture and tableware","Each","QUANTITY","340","4568","5938.4","/simulation/catalogue/event-linens.png","true","GENERATED_FOR_EVENTOS_SIMULATION","Simulator-only fixture; not available for real purchase"
"SIM-BIZ-008","Table & Chair Test Co 08 [SYNTHETIC]","Supplier","Furniture and tableware","Pretoria","Large","SIM-BIZ-008-CAT-017","SIM-008-017","Natural Linen Table Runner [SYNTHETIC]","Furniture and tableware","Each","QUANTITY","340","4756","6182.8","/simulation/catalogue/event-linens.png","true","GENERATED_FOR_EVENTOS_SIMULATION","Simulator-only fixture; not available for real purchase"
"SIM-BIZ-008","Table & Chair Test Co 08 [SYNTHETIC]","Supplier","Furniture and tableware","Pretoria","Large","SIM-BIZ-008-CAT-018","SIM-008-018","Emerald Velvet Table Runner [SYNTHETIC]","Furniture and tableware","Each","QUANTITY","340","4944","6427.2","/simulation/catalogue/products/emerald-velvet-table-runner.png","true","GENERATED_FOR_EVENTOS_SIMULATION","Simulator-only fixture; not available for real purchase"
"SIM-BIZ-008","Table & Chair Test Co 08 [SYNTHETIC]","Supplier","Furniture and tableware","Pretoria","Large","SIM-BIZ-008-CAT-019","SIM-008-019","Ivory Round Tablecloth [SYNTHETIC]","Furniture and tableware","Each","QUANTITY","340","5132","6671.6","/simulation/catalogue/products/ivory-round-tablecloth.png","true","GENERATED_FOR_EVENTOS_SIMULATION","Simulator-only fixture; not available for real purchase"
"SIM-BIZ-008","Table & Chair Test Co 08 [SYNTHETIC]","Supplier","Furniture and tableware","Pretoria","Large","SIM-BIZ-008-CAT-020","SIM-008-020","Natural Rectangular Tablecloth [SYNTHETIC]","Furniture and tableware","Each","QUANTITY","340","5320","6916","/simulation/catalogue/event-linens.png","true","GENERATED_FOR_EVENTOS_SIMULATION","Simulator-only fixture; not available for real purchase"
"SIM-BIZ-008","Table & Chair Test Co 08 [SYNTHETIC]","Supplier","Furniture and tableware","Pretoria","Large","SIM-BIZ-008-CAT-021","SIM-008-021","Ivory Napkin Set [SYNTHETIC]","Furniture and tableware","Each","QUANTITY","340","5508","7160.4","/simulation/catalogue/event-linens.png","true","GENERATED_FOR_EVENTOS_SIMULATION","Simulator-only fixture; not available for real purchase"
"SIM-BIZ-008","Table & Chair Test Co 08 [SYNTHETIC]","Supplier","Furniture and tableware","Pretoria","Large","SIM-BIZ-008-CAT-022","SIM-008-022","Sage Napkin Set [SYNTHETIC]","Furniture and tableware","Each","QUANTITY","340","5696","7404.8","/simulation/catalogue/products/sage-napkin-set.png","true","GENERATED_FOR_EVENTOS_SIMULATION","Simulator-only fixture; not available for real purchase"
"SIM-BIZ-008","Table & Chair Test Co 08 [SYNTHETIC]","Supplier","Furniture and tableware","Pretoria","Large","SIM-BIZ-008-CAT-023","SIM-008-023","Blush Napkin Set [SYNTHETIC]","Furniture and tableware","Each","QUANTITY","340","5884","7649.2","/simulation/catalogue/event-linens.png","true","GENERATED_FOR_EVENTOS_SIMULATION","Simulator-only fixture; not available for real purchase"
"SIM-BIZ-008","Table & Chair Test Co 08 [SYNTHETIC]","Supplier","Furniture and tableware","Pretoria","Large","SIM-BIZ-008-CAT-024","SIM-008-024","Charcoal Napkin Set [SYNTHETIC]","Furniture and tableware","Each","QUANTITY","340","6072","7893.6","/simulation/catalogue/event-linens.png","true","GENERATED_FOR_EVENTOS_SIMULATION","Simulator-only fixture; not available for real purchase"
"SIM-BIZ-008","Table & Chair Test Co 08 [SYNTHETIC]","Supplier","Furniture and tableware","Pretoria","Large","SIM-BIZ-008-CAT-025","SIM-008-025","Gold Dinner Fork [SYNTHETIC]","Furniture and tableware","Each","QUANTITY","340","4768","6389.12","/simulation/catalogue/table-settings.png","true","GENERATED_FOR_EVENTOS_SIMULATION","Simulator-only fixture; not available for real purchase"
"SIM-BIZ-008","Table & Chair Test Co 08 [SYNTHETIC]","Supplier","Furniture and tableware","Pretoria","Large","SIM-BIZ-008-CAT-026","SIM-008-026","Gold Dinner Knife [SYNTHETIC]","Furniture and tableware","Each","QUANTITY","340","4956","6641.04","/simulation/catalogue/table-settings.png","true","GENERATED_FOR_EVENTOS_SIMULATION","Simulator-only fixture; not available for real purchase"
"SIM-BIZ-008","Table & Chair Test Co 08 [SYNTHETIC]","Supplier","Furniture and tableware","Pretoria","Large","SIM-BIZ-008-CAT-027","SIM-008-027","Gold Dinner Spoon [SYNTHETIC]","Furniture and tableware","Each","QUANTITY","340","5144","6892.96","/simulation/catalogue/table-settings.png","true","GENERATED_FOR_EVENTOS_SIMULATION","Simulator-only fixture; not available for real purchase"
"SIM-BIZ-008","Table & Chair Test Co 08 [SYNTHETIC]","Supplier","Furniture and tableware","Pretoria","Large","SIM-BIZ-008-CAT-028","SIM-008-028","Silver Dinner Fork [SYNTHETIC]","Furniture and tableware","Each","QUANTITY","340","5332","7144.88","/simulation/catalogue/products/silver-dinner-fork.png","true","GENERATED_FOR_EVENTOS_SIMULATION","Simulator-only fixture; not available for real purchase"
"SIM-BIZ-008","Table & Chair Test Co 08 [SYNTHETIC]","Supplier","Furniture and tableware","Pretoria","Large","SIM-BIZ-008-CAT-029","SIM-008-029","Silver Dinner Knife [SYNTHETIC]","Furniture and tableware","Each","QUANTITY","340","5520","7396.8","/simulation/catalogue/table-settings.png","true","GENERATED_FOR_EVENTOS_SIMULATION","Simulator-only fixture; not available for real purchase"
"SIM-BIZ-008","Table & Chair Test Co 08 [SYNTHETIC]","Supplier","Furniture and tableware","Pretoria","Large","SIM-BIZ-008-CAT-030","SIM-008-030","Silver Dinner Spoon [SYNTHETIC]","Furniture and tableware","Each","QUANTITY","340","5708","7648.72","/simulation/catalogue/table-settings.png","true","GENERATED_FOR_EVENTOS_SIMULATION","Simulator-only fixture; not available for real purchase"
"SIM-BIZ-008","Table & Chair Test Co 08 [SYNTHETIC]","Supplier","Furniture and tableware","Pretoria","Large","SIM-BIZ-008-CAT-031","SIM-008-031","Clear Glass Underplate [SYNTHETIC]","Furniture and tableware","Each","QUANTITY","340","5896","7900.64","/simulation/catalogue/table-settings.png","true","GENERATED_FOR_EVENTOS_SIMULATION","Simulator-only fixture; not available for real purchase"
"SIM-BIZ-008","Table & Chair Test Co 08 [SYNTHETIC]","Supplier","Furniture and tableware","Pretoria","Large","SIM-BIZ-008-CAT-032","SIM-008-032","Gold-Rim Underplate [SYNTHETIC]","Furniture and tableware","Each","QUANTITY","340","6084","8152.56","/simulation/catalogue/products/gold-rim-underplate.png","true","GENERATED_FOR_EVENTOS_SIMULATION","Simulator-only fixture; not available for real purchase"
"SIM-BIZ-008","Table & Chair Test Co 08 [SYNTHETIC]","Supplier","Furniture and tableware","Pretoria","Large","SIM-BIZ-008-CAT-033","SIM-008-033","White Dinner Plate [SYNTHETIC]","Furniture and tableware","Each","QUANTITY","340","6272","8404.48","/simulation/catalogue/products/white-dinner-plate.png","true","GENERATED_FOR_EVENTOS_SIMULATION","Simulator-only fixture; not available for real purchase"
"SIM-BIZ-008","Table & Chair Test Co 08 [SYNTHETIC]","Supplier","Furniture and tableware","Pretoria","Large","SIM-BIZ-008-CAT-034","SIM-008-034","White Side Plate [SYNTHETIC]","Furniture and tableware","Each","QUANTITY","340","6460","8656.4","/simulation/catalogue/table-settings.png","true","GENERATED_FOR_EVENTOS_SIMULATION","Simulator-only fixture; not available for real purchase"
"SIM-BIZ-008","Table & Chair Test Co 08 [SYNTHETIC]","Supplier","Furniture and tableware","Pretoria","Large","SIM-BIZ-008-CAT-035","SIM-008-035","Ribbed Water Glass [SYNTHETIC]","Furniture and tableware","Each","QUANTITY","340","6648","8908.32","/simulation/catalogue/table-settings.png","true","GENERATED_FOR_EVENTOS_SIMULATION","Simulator-only fixture; not available for real purchase"
"SIM-BIZ-008","Table & Chair Test Co 08 [SYNTHETIC]","Supplier","Furniture and tableware","Pretoria","Large","SIM-BIZ-008-CAT-036","SIM-008-036","Champagne Flute [SYNTHETIC]","Furniture and tableware","Each","QUANTITY","340","6836","9160.24","/simulation/catalogue/table-settings.png","true","GENERATED_FOR_EVENTOS_SIMULATION","Simulator-only fixture; not available for real purchase"
"SIM-BIZ-008","Table & Chair Test Co 08 [SYNTHETIC]","Supplier","Furniture and tableware","Pretoria","Large","SIM-BIZ-008-CAT-037","SIM-008-037","Wine Glass [SYNTHETIC]","Furniture and tableware","Each","QUANTITY","340","7024","9412.16","/simulation/catalogue/products/wine-glass.png","true","GENERATED_FOR_EVENTOS_SIMULATION","Simulator-only fixture; not available for real purchase"
"SIM-BIZ-008","Table & Chair Test Co 08 [SYNTHETIC]","Supplier","Furniture and tableware","Pretoria","Large","SIM-BIZ-008-CAT-038","SIM-008-038","Gold Napkin Ring [SYNTHETIC]","Furniture and tableware","Each","QUANTITY","340","7212","9664.08","/simulation/catalogue/table-settings.png","true","GENERATED_FOR_EVENTOS_SIMULATION","Simulator-only fixture; not available for real purchase"
"SIM-BIZ-008","Table & Chair Test Co 08 [SYNTHETIC]","Supplier","Furniture and tableware","Pretoria","Large","SIM-BIZ-008-CAT-039","SIM-008-039","Clear Glass Candle Holder [SYNTHETIC]","Furniture and tableware","Each","QUANTITY","340","7400","9916","/simulation/catalogue/table-settings.png","true","GENERATED_FOR_EVENTOS_SIMULATION","Simulator-only fixture; not available for real purchase"
"SIM-BIZ-009","Table & Chair Test Co 09 [SYNTHETIC]","Supplier","Furniture and tableware","Durban","Micro","SIM-BIZ-009-CAT-001","SIM-009-001","Gold Chiavari Chair [SYNTHETIC]","Furniture and tableware","Each","QUANTITY","100","692","844.24","/simulation/catalogue/products/gold-chiavari-chair.png","true","GENERATED_FOR_EVENTOS_SIMULATION","Simulator-only fixture; not available for real purchase"
"SIM-BIZ-009","Table & Chair Test Co 09 [SYNTHETIC]","Supplier","Furniture and tableware","Durban","Micro","SIM-BIZ-009-CAT-002","SIM-009-002","Clear Ghost Chair [SYNTHETIC]","Furniture and tableware","Each","QUANTITY","100","739","901.58","/simulation/catalogue/products/clear-ghost-chair.png","true","GENERATED_FOR_EVENTOS_SIMULATION","Simulator-only fixture; not available for real purchase"
"SIM-BIZ-009","Table & Chair Test Co 09 [SYNTHETIC]","Supplier","Furniture and tableware","Durban","Micro","SIM-BIZ-009-CAT-003","SIM-009-003","Black Cross-Back Chair [SYNTHETIC]","Furniture and tableware","Each","QUANTITY","100","786","958.92","/simulation/catalogue/products/black-cross-back-chair.png","true","GENERATED_FOR_EVENTOS_SIMULATION","Simulator-only fixture; not available for real purchase"
"SIM-BIZ-009","Table & Chair Test Co 09 [SYNTHETIC]","Supplier","Furniture and tableware","Durban","Micro","SIM-BIZ-009-CAT-004","SIM-009-004","Ivory Dining Chair [SYNTHETIC]","Furniture and tableware","Each","QUANTITY","100","833","1016.26","/simulation/catalogue/gold-chiavari-chairs.png","true","GENERATED_FOR_EVENTOS_SIMULATION","Simulator-only fixture; not available for real purchase"
"SIM-BIZ-009","Table & Chair Test Co 09 [SYNTHETIC]","Supplier","Furniture and tableware","Durban","Micro","SIM-BIZ-009-CAT-005","SIM-009-005","White Folding Ceremony Chair [SYNTHETIC]","Furniture and tableware","Each","QUANTITY","100","880","1073.6","/simulation/catalogue/gold-chiavari-chairs.png","true","GENERATED_FOR_EVENTOS_SIMULATION","Simulator-only fixture; not available for real purchase"
"SIM-BIZ-009","Table & Chair Test Co 09 [SYNTHETIC]","Supplier","Furniture and tableware","Durban","Micro","SIM-BIZ-009-CAT-006","SIM-009-006","Children's Event Chair [SYNTHETIC]","Furniture and tableware","Each","QUANTITY","100","927","1130.94","/simulation/catalogue/gold-chiavari-chairs.png","true","GENERATED_FOR_EVENTOS_SIMULATION","Simulator-only fixture; not available for real purchase"
"SIM-BIZ-009","Table & Chair Test Co 09 [SYNTHETIC]","Supplier","Furniture and tableware","Durban","Micro","SIM-BIZ-009-CAT-007","SIM-009-007","Long Oak Banquet Table [SYNTHETIC]","Furniture and tableware","Each","QUANTITY","100","883","1112.58","/simulation/catalogue/products/long-oak-banquet-table.png","true","GENERATED_FOR_EVENTOS_SIMULATION","Simulator-only fixture; not available for real purchase"
"SIM-BIZ-009","Table & Chair Test Co 09 [SYNTHETIC]","Supplier","Furniture and tableware","Durban","Micro","SIM-BIZ-009-CAT-008","SIM-009-008","Round Banquet Table [SYNTHETIC]","Furniture and tableware","Each","QUANTITY","100","930","1171.8","/simulation/catalogue/products/round-banquet-table.png","true","GENERATED_FOR_EVENTOS_SIMULATION","Simulator-only fixture; not available for real purchase"
"SIM-BIZ-009","Table & Chair Test Co 09 [SYNTHETIC]","Supplier","Furniture and tableware","Durban","Micro","SIM-BIZ-009-CAT-009","SIM-009-009","Square Black Dining Table [SYNTHETIC]","Furniture and tableware","Each","QUANTITY","100","977","1231.02","/simulation/catalogue/event-tables.png","true","GENERATED_FOR_EVENTOS_SIMULATION","Simulator-only fixture; not available for real purchase"
"SIM-BIZ-009","Table & Chair Test Co 09 [SYNTHETIC]","Supplier","Furniture and tableware","Durban","Micro","SIM-BIZ-009-CAT-010","SIM-009-010","Round Cocktail Table [SYNTHETIC]","Furniture and tableware","Each","QUANTITY","100","1024","1290.24","/simulation/catalogue/products/round-cocktail-table.png","true","GENERATED_FOR_EVENTOS_SIMULATION","Simulator-only fixture; not available for real purchase"
"SIM-BIZ-009","Table & Chair Test Co 09 [SYNTHETIC]","Supplier","Furniture and tableware","Durban","Micro","SIM-BIZ-009-CAT-011","SIM-009-011","Serpentine Feature Table [SYNTHETIC]","Furniture and tableware","Each","QUANTITY","100","1071","1349.46","/simulation/catalogue/event-tables.png","true","GENERATED_FOR_EVENTOS_SIMULATION","Simulator-only fixture; not available for real purchase"
"SIM-BIZ-009","Table & Chair Test Co 09 [SYNTHETIC]","Supplier","Furniture and tableware","Durban","Micro","SIM-BIZ-009-CAT-012","SIM-009-012","Children's Event Table [SYNTHETIC]","Furniture and tableware","Each","QUANTITY","100","1118","1408.68","/simulation/catalogue/event-tables.png","true","GENERATED_FOR_EVENTOS_SIMULATION","Simulator-only fixture; not available for real purchase"
"SIM-BIZ-009","Table & Chair Test Co 09 [SYNTHETIC]","Supplier","Furniture and tableware","Durban","Micro","SIM-BIZ-009-CAT-013","SIM-009-013","Ivory Gauze Table Runner [SYNTHETIC]","Furniture and tableware","Each","QUANTITY","100","1074","1396.2","/simulation/catalogue/products/ivory-gauze-table-runner.png","true","GENERATED_FOR_EVENTOS_SIMULATION","Simulator-only fixture; not available for real purchase"
"SIM-BIZ-009","Table & Chair Test Co 09 [SYNTHETIC]","Supplier","Furniture and tableware","Durban","Micro","SIM-BIZ-009-CAT-014","SIM-009-014","Sage Table Runner [SYNTHETIC]","Furniture and tableware","Each","QUANTITY","100","1121","1457.3","/simulation/catalogue/event-linens.png","true","GENERATED_FOR_EVENTOS_SIMULATION","Simulator-only fixture; not available for real purchase"
"SIM-BIZ-009","Table & Chair Test Co 09 [SYNTHETIC]","Supplier","Furniture and tableware","Durban","Micro","SIM-BIZ-009-CAT-015","SIM-009-015","Dusty Rose Table Runner [SYNTHETIC]","Furniture and tableware","Each","QUANTITY","100","1168","1518.4","/simulation/catalogue/event-linens.png","true","GENERATED_FOR_EVENTOS_SIMULATION","Simulator-only fixture; not available for real purchase"
"SIM-BIZ-009","Table & Chair Test Co 09 [SYNTHETIC]","Supplier","Furniture and tableware","Durban","Micro","SIM-BIZ-009-CAT-016","SIM-009-016","Charcoal Table Runner [SYNTHETIC]","Furniture and tableware","Each","QUANTITY","100","1215","1579.5","/simulation/catalogue/event-linens.png","true","GENERATED_FOR_EVENTOS_SIMULATION","Simulator-only fixture; not available for real purchase"
"SIM-BIZ-009","Table & Chair Test Co 09 [SYNTHETIC]","Supplier","Furniture and tableware","Durban","Micro","SIM-BIZ-009-CAT-017","SIM-009-017","Natural Linen Table Runner [SYNTHETIC]","Furniture and tableware","Each","QUANTITY","100","1262","1640.6","/simulation/catalogue/event-linens.png","true","GENERATED_FOR_EVENTOS_SIMULATION","Simulator-only fixture; not available for real purchase"
"SIM-BIZ-009","Table & Chair Test Co 09 [SYNTHETIC]","Supplier","Furniture and tableware","Durban","Micro","SIM-BIZ-009-CAT-018","SIM-009-018","Emerald Velvet Table Runner [SYNTHETIC]","Furniture and tableware","Each","QUANTITY","100","1309","1701.7","/simulation/catalogue/products/emerald-velvet-table-runner.png","true","GENERATED_FOR_EVENTOS_SIMULATION","Simulator-only fixture; not available for real purchase"
"SIM-BIZ-009","Table & Chair Test Co 09 [SYNTHETIC]","Supplier","Furniture and tableware","Durban","Micro","SIM-BIZ-009-CAT-019","SIM-009-019","Ivory Round Tablecloth [SYNTHETIC]","Furniture and tableware","Each","QUANTITY","100","1356","1762.8","/simulation/catalogue/products/ivory-round-tablecloth.png","true","GENERATED_FOR_EVENTOS_SIMULATION","Simulator-only fixture; not available for real purchase"
"SIM-BIZ-009","Table & Chair Test Co 09 [SYNTHETIC]","Supplier","Furniture and tableware","Durban","Micro","SIM-BIZ-009-CAT-020","SIM-009-020","Natural Rectangular Tablecloth [SYNTHETIC]","Furniture and tableware","Each","QUANTITY","100","1403","1823.9","/simulation/catalogue/event-linens.png","true","GENERATED_FOR_EVENTOS_SIMULATION","Simulator-only fixture; not available for real purchase"
"SIM-BIZ-009","Table & Chair Test Co 09 [SYNTHETIC]","Supplier","Furniture and tableware","Durban","Micro","SIM-BIZ-009-CAT-021","SIM-009-021","Ivory Napkin Set [SYNTHETIC]","Furniture and tableware","Each","QUANTITY","100","1450","1885","/simulation/catalogue/event-linens.png","true","GENERATED_FOR_EVENTOS_SIMULATION","Simulator-only fixture; not available for real purchase"
"SIM-BIZ-009","Table & Chair Test Co 09 [SYNTHETIC]","Supplier","Furniture and tableware","Durban","Micro","SIM-BIZ-009-CAT-022","SIM-009-022","Sage Napkin Set [SYNTHETIC]","Furniture and tableware","Each","QUANTITY","100","1497","1946.1","/simulation/catalogue/products/sage-napkin-set.png","true","GENERATED_FOR_EVENTOS_SIMULATION","Simulator-only fixture; not available for real purchase"
"SIM-BIZ-009","Table & Chair Test Co 09 [SYNTHETIC]","Supplier","Furniture and tableware","Durban","Micro","SIM-BIZ-009-CAT-023","SIM-009-023","Blush Napkin Set [SYNTHETIC]","Furniture and tableware","Each","QUANTITY","100","1544","2007.2","/simulation/catalogue/event-linens.png","true","GENERATED_FOR_EVENTOS_SIMULATION","Simulator-only fixture; not available for real purchase"
"SIM-BIZ-009","Table & Chair Test Co 09 [SYNTHETIC]","Supplier","Furniture and tableware","Durban","Micro","SIM-BIZ-009-CAT-024","SIM-009-024","Charcoal Napkin Set [SYNTHETIC]","Furniture and tableware","Each","QUANTITY","100","1591","2068.3","/simulation/catalogue/event-linens.png","true","GENERATED_FOR_EVENTOS_SIMULATION","Simulator-only fixture; not available for real purchase"
"SIM-BIZ-009","Table & Chair Test Co 09 [SYNTHETIC]","Supplier","Furniture and tableware","Durban","Micro","SIM-BIZ-009-CAT-025","SIM-009-025","Gold Dinner Fork [SYNTHETIC]","Furniture and tableware","Each","QUANTITY","100","1265","1695.1","/simulation/catalogue/table-settings.png","true","GENERATED_FOR_EVENTOS_SIMULATION","Simulator-only fixture; not available for real purchase"
"SIM-BIZ-009","Table & Chair Test Co 09 [SYNTHETIC]","Supplier","Furniture and tableware","Durban","Micro","SIM-BIZ-009-CAT-026","SIM-009-026","Gold Dinner Knife [SYNTHETIC]","Furniture and tableware","Each","QUANTITY","100","1312","1758.08","/simulation/catalogue/table-settings.png","true","GENERATED_FOR_EVENTOS_SIMULATION","Simulator-only fixture; not available for real purchase"
"SIM-BIZ-009","Table & Chair Test Co 09 [SYNTHETIC]","Supplier","Furniture and tableware","Durban","Micro","SIM-BIZ-009-CAT-027","SIM-009-027","Gold Dinner Spoon [SYNTHETIC]","Furniture and tableware","Each","QUANTITY","100","1359","1821.06","/simulation/catalogue/table-settings.png","true","GENERATED_FOR_EVENTOS_SIMULATION","Simulator-only fixture; not available for real purchase"
"SIM-BIZ-009","Table & Chair Test Co 09 [SYNTHETIC]","Supplier","Furniture and tableware","Durban","Micro","SIM-BIZ-009-CAT-028","SIM-009-028","Silver Dinner Fork [SYNTHETIC]","Furniture and tableware","Each","QUANTITY","100","1406","1884.04","/simulation/catalogue/products/silver-dinner-fork.png","true","GENERATED_FOR_EVENTOS_SIMULATION","Simulator-only fixture; not available for real purchase"
"SIM-BIZ-009","Table & Chair Test Co 09 [SYNTHETIC]","Supplier","Furniture and tableware","Durban","Micro","SIM-BIZ-009-CAT-029","SIM-009-029","Silver Dinner Knife [SYNTHETIC]","Furniture and tableware","Each","QUANTITY","100","1453","1947.02","/simulation/catalogue/table-settings.png","true","GENERATED_FOR_EVENTOS_SIMULATION","Simulator-only fixture; not available for real purchase"
"SIM-BIZ-009","Table & Chair Test Co 09 [SYNTHETIC]","Supplier","Furniture and tableware","Durban","Micro","SIM-BIZ-009-CAT-030","SIM-009-030","Silver Dinner Spoon [SYNTHETIC]","Furniture and tableware","Each","QUANTITY","100","1500","2010","/simulation/catalogue/table-settings.png","true","GENERATED_FOR_EVENTOS_SIMULATION","Simulator-only fixture; not available for real purchase"
"SIM-BIZ-009","Table & Chair Test Co 09 [SYNTHETIC]","Supplier","Furniture and tableware","Durban","Micro","SIM-BIZ-009-CAT-031","SIM-009-031","Clear Glass Underplate [SYNTHETIC]","Furniture and tableware","Each","QUANTITY","100","1547","2072.98","/simulation/catalogue/table-settings.png","true","GENERATED_FOR_EVENTOS_SIMULATION","Simulator-only fixture; not available for real purchase"
"SIM-BIZ-009","Table & Chair Test Co 09 [SYNTHETIC]","Supplier","Furniture and tableware","Durban","Micro","SIM-BIZ-009-CAT-032","SIM-009-032","Gold-Rim Underplate [SYNTHETIC]","Furniture and tableware","Each","QUANTITY","100","1594","2135.96","/simulation/catalogue/products/gold-rim-underplate.png","true","GENERATED_FOR_EVENTOS_SIMULATION","Simulator-only fixture; not available for real purchase"
"SIM-BIZ-009","Table & Chair Test Co 09 [SYNTHETIC]","Supplier","Furniture and tableware","Durban","Micro","SIM-BIZ-009-CAT-033","SIM-009-033","White Dinner Plate [SYNTHETIC]","Furniture and tableware","Each","QUANTITY","100","1641","2198.94","/simulation/catalogue/products/white-dinner-plate.png","true","GENERATED_FOR_EVENTOS_SIMULATION","Simulator-only fixture; not available for real purchase"
"SIM-BIZ-009","Table & Chair Test Co 09 [SYNTHETIC]","Supplier","Furniture and tableware","Durban","Micro","SIM-BIZ-009-CAT-034","SIM-009-034","White Side Plate [SYNTHETIC]","Furniture and tableware","Each","QUANTITY","100","1688","2261.92","/simulation/catalogue/table-settings.png","true","GENERATED_FOR_EVENTOS_SIMULATION","Simulator-only fixture; not available for real purchase"
"SIM-BIZ-009","Table & Chair Test Co 09 [SYNTHETIC]","Supplier","Furniture and tableware","Durban","Micro","SIM-BIZ-009-CAT-035","SIM-009-035","Ribbed Water Glass [SYNTHETIC]","Furniture and tableware","Each","QUANTITY","100","1735","2324.9","/simulation/catalogue/table-settings.png","true","GENERATED_FOR_EVENTOS_SIMULATION","Simulator-only fixture; not available for real purchase"
"SIM-BIZ-009","Table & Chair Test Co 09 [SYNTHETIC]","Supplier","Furniture and tableware","Durban","Micro","SIM-BIZ-009-CAT-036","SIM-009-036","Champagne Flute [SYNTHETIC]","Furniture and tableware","Each","QUANTITY","100","1782","2387.88","/simulation/catalogue/table-settings.png","true","GENERATED_FOR_EVENTOS_SIMULATION","Simulator-only fixture; not available for real purchase"
"SIM-BIZ-009","Table & Chair Test Co 09 [SYNTHETIC]","Supplier","Furniture and tableware","Durban","Micro","SIM-BIZ-009-CAT-037","SIM-009-037","Wine Glass [SYNTHETIC]","Furniture and tableware","Each","QUANTITY","100","1829","2450.86","/simulation/catalogue/products/wine-glass.png","true","GENERATED_FOR_EVENTOS_SIMULATION","Simulator-only fixture; not available for real purchase"
"SIM-BIZ-009","Table & Chair Test Co 09 [SYNTHETIC]","Supplier","Furniture and tableware","Durban","Micro","SIM-BIZ-009-CAT-038","SIM-009-038","Gold Napkin Ring [SYNTHETIC]","Furniture and tableware","Each","QUANTITY","100","1876","2513.84","/simulation/catalogue/table-settings.png","true","GENERATED_FOR_EVENTOS_SIMULATION","Simulator-only fixture; not available for real purchase"
"SIM-BIZ-009","Table & Chair Test Co 09 [SYNTHETIC]","Supplier","Furniture and tableware","Durban","Micro","SIM-BIZ-009-CAT-039","SIM-009-039","Clear Glass Candle Holder [SYNTHETIC]","Furniture and tableware","Each","QUANTITY","100","1923","2576.82","/simulation/catalogue/table-settings.png","true","GENERATED_FOR_EVENTOS_SIMULATION","Simulator-only fixture; not available for real purchase"
"SIM-BIZ-010","Table & Chair Test Co 10 [SYNTHETIC]","Supplier","Furniture and tableware","Gqeberha","Small","SIM-BIZ-010-CAT-001","SIM-010-001","Gold Chiavari Chair [SYNTHETIC]","Furniture and tableware","Each","QUANTITY","140","1147.5","1399.95","/simulation/catalogue/products/gold-chiavari-chair.png","true","GENERATED_FOR_EVENTOS_SIMULATION","Simulator-only fixture; not available for real purchase"
"SIM-BIZ-010","Table & Chair Test Co 10 [SYNTHETIC]","Supplier","Furniture and tableware","Gqeberha","Small","SIM-BIZ-010-CAT-002","SIM-010-002","Clear Ghost Chair [SYNTHETIC]","Furniture and tableware","Each","QUANTITY","140","1218","1485.96","/simulation/catalogue/products/clear-ghost-chair.png","true","GENERATED_FOR_EVENTOS_SIMULATION","Simulator-only fixture; not available for real purchase"
"SIM-BIZ-010","Table & Chair Test Co 10 [SYNTHETIC]","Supplier","Furniture and tableware","Gqeberha","Small","SIM-BIZ-010-CAT-003","SIM-010-003","Black Cross-Back Chair [SYNTHETIC]","Furniture and tableware","Each","QUANTITY","140","1288.5","1571.97","/simulation/catalogue/products/black-cross-back-chair.png","true","GENERATED_FOR_EVENTOS_SIMULATION","Simulator-only fixture; not available for real purchase"
"SIM-BIZ-010","Table & Chair Test Co 10 [SYNTHETIC]","Supplier","Furniture and tableware","Gqeberha","Small","SIM-BIZ-010-CAT-004","SIM-010-004","Ivory Dining Chair [SYNTHETIC]","Furniture and tableware","Each","QUANTITY","140","1359","1657.98","/simulation/catalogue/gold-chiavari-chairs.png","true","GENERATED_FOR_EVENTOS_SIMULATION","Simulator-only fixture; not available for real purchase"
"SIM-BIZ-010","Table & Chair Test Co 10 [SYNTHETIC]","Supplier","Furniture and tableware","Gqeberha","Small","SIM-BIZ-010-CAT-005","SIM-010-005","White Folding Ceremony Chair [SYNTHETIC]","Furniture and tableware","Each","QUANTITY","140","1429.5","1743.99","/simulation/catalogue/gold-chiavari-chairs.png","true","GENERATED_FOR_EVENTOS_SIMULATION","Simulator-only fixture; not available for real purchase"
"SIM-BIZ-010","Table & Chair Test Co 10 [SYNTHETIC]","Supplier","Furniture and tableware","Gqeberha","Small","SIM-BIZ-010-CAT-006","SIM-010-006","Children's Event Chair [SYNTHETIC]","Furniture and tableware","Each","QUANTITY","140","1500","1830","/simulation/catalogue/gold-chiavari-chairs.png","true","GENERATED_FOR_EVENTOS_SIMULATION","Simulator-only fixture; not available for real purchase"
"SIM-BIZ-010","Table & Chair Test Co 10 [SYNTHETIC]","Supplier","Furniture and tableware","Gqeberha","Small","SIM-BIZ-010-CAT-007","SIM-010-007","Long Oak Banquet Table [SYNTHETIC]","Furniture and tableware","Each","QUANTITY","140","1434","1806.84","/simulation/catalogue/products/long-oak-banquet-table.png","true","GENERATED_FOR_EVENTOS_SIMULATION","Simulator-only fixture; not available for real purchase"
"SIM-BIZ-010","Table & Chair Test Co 10 [SYNTHETIC]","Supplier","Furniture and tableware","Gqeberha","Small","SIM-BIZ-010-CAT-008","SIM-010-008","Round Banquet Table [SYNTHETIC]","Furniture and tableware","Each","QUANTITY","140","1504.5","1895.67","/simulation/catalogue/products/round-banquet-table.png","true","GENERATED_FOR_EVENTOS_SIMULATION","Simulator-only fixture; not available for real purchase"
"SIM-BIZ-010","Table & Chair Test Co 10 [SYNTHETIC]","Supplier","Furniture and tableware","Gqeberha","Small","SIM-BIZ-010-CAT-009","SIM-010-009","Square Black Dining Table [SYNTHETIC]","Furniture and tableware","Each","QUANTITY","140","1575","1984.5","/simulation/catalogue/event-tables.png","true","GENERATED_FOR_EVENTOS_SIMULATION","Simulator-only fixture; not available for real purchase"
"SIM-BIZ-010","Table & Chair Test Co 10 [SYNTHETIC]","Supplier","Furniture and tableware","Gqeberha","Small","SIM-BIZ-010-CAT-010","SIM-010-010","Round Cocktail Table [SYNTHETIC]","Furniture and tableware","Each","QUANTITY","140","1645.5","2073.33","/simulation/catalogue/products/round-cocktail-table.png","true","GENERATED_FOR_EVENTOS_SIMULATION","Simulator-only fixture; not available for real purchase"
"SIM-BIZ-010","Table & Chair Test Co 10 [SYNTHETIC]","Supplier","Furniture and tableware","Gqeberha","Small","SIM-BIZ-010-CAT-011","SIM-010-011","Serpentine Feature Table [SYNTHETIC]","Furniture and tableware","Each","QUANTITY","140","1716","2162.16","/simulation/catalogue/event-tables.png","true","GENERATED_FOR_EVENTOS_SIMULATION","Simulator-only fixture; not available for real purchase"
"SIM-BIZ-010","Table & Chair Test Co 10 [SYNTHETIC]","Supplier","Furniture and tableware","Gqeberha","Small","SIM-BIZ-010-CAT-012","SIM-010-012","Children's Event Table [SYNTHETIC]","Furniture and tableware","Each","QUANTITY","140","1786.5","2250.99","/simulation/catalogue/event-tables.png","true","GENERATED_FOR_EVENTOS_SIMULATION","Simulator-only fixture; not available for real purchase"
"SIM-BIZ-010","Table & Chair Test Co 10 [SYNTHETIC]","Supplier","Furniture and tableware","Gqeberha","Small","SIM-BIZ-010-CAT-013","SIM-010-013","Ivory Gauze Table Runner [SYNTHETIC]","Furniture and tableware","Each","QUANTITY","140","1720.5","2236.65","/simulation/catalogue/products/ivory-gauze-table-runner.png","true","GENERATED_FOR_EVENTOS_SIMULATION","Simulator-only fixture; not available for real purchase"
"SIM-BIZ-010","Table & Chair Test Co 10 [SYNTHETIC]","Supplier","Furniture and tableware","Gqeberha","Small","SIM-BIZ-010-CAT-014","SIM-010-014","Sage Table Runner [SYNTHETIC]","Furniture and tableware","Each","QUANTITY","140","1791","2328.3","/simulation/catalogue/event-linens.png","true","GENERATED_FOR_EVENTOS_SIMULATION","Simulator-only fixture; not available for real purchase"
"SIM-BIZ-010","Table & Chair Test Co 10 [SYNTHETIC]","Supplier","Furniture and tableware","Gqeberha","Small","SIM-BIZ-010-CAT-015","SIM-010-015","Dusty Rose Table Runner [SYNTHETIC]","Furniture and tableware","Each","QUANTITY","140","1861.5","2419.95","/simulation/catalogue/event-linens.png","true","GENERATED_FOR_EVENTOS_SIMULATION","Simulator-only fixture; not available for real purchase"
"SIM-BIZ-010","Table & Chair Test Co 10 [SYNTHETIC]","Supplier","Furniture and tableware","Gqeberha","Small","SIM-BIZ-010-CAT-016","SIM-010-016","Charcoal Table Runner [SYNTHETIC]","Furniture and tableware","Each","QUANTITY","140","1932","2511.6","/simulation/catalogue/event-linens.png","true","GENERATED_FOR_EVENTOS_SIMULATION","Simulator-only fixture; not available for real purchase"
"SIM-BIZ-010","Table & Chair Test Co 10 [SYNTHETIC]","Supplier","Furniture and tableware","Gqeberha","Small","SIM-BIZ-010-CAT-017","SIM-010-017","Natural Linen Table Runner [SYNTHETIC]","Furniture and tableware","Each","QUANTITY","140","2002.5","2603.25","/simulation/catalogue/event-linens.png","true","GENERATED_FOR_EVENTOS_SIMULATION","Simulator-only fixture; not available for real purchase"
"SIM-BIZ-010","Table & Chair Test Co 10 [SYNTHETIC]","Supplier","Furniture and tableware","Gqeberha","Small","SIM-BIZ-010-CAT-018","SIM-010-018","Emerald Velvet Table Runner [SYNTHETIC]","Furniture and tableware","Each","QUANTITY","140","2073","2694.9","/simulation/catalogue/products/emerald-velvet-table-runner.png","true","GENERATED_FOR_EVENTOS_SIMULATION","Simulator-only fixture; not available for real purchase"
"SIM-BIZ-010","Table & Chair Test Co 10 [SYNTHETIC]","Supplier","Furniture and tableware","Gqeberha","Small","SIM-BIZ-010-CAT-019","SIM-010-019","Ivory Round Tablecloth [SYNTHETIC]","Furniture and tableware","Each","QUANTITY","140","2143.5","2786.55","/simulation/catalogue/products/ivory-round-tablecloth.png","true","GENERATED_FOR_EVENTOS_SIMULATION","Simulator-only fixture; not available for real purchase"
"SIM-BIZ-010","Table & Chair Test Co 10 [SYNTHETIC]","Supplier","Furniture and tableware","Gqeberha","Small","SIM-BIZ-010-CAT-020","SIM-010-020","Natural Rectangular Tablecloth [SYNTHETIC]","Furniture and tableware","Each","QUANTITY","140","2214","2878.2","/simulation/catalogue/event-linens.png","true","GENERATED_FOR_EVENTOS_SIMULATION","Simulator-only fixture; not available for real purchase"
"SIM-BIZ-010","Table & Chair Test Co 10 [SYNTHETIC]","Supplier","Furniture and tableware","Gqeberha","Small","SIM-BIZ-010-CAT-021","SIM-010-021","Ivory Napkin Set [SYNTHETIC]","Furniture and tableware","Each","QUANTITY","140","2284.5","2969.85","/simulation/catalogue/event-linens.png","true","GENERATED_FOR_EVENTOS_SIMULATION","Simulator-only fixture; not available for real purchase"
"SIM-BIZ-010","Table & Chair Test Co 10 [SYNTHETIC]","Supplier","Furniture and tableware","Gqeberha","Small","SIM-BIZ-010-CAT-022","SIM-010-022","Sage Napkin Set [SYNTHETIC]","Furniture and tableware","Each","QUANTITY","140","2355","3061.5","/simulation/catalogue/products/sage-napkin-set.png","true","GENERATED_FOR_EVENTOS_SIMULATION","Simulator-only fixture; not available for real purchase"
"SIM-BIZ-010","Table & Chair Test Co 10 [SYNTHETIC]","Supplier","Furniture and tableware","Gqeberha","Small","SIM-BIZ-010-CAT-023","SIM-010-023","Blush Napkin Set [SYNTHETIC]","Furniture and tableware","Each","QUANTITY","140","2425.5","3153.15","/simulation/catalogue/event-linens.png","true","GENERATED_FOR_EVENTOS_SIMULATION","Simulator-only fixture; not available for real purchase"
"SIM-BIZ-010","Table & Chair Test Co 10 [SYNTHETIC]","Supplier","Furniture and tableware","Gqeberha","Small","SIM-BIZ-010-CAT-024","SIM-010-024","Charcoal Napkin Set [SYNTHETIC]","Furniture and tableware","Each","QUANTITY","140","2496","3244.8","/simulation/catalogue/event-linens.png","true","GENERATED_FOR_EVENTOS_SIMULATION","Simulator-only fixture; not available for real purchase"
"SIM-BIZ-010","Table & Chair Test Co 10 [SYNTHETIC]","Supplier","Furniture and tableware","Gqeberha","Small","SIM-BIZ-010-CAT-025","SIM-010-025","Gold Dinner Fork [SYNTHETIC]","Furniture and tableware","Each","QUANTITY","140","2007","2689.38","/simulation/catalogue/table-settings.png","true","GENERATED_FOR_EVENTOS_SIMULATION","Simulator-only fixture; not available for real purchase"
"SIM-BIZ-010","Table & Chair Test Co 10 [SYNTHETIC]","Supplier","Furniture and tableware","Gqeberha","Small","SIM-BIZ-010-CAT-026","SIM-010-026","Gold Dinner Knife [SYNTHETIC]","Furniture and tableware","Each","QUANTITY","140","2077.5","2783.85","/simulation/catalogue/table-settings.png","true","GENERATED_FOR_EVENTOS_SIMULATION","Simulator-only fixture; not available for real purchase"
"SIM-BIZ-010","Table & Chair Test Co 10 [SYNTHETIC]","Supplier","Furniture and tableware","Gqeberha","Small","SIM-BIZ-010-CAT-027","SIM-010-027","Gold Dinner Spoon [SYNTHETIC]","Furniture and tableware","Each","QUANTITY","140","2148","2878.32","/simulation/catalogue/table-settings.png","true","GENERATED_FOR_EVENTOS_SIMULATION","Simulator-only fixture; not available for real purchase"
"SIM-BIZ-010","Table & Chair Test Co 10 [SYNTHETIC]","Supplier","Furniture and tableware","Gqeberha","Small","SIM-BIZ-010-CAT-028","SIM-010-028","Silver Dinner Fork [SYNTHETIC]","Furniture and tableware","Each","QUANTITY","140","2218.5","2972.79","/simulation/catalogue/products/silver-dinner-fork.png","true","GENERATED_FOR_EVENTOS_SIMULATION","Simulator-only fixture; not available for real purchase"
"SIM-BIZ-010","Table & Chair Test Co 10 [SYNTHETIC]","Supplier","Furniture and tableware","Gqeberha","Small","SIM-BIZ-010-CAT-029","SIM-010-029","Silver Dinner Knife [SYNTHETIC]","Furniture and tableware","Each","QUANTITY","140","2289","3067.26","/simulation/catalogue/table-settings.png","true","GENERATED_FOR_EVENTOS_SIMULATION","Simulator-only fixture; not available for real purchase"
"SIM-BIZ-010","Table & Chair Test Co 10 [SYNTHETIC]","Supplier","Furniture and tableware","Gqeberha","Small","SIM-BIZ-010-CAT-030","SIM-010-030","Silver Dinner Spoon [SYNTHETIC]","Furniture and tableware","Each","QUANTITY","140","2359.5","3161.73","/simulation/catalogue/table-settings.png","true","GENERATED_FOR_EVENTOS_SIMULATION","Simulator-only fixture; not available for real purchase"
"SIM-BIZ-010","Table & Chair Test Co 10 [SYNTHETIC]","Supplier","Furniture and tableware","Gqeberha","Small","SIM-BIZ-010-CAT-031","SIM-010-031","Clear Glass Underplate [SYNTHETIC]","Furniture and tableware","Each","QUANTITY","140","2430","3256.2","/simulation/catalogue/table-settings.png","true","GENERATED_FOR_EVENTOS_SIMULATION","Simulator-only fixture; not available for real purchase"
"SIM-BIZ-010","Table & Chair Test Co 10 [SYNTHETIC]","Supplier","Furniture and tableware","Gqeberha","Small","SIM-BIZ-010-CAT-032","SIM-010-032","Gold-Rim Underplate [SYNTHETIC]","Furniture and tableware","Each","QUANTITY","140","2500.5","3350.67","/simulation/catalogue/products/gold-rim-underplate.png","true","GENERATED_FOR_EVENTOS_SIMULATION","Simulator-only fixture; not available for real purchase"
"SIM-BIZ-010","Table & Chair Test Co 10 [SYNTHETIC]","Supplier","Furniture and tableware","Gqeberha","Small","SIM-BIZ-010-CAT-033","SIM-010-033","White Dinner Plate [SYNTHETIC]","Furniture and tableware","Each","QUANTITY","140","2571","3445.14","/simulation/catalogue/products/white-dinner-plate.png","true","GENERATED_FOR_EVENTOS_SIMULATION","Simulator-only fixture; not available for real purchase"
"SIM-BIZ-010","Table & Chair Test Co 10 [SYNTHETIC]","Supplier","Furniture and tableware","Gqeberha","Small","SIM-BIZ-010-CAT-034","SIM-010-034","White Side Plate [SYNTHETIC]","Furniture and tableware","Each","QUANTITY","140","2641.5","3539.61","/simulation/catalogue/table-settings.png","true","GENERATED_FOR_EVENTOS_SIMULATION","Simulator-only fixture; not available for real purchase"
"SIM-BIZ-010","Table & Chair Test Co 10 [SYNTHETIC]","Supplier","Furniture and tableware","Gqeberha","Small","SIM-BIZ-010-CAT-035","SIM-010-035","Ribbed Water Glass [SYNTHETIC]","Furniture and tableware","Each","QUANTITY","140","2712","3634.08","/simulation/catalogue/table-settings.png","true","GENERATED_FOR_EVENTOS_SIMULATION","Simulator-only fixture; not available for real purchase"
"SIM-BIZ-010","Table & Chair Test Co 10 [SYNTHETIC]","Supplier","Furniture and tableware","Gqeberha","Small","SIM-BIZ-010-CAT-036","SIM-010-036","Champagne Flute [SYNTHETIC]","Furniture and tableware","Each","QUANTITY","140","2782.5","3728.55","/simulation/catalogue/table-settings.png","true","GENERATED_FOR_EVENTOS_SIMULATION","Simulator-only fixture; not available for real purchase"
"SIM-BIZ-010","Table & Chair Test Co 10 [SYNTHETIC]","Supplier","Furniture and tableware","Gqeberha","Small","SIM-BIZ-010-CAT-037","SIM-010-037","Wine Glass [SYNTHETIC]","Furniture and tableware","Each","QUANTITY","140","2853","3823.02","/simulation/catalogue/products/wine-glass.png","true","GENERATED_FOR_EVENTOS_SIMULATION","Simulator-only fixture; not available for real purchase"
"SIM-BIZ-010","Table & Chair Test Co 10 [SYNTHETIC]","Supplier","Furniture and tableware","Gqeberha","Small","SIM-BIZ-010-CAT-038","SIM-010-038","Gold Napkin Ring [SYNTHETIC]","Furniture and tableware","Each","QUANTITY","140","2923.5","3917.49","/simulation/catalogue/table-settings.png","true","GENERATED_FOR_EVENTOS_SIMULATION","Simulator-only fixture; not available for real purchase"
"SIM-BIZ-010","Table & Chair Test Co 10 [SYNTHETIC]","Supplier","Furniture and tableware","Gqeberha","Small","SIM-BIZ-010-CAT-039","SIM-010-039","Clear Glass Candle Holder [SYNTHETIC]","Furniture and tableware","Each","QUANTITY","140","2994","4011.96","/simulation/catalogue/table-settings.png","true","GENERATED_FOR_EVENTOS_SIMULATION","Simulator-only fixture; not available for real purchase"
"SIM-BIZ-011","Floral & Decor Test Co 01 [SYNTHETIC]","Supplier","Floral and decor","Johannesburg","Micro","SIM-BIZ-011-CAT-001","SIM-011-001","White and Green Low Floral Arrangement [SYNTHETIC]","Floral and decor","Each","QUANTITY","100","838","1022.36","/simulation/catalogue/floral-centrepieces.png","true","GENERATED_FOR_EVENTOS_SIMULATION","Simulator-only fixture; not available for real purchase"
"SIM-BIZ-011","Floral & Decor Test Co 01 [SYNTHETIC]","Supplier","Floral and decor","Johannesburg","Micro","SIM-BIZ-011-CAT-002","SIM-011-002","White and Green Tall Floral Arrangement [SYNTHETIC]","Floral and decor","Each","QUANTITY","100","885","1079.7","/simulation/catalogue/products/white-green-tall-floral-arrangement.png","true","GENERATED_FOR_EVENTOS_SIMULATION","Simulator-only fixture; not available for real purchase"
"SIM-BIZ-011","Floral & Decor Test Co 01 [SYNTHETIC]","Supplier","Floral and decor","Johannesburg","Micro","SIM-BIZ-011-CAT-003","SIM-011-003","Loose Bud Vase Set [SYNTHETIC]","Floral and decor","Each","QUANTITY","100","932","1137.04","/simulation/catalogue/floral-centrepieces.png","true","GENERATED_FOR_EVENTOS_SIMULATION","Simulator-only fixture; not available for real purchase"
"SIM-BIZ-011","Floral & Decor Test Co 01 [SYNTHETIC]","Supplier","Floral and decor","Johannesburg","Micro","SIM-BIZ-011-CAT-004","SIM-011-004","Blush and Cream Low Centrepiece [SYNTHETIC]","Floral and decor","Each","QUANTITY","100","1029","1296.54","/simulation/catalogue/products/blush-cream-low-centrepiece.png","true","GENERATED_FOR_EVENTOS_SIMULATION","Simulator-only fixture; not available for real purchase"
"SIM-BIZ-011","Floral & Decor Test Co 01 [SYNTHETIC]","Supplier","Floral and decor","Johannesburg","Micro","SIM-BIZ-011-CAT-005","SIM-011-005","Blush and Cream Tall Centrepiece [SYNTHETIC]","Floral and decor","Each","QUANTITY","100","1076","1355.76","/simulation/catalogue/floral-centrepieces.png","true","GENERATED_FOR_EVENTOS_SIMULATION","Simulator-only fixture; not available for real purchase"
"SIM-BIZ-011","Floral & Decor Test Co 01 [SYNTHETIC]","Supplier","Floral and decor","Johannesburg","Micro","SIM-BIZ-011-CAT-006","SIM-011-006","Mixed Candle Centrepiece Set [SYNTHETIC]","Floral and decor","Each","QUANTITY","100","1123","1414.98","/simulation/catalogue/table-settings.png","true","GENERATED_FOR_EVENTOS_SIMULATION","Simulator-only fixture; not available for real purchase"
"SIM-BIZ-011","Floral & Decor Test Co 01 [SYNTHETIC]","Supplier","Floral and decor","Johannesburg","Micro","SIM-BIZ-011-CAT-007","SIM-011-007","Timber Arch Backdrop [SYNTHETIC]","Floral and decor","Each","QUANTITY","100","1220","1586","/simulation/catalogue/modular-backdrops.png","true","GENERATED_FOR_EVENTOS_SIMULATION","Simulator-only fixture; not available for real purchase"
"SIM-BIZ-011","Floral & Decor Test Co 01 [SYNTHETIC]","Supplier","Floral and decor","Johannesburg","Micro","SIM-BIZ-011-CAT-008","SIM-011-008","Ivory Fluted Backdrop [SYNTHETIC]","Floral and decor","Each","QUANTITY","100","1267","1647.1","/simulation/catalogue/products/ivory-fluted-backdrop.png","true","GENERATED_FOR_EVENTOS_SIMULATION","Simulator-only fixture; not available for real purchase"
"SIM-BIZ-011","Floral & Decor Test Co 01 [SYNTHETIC]","Supplier","Floral and decor","Johannesburg","Micro","SIM-BIZ-011-CAT-009","SIM-011-009","Black Geometric Backdrop [SYNTHETIC]","Floral and decor","Each","QUANTITY","100","1314","1708.2","/simulation/catalogue/modular-backdrops.png","true","GENERATED_FOR_EVENTOS_SIMULATION","Simulator-only fixture; not available for real purchase"
"SIM-BIZ-011","Floral & Decor Test Co 01 [SYNTHETIC]","Supplier","Floral and decor","Johannesburg","Micro","SIM-BIZ-011-CAT-010","SIM-011-010","Ivory Display Plinth [SYNTHETIC]","Floral and decor","Each","QUANTITY","100","1411","1890.74","/simulation/catalogue/products/ivory-display-plinth.png","true","GENERATED_FOR_EVENTOS_SIMULATION","Simulator-only fixture; not available for real purchase"
"SIM-BIZ-011","Floral & Decor Test Co 01 [SYNTHETIC]","Supplier","Floral and decor","Johannesburg","Micro","SIM-BIZ-011-CAT-011","SIM-011-011","Black Display Plinth [SYNTHETIC]","Floral and decor","Each","QUANTITY","100","1458","1953.72","/simulation/catalogue/ottomans-and-plinths.png","true","GENERATED_FOR_EVENTOS_SIMULATION","Simulator-only fixture; not available for real purchase"
"SIM-BIZ-011","Floral & Decor Test Co 01 [SYNTHETIC]","Supplier","Floral and decor","Johannesburg","Micro","SIM-BIZ-011-CAT-012","SIM-011-012","Natural Timber Display Plinth [SYNTHETIC]","Floral and decor","Each","QUANTITY","100","1505","2016.7","/simulation/catalogue/ottomans-and-plinths.png","true","GENERATED_FOR_EVENTOS_SIMULATION","Simulator-only fixture; not available for real purchase"
"SIM-BIZ-011","Floral & Decor Test Co 01 [SYNTHETIC]","Supplier","Floral and decor","Johannesburg","Micro","SIM-BIZ-011-CAT-013","SIM-011-013","Sage Velvet Ottoman [SYNTHETIC]","Floral and decor","Each","QUANTITY","100","1552","2079.68","/simulation/catalogue/ottomans-and-plinths.png","true","GENERATED_FOR_EVENTOS_SIMULATION","Simulator-only fixture; not available for real purchase"
"SIM-BIZ-011","Floral & Decor Test Co 01 [SYNTHETIC]","Supplier","Floral and decor","Johannesburg","Micro","SIM-BIZ-011-CAT-014","SIM-011-014","Blush Velvet Ottoman [SYNTHETIC]","Floral and decor","Each","QUANTITY","100","1599","2142.66","/simulation/catalogue/ottomans-and-plinths.png","true","GENERATED_FOR_EVENTOS_SIMULATION","Simulator-only fixture; not available for real purchase"
"SIM-BIZ-011","Floral & Decor Test Co 01 [SYNTHETIC]","Supplier","Floral and decor","Johannesburg","Micro","SIM-BIZ-011-CAT-015","SIM-011-015","Ivory Channelled Ottoman [SYNTHETIC]","Floral and decor","Each","QUANTITY","100","1646","2205.64","/simulation/catalogue/ottomans-and-plinths.png","true","GENERATED_FOR_EVENTOS_SIMULATION","Simulator-only fixture; not available for real purchase"
"SIM-BIZ-011","Floral & Decor Test Co 01 [SYNTHETIC]","Supplier","Floral and decor","Johannesburg","Micro","SIM-BIZ-011-CAT-016","SIM-011-016","Gold Nesting Side Table Set [SYNTHETIC]","Floral and decor","Each","QUANTITY","100","1693","2268.62","/simulation/catalogue/ottomans-and-plinths.png","true","GENERATED_FOR_EVENTOS_SIMULATION","Simulator-only fixture; not available for real purchase"
"SIM-BIZ-011","Floral & Decor Test Co 01 [SYNTHETIC]","Supplier","Floral and decor","Johannesburg","Micro","SIM-BIZ-011-CAT-017","SIM-011-017","Ivory Lounge Bench [SYNTHETIC]","Floral and decor","Each","QUANTITY","100","1740","2331.6","/simulation/catalogue/ottomans-and-plinths.png","true","GENERATED_FOR_EVENTOS_SIMULATION","Simulator-only fixture; not available for real purchase"
"SIM-BIZ-011","Floral & Decor Test Co 01 [SYNTHETIC]","Supplier","Floral and decor","Johannesburg","Micro","SIM-BIZ-011-CAT-018","SIM-011-018","Cocktail Side Table [SYNTHETIC]","Floral and decor","Each","QUANTITY","100","1787","2394.58","/simulation/catalogue/ottomans-and-plinths.png","true","GENERATED_FOR_EVENTOS_SIMULATION","Simulator-only fixture; not available for real purchase"
"SIM-BIZ-011","Floral & Decor Test Co 01 [SYNTHETIC]","Supplier","Floral and decor","Johannesburg","Micro","SIM-BIZ-011-CAT-019","SIM-011-019","Ceremony Aisle Stand [SYNTHETIC]","Floral and decor","Each","QUANTITY","100","1834","2457.56","/simulation/catalogue/ottomans-and-plinths.png","true","GENERATED_FOR_EVENTOS_SIMULATION","Simulator-only fixture; not available for real purchase"
"SIM-BIZ-011","Floral & Decor Test Co 01 [SYNTHETIC]","Supplier","Floral and decor","Johannesburg","Micro","SIM-BIZ-011-CAT-020","SIM-011-020","Welcome Sign Stand [SYNTHETIC]","Floral and decor","Each","QUANTITY","100","1881","2520.54","/simulation/catalogue/ottomans-and-plinths.png","true","GENERATED_FOR_EVENTOS_SIMULATION","Simulator-only fixture; not available for real purchase"
"SIM-BIZ-012","Floral & Decor Test Co 02 [SYNTHETIC]","Supplier","Floral and decor","Pretoria","Small","SIM-BIZ-012-CAT-001","SIM-012-001","White and Green Low Floral Arrangement [SYNTHETIC]","Floral and decor","Each","QUANTITY","140","1366.5","1667.13","/simulation/catalogue/floral-centrepieces.png","true","GENERATED_FOR_EVENTOS_SIMULATION","Simulator-only fixture; not available for real purchase"
"SIM-BIZ-012","Floral & Decor Test Co 02 [SYNTHETIC]","Supplier","Floral and decor","Pretoria","Small","SIM-BIZ-012-CAT-002","SIM-012-002","White and Green Tall Floral Arrangement [SYNTHETIC]","Floral and decor","Each","QUANTITY","140","1437","1753.14","/simulation/catalogue/products/white-green-tall-floral-arrangement.png","true","GENERATED_FOR_EVENTOS_SIMULATION","Simulator-only fixture; not available for real purchase"
"SIM-BIZ-012","Floral & Decor Test Co 02 [SYNTHETIC]","Supplier","Floral and decor","Pretoria","Small","SIM-BIZ-012-CAT-003","SIM-012-003","Loose Bud Vase Set [SYNTHETIC]","Floral and decor","Each","QUANTITY","140","1507.5","1839.15","/simulation/catalogue/floral-centrepieces.png","true","GENERATED_FOR_EVENTOS_SIMULATION","Simulator-only fixture; not available for real purchase"
"SIM-BIZ-012","Floral & Decor Test Co 02 [SYNTHETIC]","Supplier","Floral and decor","Pretoria","Small","SIM-BIZ-012-CAT-004","SIM-012-004","Blush and Cream Low Centrepiece [SYNTHETIC]","Floral and decor","Each","QUANTITY","140","1653","2082.78","/simulation/catalogue/products/blush-cream-low-centrepiece.png","true","GENERATED_FOR_EVENTOS_SIMULATION","Simulator-only fixture; not available for real purchase"
"SIM-BIZ-012","Floral & Decor Test Co 02 [SYNTHETIC]","Supplier","Floral and decor","Pretoria","Small","SIM-BIZ-012-CAT-005","SIM-012-005","Blush and Cream Tall Centrepiece [SYNTHETIC]","Floral and decor","Each","QUANTITY","140","1723.5","2171.61","/simulation/catalogue/floral-centrepieces.png","true","GENERATED_FOR_EVENTOS_SIMULATION","Simulator-only fixture; not available for real purchase"
"SIM-BIZ-012","Floral & Decor Test Co 02 [SYNTHETIC]","Supplier","Floral and decor","Pretoria","Small","SIM-BIZ-012-CAT-006","SIM-012-006","Mixed Candle Centrepiece Set [SYNTHETIC]","Floral and decor","Each","QUANTITY","140","1794","2260.44","/simulation/catalogue/table-settings.png","true","GENERATED_FOR_EVENTOS_SIMULATION","Simulator-only fixture; not available for real purchase"
"SIM-BIZ-012","Floral & Decor Test Co 02 [SYNTHETIC]","Supplier","Floral and decor","Pretoria","Small","SIM-BIZ-012-CAT-007","SIM-012-007","Timber Arch Backdrop [SYNTHETIC]","Floral and decor","Each","QUANTITY","140","1939.5","2521.35","/simulation/catalogue/modular-backdrops.png","true","GENERATED_FOR_EVENTOS_SIMULATION","Simulator-only fixture; not available for real purchase"
"SIM-BIZ-012","Floral & Decor Test Co 02 [SYNTHETIC]","Supplier","Floral and decor","Pretoria","Small","SIM-BIZ-012-CAT-008","SIM-012-008","Ivory Fluted Backdrop [SYNTHETIC]","Floral and decor","Each","QUANTITY","140","2010","2613","/simulation/catalogue/products/ivory-fluted-backdrop.png","true","GENERATED_FOR_EVENTOS_SIMULATION","Simulator-only fixture; not available for real purchase"
"SIM-BIZ-012","Floral & Decor Test Co 02 [SYNTHETIC]","Supplier","Floral and decor","Pretoria","Small","SIM-BIZ-012-CAT-009","SIM-012-009","Black Geometric Backdrop [SYNTHETIC]","Floral and decor","Each","QUANTITY","140","2080.5","2704.65","/simulation/catalogue/modular-backdrops.png","true","GENERATED_FOR_EVENTOS_SIMULATION","Simulator-only fixture; not available for real purchase"
"SIM-BIZ-012","Floral & Decor Test Co 02 [SYNTHETIC]","Supplier","Floral and decor","Pretoria","Small","SIM-BIZ-012-CAT-010","SIM-012-010","Ivory Display Plinth [SYNTHETIC]","Floral and decor","Each","QUANTITY","140","2226","2982.84","/simulation/catalogue/products/ivory-display-plinth.png","true","GENERATED_FOR_EVENTOS_SIMULATION","Simulator-only fixture; not available for real purchase"
"SIM-BIZ-012","Floral & Decor Test Co 02 [SYNTHETIC]","Supplier","Floral and decor","Pretoria","Small","SIM-BIZ-012-CAT-011","SIM-012-011","Black Display Plinth [SYNTHETIC]","Floral and decor","Each","QUANTITY","140","2296.5","3077.31","/simulation/catalogue/ottomans-and-plinths.png","true","GENERATED_FOR_EVENTOS_SIMULATION","Simulator-only fixture; not available for real purchase"
"SIM-BIZ-012","Floral & Decor Test Co 02 [SYNTHETIC]","Supplier","Floral and decor","Pretoria","Small","SIM-BIZ-012-CAT-012","SIM-012-012","Natural Timber Display Plinth [SYNTHETIC]","Floral and decor","Each","QUANTITY","140","2367","3171.78","/simulation/catalogue/ottomans-and-plinths.png","true","GENERATED_FOR_EVENTOS_SIMULATION","Simulator-only fixture; not available for real purchase"
"SIM-BIZ-012","Floral & Decor Test Co 02 [SYNTHETIC]","Supplier","Floral and decor","Pretoria","Small","SIM-BIZ-012-CAT-013","SIM-012-013","Sage Velvet Ottoman [SYNTHETIC]","Floral and decor","Each","QUANTITY","140","2437.5","3266.25","/simulation/catalogue/ottomans-and-plinths.png","true","GENERATED_FOR_EVENTOS_SIMULATION","Simulator-only fixture; not available for real purchase"
"SIM-BIZ-012","Floral & Decor Test Co 02 [SYNTHETIC]","Supplier","Floral and decor","Pretoria","Small","SIM-BIZ-012-CAT-014","SIM-012-014","Blush Velvet Ottoman [SYNTHETIC]","Floral and decor","Each","QUANTITY","140","2508","3360.72","/simulation/catalogue/ottomans-and-plinths.png","true","GENERATED_FOR_EVENTOS_SIMULATION","Simulator-only fixture; not available for real purchase"
"SIM-BIZ-012","Floral & Decor Test Co 02 [SYNTHETIC]","Supplier","Floral and decor","Pretoria","Small","SIM-BIZ-012-CAT-015","SIM-012-015","Ivory Channelled Ottoman [SYNTHETIC]","Floral and decor","Each","QUANTITY","140","2578.5","3455.19","/simulation/catalogue/ottomans-and-plinths.png","true","GENERATED_FOR_EVENTOS_SIMULATION","Simulator-only fixture; not available for real purchase"
"SIM-BIZ-012","Floral & Decor Test Co 02 [SYNTHETIC]","Supplier","Floral and decor","Pretoria","Small","SIM-BIZ-012-CAT-016","SIM-012-016","Gold Nesting Side Table Set [SYNTHETIC]","Floral and decor","Each","QUANTITY","140","2649","3549.66","/simulation/catalogue/ottomans-and-plinths.png","true","GENERATED_FOR_EVENTOS_SIMULATION","Simulator-only fixture; not available for real purchase"
"SIM-BIZ-012","Floral & Decor Test Co 02 [SYNTHETIC]","Supplier","Floral and decor","Pretoria","Small","SIM-BIZ-012-CAT-017","SIM-012-017","Ivory Lounge Bench [SYNTHETIC]","Floral and decor","Each","QUANTITY","140","2719.5","3644.13","/simulation/catalogue/ottomans-and-plinths.png","true","GENERATED_FOR_EVENTOS_SIMULATION","Simulator-only fixture; not available for real purchase"
"SIM-BIZ-012","Floral & Decor Test Co 02 [SYNTHETIC]","Supplier","Floral and decor","Pretoria","Small","SIM-BIZ-012-CAT-018","SIM-012-018","Cocktail Side Table [SYNTHETIC]","Floral and decor","Each","QUANTITY","140","2790","3738.6","/simulation/catalogue/ottomans-and-plinths.png","true","GENERATED_FOR_EVENTOS_SIMULATION","Simulator-only fixture; not available for real purchase"
"SIM-BIZ-012","Floral & Decor Test Co 02 [SYNTHETIC]","Supplier","Floral and decor","Pretoria","Small","SIM-BIZ-012-CAT-019","SIM-012-019","Ceremony Aisle Stand [SYNTHETIC]","Floral and decor","Each","QUANTITY","140","2860.5","3833.07","/simulation/catalogue/ottomans-and-plinths.png","true","GENERATED_FOR_EVENTOS_SIMULATION","Simulator-only fixture; not available for real purchase"
"SIM-BIZ-012","Floral & Decor Test Co 02 [SYNTHETIC]","Supplier","Floral and decor","Pretoria","Small","SIM-BIZ-012-CAT-020","SIM-012-020","Welcome Sign Stand [SYNTHETIC]","Floral and decor","Each","QUANTITY","140","2931","3927.54","/simulation/catalogue/ottomans-and-plinths.png","true","GENERATED_FOR_EVENTOS_SIMULATION","Simulator-only fixture; not available for real purchase"
"SIM-BIZ-013","Floral & Decor Test Co 03 [SYNTHETIC]","Supplier","Floral and decor","Durban","Medium","SIM-BIZ-013-CAT-001","SIM-013-001","White and Green Low Floral Arrangement [SYNTHETIC]","Floral and decor","Each","QUANTITY","220","2460","3001.2","/simulation/catalogue/floral-centrepieces.png","true","GENERATED_FOR_EVENTOS_SIMULATION","Simulator-only fixture; not available for real purchase"
"SIM-BIZ-013","Floral & Decor Test Co 03 [SYNTHETIC]","Supplier","Floral and decor","Durban","Medium","SIM-BIZ-013-CAT-002","SIM-013-002","White and Green Tall Floral Arrangement [SYNTHETIC]","Floral and decor","Each","QUANTITY","220","2577.5","3144.55","/simulation/catalogue/products/white-green-tall-floral-arrangement.png","true","GENERATED_FOR_EVENTOS_SIMULATION","Simulator-only fixture; not available for real purchase"
"SIM-BIZ-013","Floral & Decor Test Co 03 [SYNTHETIC]","Supplier","Floral and decor","Durban","Medium","SIM-BIZ-013-CAT-003","SIM-013-003","Loose Bud Vase Set [SYNTHETIC]","Floral and decor","Each","QUANTITY","220","2695","3287.9","/simulation/catalogue/floral-centrepieces.png","true","GENERATED_FOR_EVENTOS_SIMULATION","Simulator-only fixture; not available for real purchase"
"SIM-BIZ-013","Floral & Decor Test Co 03 [SYNTHETIC]","Supplier","Floral and decor","Durban","Medium","SIM-BIZ-013-CAT-004","SIM-013-004","Blush and Cream Low Centrepiece [SYNTHETIC]","Floral and decor","Each","QUANTITY","220","2937.5","3701.25","/simulation/catalogue/products/blush-cream-low-centrepiece.png","true","GENERATED_FOR_EVENTOS_SIMULATION","Simulator-only fixture; not available for real purchase"
"SIM-BIZ-013","Floral & Decor Test Co 03 [SYNTHETIC]","Supplier","Floral and decor","Durban","Medium","SIM-BIZ-013-CAT-005","SIM-013-005","Blush and Cream Tall Centrepiece [SYNTHETIC]","Floral and decor","Each","QUANTITY","220","3055","3849.3","/simulation/catalogue/floral-centrepieces.png","true","GENERATED_FOR_EVENTOS_SIMULATION","Simulator-only fixture; not available for real purchase"
"SIM-BIZ-013","Floral & Decor Test Co 03 [SYNTHETIC]","Supplier","Floral and decor","Durban","Medium","SIM-BIZ-013-CAT-006","SIM-013-006","Mixed Candle Centrepiece Set [SYNTHETIC]","Floral and decor","Each","QUANTITY","220","3172.5","3997.35","/simulation/catalogue/table-settings.png","true","GENERATED_FOR_EVENTOS_SIMULATION","Simulator-only fixture; not available for real purchase"
"SIM-BIZ-013","Floral & Decor Test Co 03 [SYNTHETIC]","Supplier","Floral and decor","Durban","Medium","SIM-BIZ-013-CAT-007","SIM-013-007","Timber Arch Backdrop [SYNTHETIC]","Floral and decor","Each","QUANTITY","220","3415","4439.5","/simulation/catalogue/modular-backdrops.png","true","GENERATED_FOR_EVENTOS_SIMULATION","Simulator-only fixture; not available for real purchase"
"SIM-BIZ-013","Floral & Decor Test Co 03 [SYNTHETIC]","Supplier","Floral and decor","Durban","Medium","SIM-BIZ-013-CAT-008","SIM-013-008","Ivory Fluted Backdrop [SYNTHETIC]","Floral and decor","Each","QUANTITY","220","3532.5","4592.25","/simulation/catalogue/products/ivory-fluted-backdrop.png","true","GENERATED_FOR_EVENTOS_SIMULATION","Simulator-only fixture; not available for real purchase"
"SIM-BIZ-013","Floral & Decor Test Co 03 [SYNTHETIC]","Supplier","Floral and decor","Durban","Medium","SIM-BIZ-013-CAT-009","SIM-013-009","Black Geometric Backdrop [SYNTHETIC]","Floral and decor","Each","QUANTITY","220","3650","4745","/simulation/catalogue/modular-backdrops.png","true","GENERATED_FOR_EVENTOS_SIMULATION","Simulator-only fixture; not available for real purchase"
"SIM-BIZ-013","Floral & Decor Test Co 03 [SYNTHETIC]","Supplier","Floral and decor","Durban","Medium","SIM-BIZ-013-CAT-010","SIM-013-010","Ivory Display Plinth [SYNTHETIC]","Floral and decor","Each","QUANTITY","220","3892.5","5215.95","/simulation/catalogue/products/ivory-display-plinth.png","true","GENERATED_FOR_EVENTOS_SIMULATION","Simulator-only fixture; not available for real purchase"
"SIM-BIZ-013","Floral & Decor Test Co 03 [SYNTHETIC]","Supplier","Floral and decor","Durban","Medium","SIM-BIZ-013-CAT-011","SIM-013-011","Black Display Plinth [SYNTHETIC]","Floral and decor","Each","QUANTITY","220","4010","5373.4","/simulation/catalogue/ottomans-and-plinths.png","true","GENERATED_FOR_EVENTOS_SIMULATION","Simulator-only fixture; not available for real purchase"
"SIM-BIZ-013","Floral & Decor Test Co 03 [SYNTHETIC]","Supplier","Floral and decor","Durban","Medium","SIM-BIZ-013-CAT-012","SIM-013-012","Natural Timber Display Plinth [SYNTHETIC]","Floral and decor","Each","QUANTITY","220","4127.5","5530.85","/simulation/catalogue/ottomans-and-plinths.png","true","GENERATED_FOR_EVENTOS_SIMULATION","Simulator-only fixture; not available for real purchase"
"SIM-BIZ-013","Floral & Decor Test Co 03 [SYNTHETIC]","Supplier","Floral and decor","Durban","Medium","SIM-BIZ-013-CAT-013","SIM-013-013","Sage Velvet Ottoman [SYNTHETIC]","Floral and decor","Each","QUANTITY","220","4245","5688.3","/simulation/catalogue/ottomans-and-plinths.png","true","GENERATED_FOR_EVENTOS_SIMULATION","Simulator-only fixture; not available for real purchase"
"SIM-BIZ-013","Floral & Decor Test Co 03 [SYNTHETIC]","Supplier","Floral and decor","Durban","Medium","SIM-BIZ-013-CAT-014","SIM-013-014","Blush Velvet Ottoman [SYNTHETIC]","Floral and decor","Each","QUANTITY","220","4362.5","5845.75","/simulation/catalogue/ottomans-and-plinths.png","true","GENERATED_FOR_EVENTOS_SIMULATION","Simulator-only fixture; not available for real purchase"
"SIM-BIZ-013","Floral & Decor Test Co 03 [SYNTHETIC]","Supplier","Floral and decor","Durban","Medium","SIM-BIZ-013-CAT-015","SIM-013-015","Ivory Channelled Ottoman [SYNTHETIC]","Floral and decor","Each","QUANTITY","220","4480","6003.2","/simulation/catalogue/ottomans-and-plinths.png","true","GENERATED_FOR_EVENTOS_SIMULATION","Simulator-only fixture; not available for real purchase"
"SIM-BIZ-013","Floral & Decor Test Co 03 [SYNTHETIC]","Supplier","Floral and decor","Durban","Medium","SIM-BIZ-013-CAT-016","SIM-013-016","Gold Nesting Side Table Set [SYNTHETIC]","Floral and decor","Each","QUANTITY","220","4597.5","6160.65","/simulation/catalogue/ottomans-and-plinths.png","true","GENERATED_FOR_EVENTOS_SIMULATION","Simulator-only fixture; not available for real purchase"
"SIM-BIZ-013","Floral & Decor Test Co 03 [SYNTHETIC]","Supplier","Floral and decor","Durban","Medium","SIM-BIZ-013-CAT-017","SIM-013-017","Ivory Lounge Bench [SYNTHETIC]","Floral and decor","Each","QUANTITY","220","4715","6318.1","/simulation/catalogue/ottomans-and-plinths.png","true","GENERATED_FOR_EVENTOS_SIMULATION","Simulator-only fixture; not available for real purchase"
"SIM-BIZ-013","Floral & Decor Test Co 03 [SYNTHETIC]","Supplier","Floral and decor","Durban","Medium","SIM-BIZ-013-CAT-018","SIM-013-018","Cocktail Side Table [SYNTHETIC]","Floral and decor","Each","QUANTITY","220","4832.5","6475.55","/simulation/catalogue/ottomans-and-plinths.png","true","GENERATED_FOR_EVENTOS_SIMULATION","Simulator-only fixture; not available for real purchase"
"SIM-BIZ-013","Floral & Decor Test Co 03 [SYNTHETIC]","Supplier","Floral and decor","Durban","Medium","SIM-BIZ-013-CAT-019","SIM-013-019","Ceremony Aisle Stand [SYNTHETIC]","Floral and decor","Each","QUANTITY","220","4950","6633","/simulation/catalogue/ottomans-and-plinths.png","true","GENERATED_FOR_EVENTOS_SIMULATION","Simulator-only fixture; not available for real purchase"
"SIM-BIZ-013","Floral & Decor Test Co 03 [SYNTHETIC]","Supplier","Floral and decor","Durban","Medium","SIM-BIZ-013-CAT-020","SIM-013-020","Welcome Sign Stand [SYNTHETIC]","Floral and decor","Each","QUANTITY","220","5067.5","6790.45","/simulation/catalogue/ottomans-and-plinths.png","true","GENERATED_FOR_EVENTOS_SIMULATION","Simulator-only fixture; not available for real purchase"
"SIM-BIZ-014","Floral & Decor Test Co 04 [SYNTHETIC]","Supplier","Floral and decor","Gqeberha","Large","SIM-BIZ-014-CAT-001","SIM-014-001","White and Green Low Floral Arrangement [SYNTHETIC]","Floral and decor","Each","QUANTITY","340","4228","5158.16","/simulation/catalogue/floral-centrepieces.png","true","GENERATED_FOR_EVENTOS_SIMULATION","Simulator-only fixture; not available for real purchase"
"SIM-BIZ-014","Floral & Decor Test Co 04 [SYNTHETIC]","Supplier","Floral and decor","Gqeberha","Large","SIM-BIZ-014-CAT-002","SIM-014-002","White and Green Tall Floral Arrangement [SYNTHETIC]","Floral and decor","Each","QUANTITY","340","4416","5387.52","/simulation/catalogue/products/white-green-tall-floral-arrangement.png","true","GENERATED_FOR_EVENTOS_SIMULATION","Simulator-only fixture; not available for real purchase"
"SIM-BIZ-014","Floral & Decor Test Co 04 [SYNTHETIC]","Supplier","Floral and decor","Gqeberha","Large","SIM-BIZ-014-CAT-003","SIM-014-003","Loose Bud Vase Set [SYNTHETIC]","Floral and decor","Each","QUANTITY","340","4604","5616.88","/simulation/catalogue/floral-centrepieces.png","true","GENERATED_FOR_EVENTOS_SIMULATION","Simulator-only fixture; not available for real purchase"
"SIM-BIZ-014","Floral & Decor Test Co 04 [SYNTHETIC]","Supplier","Floral and decor","Gqeberha","Large","SIM-BIZ-014-CAT-004","SIM-014-004","Blush and Cream Low Centrepiece [SYNTHETIC]","Floral and decor","Each","QUANTITY","340","4992","6289.92","/simulation/catalogue/products/blush-cream-low-centrepiece.png","true","GENERATED_FOR_EVENTOS_SIMULATION","Simulator-only fixture; not available for real purchase"
"SIM-BIZ-014","Floral & Decor Test Co 04 [SYNTHETIC]","Supplier","Floral and decor","Gqeberha","Large","SIM-BIZ-014-CAT-005","SIM-014-005","Blush and Cream Tall Centrepiece [SYNTHETIC]","Floral and decor","Each","QUANTITY","340","5180","6526.8","/simulation/catalogue/floral-centrepieces.png","true","GENERATED_FOR_EVENTOS_SIMULATION","Simulator-only fixture; not available for real purchase"
"SIM-BIZ-014","Floral & Decor Test Co 04 [SYNTHETIC]","Supplier","Floral and decor","Gqeberha","Large","SIM-BIZ-014-CAT-006","SIM-014-006","Mixed Candle Centrepiece Set [SYNTHETIC]","Floral and decor","Each","QUANTITY","340","5368","6763.68","/simulation/catalogue/table-settings.png","true","GENERATED_FOR_EVENTOS_SIMULATION","Simulator-only fixture; not available for real purchase"
"SIM-BIZ-014","Floral & Decor Test Co 04 [SYNTHETIC]","Supplier","Floral and decor","Gqeberha","Large","SIM-BIZ-014-CAT-007","SIM-014-007","Timber Arch Backdrop [SYNTHETIC]","Floral and decor","Each","QUANTITY","340","5756","7482.8","/simulation/catalogue/modular-backdrops.png","true","GENERATED_FOR_EVENTOS_SIMULATION","Simulator-only fixture; not available for real purchase"
"SIM-BIZ-014","Floral & Decor Test Co 04 [SYNTHETIC]","Supplier","Floral and decor","Gqeberha","Large","SIM-BIZ-014-CAT-008","SIM-014-008","Ivory Fluted Backdrop [SYNTHETIC]","Floral and decor","Each","QUANTITY","340","5944","7727.2","/simulation/catalogue/products/ivory-fluted-backdrop.png","true","GENERATED_FOR_EVENTOS_SIMULATION","Simulator-only fixture; not available for real purchase"
"SIM-BIZ-014","Floral & Decor Test Co 04 [SYNTHETIC]","Supplier","Floral and decor","Gqeberha","Large","SIM-BIZ-014-CAT-009","SIM-014-009","Black Geometric Backdrop [SYNTHETIC]","Floral and decor","Each","QUANTITY","340","6132","7971.6","/simulation/catalogue/modular-backdrops.png","true","GENERATED_FOR_EVENTOS_SIMULATION","Simulator-only fixture; not available for real purchase"
"SIM-BIZ-014","Floral & Decor Test Co 04 [SYNTHETIC]","Supplier","Floral and decor","Gqeberha","Large","SIM-BIZ-014-CAT-010","SIM-014-010","Ivory Display Plinth [SYNTHETIC]","Floral and decor","Each","QUANTITY","340","6520","8736.8","/simulation/catalogue/products/ivory-display-plinth.png","true","GENERATED_FOR_EVENTOS_SIMULATION","Simulator-only fixture; not available for real purchase"
"SIM-BIZ-014","Floral & Decor Test Co 04 [SYNTHETIC]","Supplier","Floral and decor","Gqeberha","Large","SIM-BIZ-014-CAT-011","SIM-014-011","Black Display Plinth [SYNTHETIC]","Floral and decor","Each","QUANTITY","340","6708","8988.72","/simulation/catalogue/ottomans-and-plinths.png","true","GENERATED_FOR_EVENTOS_SIMULATION","Simulator-only fixture; not available for real purchase"
"SIM-BIZ-014","Floral & Decor Test Co 04 [SYNTHETIC]","Supplier","Floral and decor","Gqeberha","Large","SIM-BIZ-014-CAT-012","SIM-014-012","Natural Timber Display Plinth [SYNTHETIC]","Floral and decor","Each","QUANTITY","340","6896","9240.64","/simulation/catalogue/ottomans-and-plinths.png","true","GENERATED_FOR_EVENTOS_SIMULATION","Simulator-only fixture; not available for real purchase"
"SIM-BIZ-014","Floral & Decor Test Co 04 [SYNTHETIC]","Supplier","Floral and decor","Gqeberha","Large","SIM-BIZ-014-CAT-013","SIM-014-013","Sage Velvet Ottoman [SYNTHETIC]","Floral and decor","Each","QUANTITY","340","7084","9492.56","/simulation/catalogue/ottomans-and-plinths.png","true","GENERATED_FOR_EVENTOS_SIMULATION","Simulator-only fixture; not available for real purchase"
"SIM-BIZ-014","Floral & Decor Test Co 04 [SYNTHETIC]","Supplier","Floral and decor","Gqeberha","Large","SIM-BIZ-014-CAT-014","SIM-014-014","Blush Velvet Ottoman [SYNTHETIC]","Floral and decor","Each","QUANTITY","340","7272","9744.48","/simulation/catalogue/ottomans-and-plinths.png","true","GENERATED_FOR_EVENTOS_SIMULATION","Simulator-only fixture; not available for real purchase"
"SIM-BIZ-014","Floral & Decor Test Co 04 [SYNTHETIC]","Supplier","Floral and decor","Gqeberha","Large","SIM-BIZ-014-CAT-015","SIM-014-015","Ivory Channelled Ottoman [SYNTHETIC]","Floral and decor","Each","QUANTITY","340","7460","9996.4","/simulation/catalogue/ottomans-and-plinths.png","true","GENERATED_FOR_EVENTOS_SIMULATION","Simulator-only fixture; not available for real purchase"
"SIM-BIZ-014","Floral & Decor Test Co 04 [SYNTHETIC]","Supplier","Floral and decor","Gqeberha","Large","SIM-BIZ-014-CAT-016","SIM-014-016","Gold Nesting Side Table Set [SYNTHETIC]","Floral and decor","Each","QUANTITY","340","7648","10248.32","/simulation/catalogue/ottomans-and-plinths.png","true","GENERATED_FOR_EVENTOS_SIMULATION","Simulator-only fixture; not available for real purchase"
"SIM-BIZ-014","Floral & Decor Test Co 04 [SYNTHETIC]","Supplier","Floral and decor","Gqeberha","Large","SIM-BIZ-014-CAT-017","SIM-014-017","Ivory Lounge Bench [SYNTHETIC]","Floral and decor","Each","QUANTITY","340","7836","10500.24","/simulation/catalogue/ottomans-and-plinths.png","true","GENERATED_FOR_EVENTOS_SIMULATION","Simulator-only fixture; not available for real purchase"
"SIM-BIZ-014","Floral & Decor Test Co 04 [SYNTHETIC]","Supplier","Floral and decor","Gqeberha","Large","SIM-BIZ-014-CAT-018","SIM-014-018","Cocktail Side Table [SYNTHETIC]","Floral and decor","Each","QUANTITY","340","8024","10752.16","/simulation/catalogue/ottomans-and-plinths.png","true","GENERATED_FOR_EVENTOS_SIMULATION","Simulator-only fixture; not available for real purchase"
"SIM-BIZ-014","Floral & Decor Test Co 04 [SYNTHETIC]","Supplier","Floral and decor","Gqeberha","Large","SIM-BIZ-014-CAT-019","SIM-014-019","Ceremony Aisle Stand [SYNTHETIC]","Floral and decor","Each","QUANTITY","340","8212","11004.08","/simulation/catalogue/ottomans-and-plinths.png","true","GENERATED_FOR_EVENTOS_SIMULATION","Simulator-only fixture; not available for real purchase"
"SIM-BIZ-014","Floral & Decor Test Co 04 [SYNTHETIC]","Supplier","Floral and decor","Gqeberha","Large","SIM-BIZ-014-CAT-020","SIM-014-020","Welcome Sign Stand [SYNTHETIC]","Floral and decor","Each","QUANTITY","340","8400","11256","/simulation/catalogue/ottomans-and-plinths.png","true","GENERATED_FOR_EVENTOS_SIMULATION","Simulator-only fixture; not available for real purchase"
"SIM-BIZ-015","Floral & Decor Test Co 05 [SYNTHETIC]","Supplier","Floral and decor","Cape Town","Micro","SIM-BIZ-015-CAT-001","SIM-015-001","White and Green Low Floral Arrangement [SYNTHETIC]","Floral and decor","Each","QUANTITY","100","1130","1378.6","/simulation/catalogue/floral-centrepieces.png","true","GENERATED_FOR_EVENTOS_SIMULATION","Simulator-only fixture; not available for real purchase"
"SIM-BIZ-015","Floral & Decor Test Co 05 [SYNTHETIC]","Supplier","Floral and decor","Cape Town","Micro","SIM-BIZ-015-CAT-002","SIM-015-002","White and Green Tall Floral Arrangement [SYNTHETIC]","Floral and decor","Each","QUANTITY","100","1177","1435.94","/simulation/catalogue/products/white-green-tall-floral-arrangement.png","true","GENERATED_FOR_EVENTOS_SIMULATION","Simulator-only fixture; not available for real purchase"
"SIM-BIZ-015","Floral & Decor Test Co 05 [SYNTHETIC]","Supplier","Floral and decor","Cape Town","Micro","SIM-BIZ-015-CAT-003","SIM-015-003","Loose Bud Vase Set [SYNTHETIC]","Floral and decor","Each","QUANTITY","100","1224","1493.28","/simulation/catalogue/floral-centrepieces.png","true","GENERATED_FOR_EVENTOS_SIMULATION","Simulator-only fixture; not available for real purchase"
"SIM-BIZ-015","Floral & Decor Test Co 05 [SYNTHETIC]","Supplier","Floral and decor","Cape Town","Micro","SIM-BIZ-015-CAT-004","SIM-015-004","Blush and Cream Low Centrepiece [SYNTHETIC]","Floral and decor","Each","QUANTITY","100","1321","1664.46","/simulation/catalogue/products/blush-cream-low-centrepiece.png","true","GENERATED_FOR_EVENTOS_SIMULATION","Simulator-only fixture; not available for real purchase"
"SIM-BIZ-015","Floral & Decor Test Co 05 [SYNTHETIC]","Supplier","Floral and decor","Cape Town","Micro","SIM-BIZ-015-CAT-005","SIM-015-005","Blush and Cream Tall Centrepiece [SYNTHETIC]","Floral and decor","Each","QUANTITY","100","1368","1723.68","/simulation/catalogue/floral-centrepieces.png","true","GENERATED_FOR_EVENTOS_SIMULATION","Simulator-only fixture; not available for real purchase"
"SIM-BIZ-015","Floral & Decor Test Co 05 [SYNTHETIC]","Supplier","Floral and decor","Cape Town","Micro","SIM-BIZ-015-CAT-006","SIM-015-006","Mixed Candle Centrepiece Set [SYNTHETIC]","Floral and decor","Each","QUANTITY","100","1415","1782.9","/simulation/catalogue/table-settings.png","true","GENERATED_FOR_EVENTOS_SIMULATION","Simulator-only fixture; not available for real purchase"
"SIM-BIZ-015","Floral & Decor Test Co 05 [SYNTHETIC]","Supplier","Floral and decor","Cape Town","Micro","SIM-BIZ-015-CAT-007","SIM-015-007","Timber Arch Backdrop [SYNTHETIC]","Floral and decor","Each","QUANTITY","100","1512","1965.6","/simulation/catalogue/modular-backdrops.png","true","GENERATED_FOR_EVENTOS_SIMULATION","Simulator-only fixture; not available for real purchase"
"SIM-BIZ-015","Floral & Decor Test Co 05 [SYNTHETIC]","Supplier","Floral and decor","Cape Town","Micro","SIM-BIZ-015-CAT-008","SIM-015-008","Ivory Fluted Backdrop [SYNTHETIC]","Floral and decor","Each","QUANTITY","100","1559","2026.7","/simulation/catalogue/products/ivory-fluted-backdrop.png","true","GENERATED_FOR_EVENTOS_SIMULATION","Simulator-only fixture; not available for real purchase"
"SIM-BIZ-015","Floral & Decor Test Co 05 [SYNTHETIC]","Supplier","Floral and decor","Cape Town","Micro","SIM-BIZ-015-CAT-009","SIM-015-009","Black Geometric Backdrop [SYNTHETIC]","Floral and decor","Each","QUANTITY","100","1606","2087.8","/simulation/catalogue/modular-backdrops.png","true","GENERATED_FOR_EVENTOS_SIMULATION","Simulator-only fixture; not available for real purchase"
"SIM-BIZ-015","Floral & Decor Test Co 05 [SYNTHETIC]","Supplier","Floral and decor","Cape Town","Micro","SIM-BIZ-015-CAT-010","SIM-015-010","Ivory Display Plinth [SYNTHETIC]","Floral and decor","Each","QUANTITY","100","1703","2282.02","/simulation/catalogue/products/ivory-display-plinth.png","true","GENERATED_FOR_EVENTOS_SIMULATION","Simulator-only fixture; not available for real purchase"
"SIM-BIZ-015","Floral & Decor Test Co 05 [SYNTHETIC]","Supplier","Floral and decor","Cape Town","Micro","SIM-BIZ-015-CAT-011","SIM-015-011","Black Display Plinth [SYNTHETIC]","Floral and decor","Each","QUANTITY","100","1750","2345","/simulation/catalogue/ottomans-and-plinths.png","true","GENERATED_FOR_EVENTOS_SIMULATION","Simulator-only fixture; not available for real purchase"
"SIM-BIZ-015","Floral & Decor Test Co 05 [SYNTHETIC]","Supplier","Floral and decor","Cape Town","Micro","SIM-BIZ-015-CAT-012","SIM-015-012","Natural Timber Display Plinth [SYNTHETIC]","Floral and decor","Each","QUANTITY","100","1797","2407.98","/simulation/catalogue/ottomans-and-plinths.png","true","GENERATED_FOR_EVENTOS_SIMULATION","Simulator-only fixture; not available for real purchase"
"SIM-BIZ-015","Floral & Decor Test Co 05 [SYNTHETIC]","Supplier","Floral and decor","Cape Town","Micro","SIM-BIZ-015-CAT-013","SIM-015-013","Sage Velvet Ottoman [SYNTHETIC]","Floral and decor","Each","QUANTITY","100","1844","2470.96","/simulation/catalogue/ottomans-and-plinths.png","true","GENERATED_FOR_EVENTOS_SIMULATION","Simulator-only fixture; not available for real purchase"
"SIM-BIZ-015","Floral & Decor Test Co 05 [SYNTHETIC]","Supplier","Floral and decor","Cape Town","Micro","SIM-BIZ-015-CAT-014","SIM-015-014","Blush Velvet Ottoman [SYNTHETIC]","Floral and decor","Each","QUANTITY","100","1891","2533.94","/simulation/catalogue/ottomans-and-plinths.png","true","GENERATED_FOR_EVENTOS_SIMULATION","Simulator-only fixture; not available for real purchase"
"SIM-BIZ-015","Floral & Decor Test Co 05 [SYNTHETIC]","Supplier","Floral and decor","Cape Town","Micro","SIM-BIZ-015-CAT-015","SIM-015-015","Ivory Channelled Ottoman [SYNTHETIC]","Floral and decor","Each","QUANTITY","100","1938","2596.92","/simulation/catalogue/ottomans-and-plinths.png","true","GENERATED_FOR_EVENTOS_SIMULATION","Simulator-only fixture; not available for real purchase"
"SIM-BIZ-015","Floral & Decor Test Co 05 [SYNTHETIC]","Supplier","Floral and decor","Cape Town","Micro","SIM-BIZ-015-CAT-016","SIM-015-016","Gold Nesting Side Table Set [SYNTHETIC]","Floral and decor","Each","QUANTITY","100","1985","2659.9","/simulation/catalogue/ottomans-and-plinths.png","true","GENERATED_FOR_EVENTOS_SIMULATION","Simulator-only fixture; not available for real purchase"
"SIM-BIZ-015","Floral & Decor Test Co 05 [SYNTHETIC]","Supplier","Floral and decor","Cape Town","Micro","SIM-BIZ-015-CAT-017","SIM-015-017","Ivory Lounge Bench [SYNTHETIC]","Floral and decor","Each","QUANTITY","100","2032","2722.88","/simulation/catalogue/ottomans-and-plinths.png","true","GENERATED_FOR_EVENTOS_SIMULATION","Simulator-only fixture; not available for real purchase"
"SIM-BIZ-015","Floral & Decor Test Co 05 [SYNTHETIC]","Supplier","Floral and decor","Cape Town","Micro","SIM-BIZ-015-CAT-018","SIM-015-018","Cocktail Side Table [SYNTHETIC]","Floral and decor","Each","QUANTITY","100","2079","2785.86","/simulation/catalogue/ottomans-and-plinths.png","true","GENERATED_FOR_EVENTOS_SIMULATION","Simulator-only fixture; not available for real purchase"
"SIM-BIZ-015","Floral & Decor Test Co 05 [SYNTHETIC]","Supplier","Floral and decor","Cape Town","Micro","SIM-BIZ-015-CAT-019","SIM-015-019","Ceremony Aisle Stand [SYNTHETIC]","Floral and decor","Each","QUANTITY","100","2126","2848.84","/simulation/catalogue/ottomans-and-plinths.png","true","GENERATED_FOR_EVENTOS_SIMULATION","Simulator-only fixture; not available for real purchase"
"SIM-BIZ-015","Floral & Decor Test Co 05 [SYNTHETIC]","Supplier","Floral and decor","Cape Town","Micro","SIM-BIZ-015-CAT-020","SIM-015-020","Welcome Sign Stand [SYNTHETIC]","Floral and decor","Each","QUANTITY","100","2173","2911.82","/simulation/catalogue/ottomans-and-plinths.png","true","GENERATED_FOR_EVENTOS_SIMULATION","Simulator-only fixture; not available for real purchase"
"SIM-BIZ-016","Floral & Decor Test Co 06 [SYNTHETIC]","Supplier","Floral and decor","Johannesburg","Small","SIM-BIZ-016-CAT-001","SIM-016-001","White and Green Low Floral Arrangement [SYNTHETIC]","Floral and decor","Each","QUANTITY","140","1804.5","2201.49","/simulation/catalogue/floral-centrepieces.png","true","GENERATED_FOR_EVENTOS_SIMULATION","Simulator-only fixture; not available for real purchase"
"SIM-BIZ-016","Floral & Decor Test Co 06 [SYNTHETIC]","Supplier","Floral and decor","Johannesburg","Small","SIM-BIZ-016-CAT-002","SIM-016-002","White and Green Tall Floral Arrangement [SYNTHETIC]","Floral and decor","Each","QUANTITY","140","1875","2287.5","/simulation/catalogue/products/white-green-tall-floral-arrangement.png","true","GENERATED_FOR_EVENTOS_SIMULATION","Simulator-only fixture; not available for real purchase"
"SIM-BIZ-016","Floral & Decor Test Co 06 [SYNTHETIC]","Supplier","Floral and decor","Johannesburg","Small","SIM-BIZ-016-CAT-003","SIM-016-003","Loose Bud Vase Set [SYNTHETIC]","Floral and decor","Each","QUANTITY","140","1945.5","2373.51","/simulation/catalogue/floral-centrepieces.png","true","GENERATED_FOR_EVENTOS_SIMULATION","Simulator-only fixture; not available for real purchase"
"SIM-BIZ-016","Floral & Decor Test Co 06 [SYNTHETIC]","Supplier","Floral and decor","Johannesburg","Small","SIM-BIZ-016-CAT-004","SIM-016-004","Blush and Cream Low Centrepiece [SYNTHETIC]","Floral and decor","Each","QUANTITY","140","2091","2634.66","/simulation/catalogue/products/blush-cream-low-centrepiece.png","true","GENERATED_FOR_EVENTOS_SIMULATION","Simulator-only fixture; not available for real purchase"
"SIM-BIZ-016","Floral & Decor Test Co 06 [SYNTHETIC]","Supplier","Floral and decor","Johannesburg","Small","SIM-BIZ-016-CAT-005","SIM-016-005","Blush and Cream Tall Centrepiece [SYNTHETIC]","Floral and decor","Each","QUANTITY","140","2161.5","2723.49","/simulation/catalogue/floral-centrepieces.png","true","GENERATED_FOR_EVENTOS_SIMULATION","Simulator-only fixture; not available for real purchase"
"SIM-BIZ-016","Floral & Decor Test Co 06 [SYNTHETIC]","Supplier","Floral and decor","Johannesburg","Small","SIM-BIZ-016-CAT-006","SIM-016-006","Mixed Candle Centrepiece Set [SYNTHETIC]","Floral and decor","Each","QUANTITY","140","2232","2812.32","/simulation/catalogue/table-settings.png","true","GENERATED_FOR_EVENTOS_SIMULATION","Simulator-only fixture; not available for real purchase"
"SIM-BIZ-016","Floral & Decor Test Co 06 [SYNTHETIC]","Supplier","Floral and decor","Johannesburg","Small","SIM-BIZ-016-CAT-007","SIM-016-007","Timber Arch Backdrop [SYNTHETIC]","Floral and decor","Each","QUANTITY","140","2377.5","3090.75","/simulation/catalogue/modular-backdrops.png","true","GENERATED_FOR_EVENTOS_SIMULATION","Simulator-only fixture; not available for real purchase"
"SIM-BIZ-016","Floral & Decor Test Co 06 [SYNTHETIC]","Supplier","Floral and decor","Johannesburg","Small","SIM-BIZ-016-CAT-008","SIM-016-008","Ivory Fluted Backdrop [SYNTHETIC]","Floral and decor","Each","QUANTITY","140","2448","3182.4","/simulation/catalogue/products/ivory-fluted-backdrop.png","true","GENERATED_FOR_EVENTOS_SIMULATION","Simulator-only fixture; not available for real purchase"
"SIM-BIZ-016","Floral & Decor Test Co 06 [SYNTHETIC]","Supplier","Floral and decor","Johannesburg","Small","SIM-BIZ-016-CAT-009","SIM-016-009","Black Geometric Backdrop [SYNTHETIC]","Floral and decor","Each","QUANTITY","140","2518.5","3274.05","/simulation/catalogue/modular-backdrops.png","true","GENERATED_FOR_EVENTOS_SIMULATION","Simulator-only fixture; not available for real purchase"
"SIM-BIZ-016","Floral & Decor Test Co 06 [SYNTHETIC]","Supplier","Floral and decor","Johannesburg","Small","SIM-BIZ-016-CAT-010","SIM-016-010","Ivory Display Plinth [SYNTHETIC]","Floral and decor","Each","QUANTITY","140","2664","3569.76","/simulation/catalogue/products/ivory-display-plinth.png","true","GENERATED_FOR_EVENTOS_SIMULATION","Simulator-only fixture; not available for real purchase"
"SIM-BIZ-016","Floral & Decor Test Co 06 [SYNTHETIC]","Supplier","Floral and decor","Johannesburg","Small","SIM-BIZ-016-CAT-011","SIM-016-011","Black Display Plinth [SYNTHETIC]","Floral and decor","Each","QUANTITY","140","2734.5","3664.23","/simulation/catalogue/ottomans-and-plinths.png","true","GENERATED_FOR_EVENTOS_SIMULATION","Simulator-only fixture; not available for real purchase"
"SIM-BIZ-016","Floral & Decor Test Co 06 [SYNTHETIC]","Supplier","Floral and decor","Johannesburg","Small","SIM-BIZ-016-CAT-012","SIM-016-012","Natural Timber Display Plinth [SYNTHETIC]","Floral and decor","Each","QUANTITY","140","2805","3758.7","/simulation/catalogue/ottomans-and-plinths.png","true","GENERATED_FOR_EVENTOS_SIMULATION","Simulator-only fixture; not available for real purchase"
"SIM-BIZ-016","Floral & Decor Test Co 06 [SYNTHETIC]","Supplier","Floral and decor","Johannesburg","Small","SIM-BIZ-016-CAT-013","SIM-016-013","Sage Velvet Ottoman [SYNTHETIC]","Floral and decor","Each","QUANTITY","140","2875.5","3853.17","/simulation/catalogue/ottomans-and-plinths.png","true","GENERATED_FOR_EVENTOS_SIMULATION","Simulator-only fixture; not available for real purchase"
"SIM-BIZ-016","Floral & Decor Test Co 06 [SYNTHETIC]","Supplier","Floral and decor","Johannesburg","Small","SIM-BIZ-016-CAT-014","SIM-016-014","Blush Velvet Ottoman [SYNTHETIC]","Floral and decor","Each","QUANTITY","140","2946","3947.64","/simulation/catalogue/ottomans-and-plinths.png","true","GENERATED_FOR_EVENTOS_SIMULATION","Simulator-only fixture; not available for real purchase"
"SIM-BIZ-016","Floral & Decor Test Co 06 [SYNTHETIC]","Supplier","Floral and decor","Johannesburg","Small","SIM-BIZ-016-CAT-015","SIM-016-015","Ivory Channelled Ottoman [SYNTHETIC]","Floral and decor","Each","QUANTITY","140","3016.5","4042.11","/simulation/catalogue/ottomans-and-plinths.png","true","GENERATED_FOR_EVENTOS_SIMULATION","Simulator-only fixture; not available for real purchase"
"SIM-BIZ-016","Floral & Decor Test Co 06 [SYNTHETIC]","Supplier","Floral and decor","Johannesburg","Small","SIM-BIZ-016-CAT-016","SIM-016-016","Gold Nesting Side Table Set [SYNTHETIC]","Floral and decor","Each","QUANTITY","140","3087","4136.58","/simulation/catalogue/ottomans-and-plinths.png","true","GENERATED_FOR_EVENTOS_SIMULATION","Simulator-only fixture; not available for real purchase"
"SIM-BIZ-016","Floral & Decor Test Co 06 [SYNTHETIC]","Supplier","Floral and decor","Johannesburg","Small","SIM-BIZ-016-CAT-017","SIM-016-017","Ivory Lounge Bench [SYNTHETIC]","Floral and decor","Each","QUANTITY","140","3157.5","4231.05","/simulation/catalogue/ottomans-and-plinths.png","true","GENERATED_FOR_EVENTOS_SIMULATION","Simulator-only fixture; not available for real purchase"
"SIM-BIZ-016","Floral & Decor Test Co 06 [SYNTHETIC]","Supplier","Floral and decor","Johannesburg","Small","SIM-BIZ-016-CAT-018","SIM-016-018","Cocktail Side Table [SYNTHETIC]","Floral and decor","Each","QUANTITY","140","3228","4325.52","/simulation/catalogue/ottomans-and-plinths.png","true","GENERATED_FOR_EVENTOS_SIMULATION","Simulator-only fixture; not available for real purchase"
"SIM-BIZ-016","Floral & Decor Test Co 06 [SYNTHETIC]","Supplier","Floral and decor","Johannesburg","Small","SIM-BIZ-016-CAT-019","SIM-016-019","Ceremony Aisle Stand [SYNTHETIC]","Floral and decor","Each","QUANTITY","140","3298.5","4419.99","/simulation/catalogue/ottomans-and-plinths.png","true","GENERATED_FOR_EVENTOS_SIMULATION","Simulator-only fixture; not available for real purchase"
"SIM-BIZ-016","Floral & Decor Test Co 06 [SYNTHETIC]","Supplier","Floral and decor","Johannesburg","Small","SIM-BIZ-016-CAT-020","SIM-016-020","Welcome Sign Stand [SYNTHETIC]","Floral and decor","Each","QUANTITY","140","3369","4514.46","/simulation/catalogue/ottomans-and-plinths.png","true","GENERATED_FOR_EVENTOS_SIMULATION","Simulator-only fixture; not available for real purchase"
"SIM-BIZ-017","Floral & Decor Test Co 07 [SYNTHETIC]","Supplier","Floral and decor","Pretoria","Medium","SIM-BIZ-017-CAT-001","SIM-017-001","White and Green Low Floral Arrangement [SYNTHETIC]","Floral and decor","Each","QUANTITY","220","3190","3891.8","/simulation/catalogue/floral-centrepieces.png","true","GENERATED_FOR_EVENTOS_SIMULATION","Simulator-only fixture; not available for real purchase"
"SIM-BIZ-017","Floral & Decor Test Co 07 [SYNTHETIC]","Supplier","Floral and decor","Pretoria","Medium","SIM-BIZ-017-CAT-002","SIM-017-002","White and Green Tall Floral Arrangement [SYNTHETIC]","Floral and decor","Each","QUANTITY","220","3307.5","4035.15","/simulation/catalogue/products/white-green-tall-floral-arrangement.png","true","GENERATED_FOR_EVENTOS_SIMULATION","Simulator-only fixture; not available for real purchase"
"SIM-BIZ-017","Floral & Decor Test Co 07 [SYNTHETIC]","Supplier","Floral and decor","Pretoria","Medium","SIM-BIZ-017-CAT-003","SIM-017-003","Loose Bud Vase Set [SYNTHETIC]","Floral and decor","Each","QUANTITY","220","3425","4178.5","/simulation/catalogue/floral-centrepieces.png","true","GENERATED_FOR_EVENTOS_SIMULATION","Simulator-only fixture; not available for real purchase"
"SIM-BIZ-017","Floral & Decor Test Co 07 [SYNTHETIC]","Supplier","Floral and decor","Pretoria","Medium","SIM-BIZ-017-CAT-004","SIM-017-004","Blush and Cream Low Centrepiece [SYNTHETIC]","Floral and decor","Each","QUANTITY","220","3667.5","4621.05","/simulation/catalogue/products/blush-cream-low-centrepiece.png","true","GENERATED_FOR_EVENTOS_SIMULATION","Simulator-only fixture; not available for real purchase"
"SIM-BIZ-017","Floral & Decor Test Co 07 [SYNTHETIC]","Supplier","Floral and decor","Pretoria","Medium","SIM-BIZ-017-CAT-005","SIM-017-005","Blush and Cream Tall Centrepiece [SYNTHETIC]","Floral and decor","Each","QUANTITY","220","3785","4769.1","/simulation/catalogue/floral-centrepieces.png","true","GENERATED_FOR_EVENTOS_SIMULATION","Simulator-only fixture; not available for real purchase"
"SIM-BIZ-017","Floral & Decor Test Co 07 [SYNTHETIC]","Supplier","Floral and decor","Pretoria","Medium","SIM-BIZ-017-CAT-006","SIM-017-006","Mixed Candle Centrepiece Set [SYNTHETIC]","Floral and decor","Each","QUANTITY","220","3902.5","4917.15","/simulation/catalogue/table-settings.png","true","GENERATED_FOR_EVENTOS_SIMULATION","Simulator-only fixture; not available for real purchase"
"SIM-BIZ-017","Floral & Decor Test Co 07 [SYNTHETIC]","Supplier","Floral and decor","Pretoria","Medium","SIM-BIZ-017-CAT-007","SIM-017-007","Timber Arch Backdrop [SYNTHETIC]","Floral and decor","Each","QUANTITY","220","4145","5388.5","/simulation/catalogue/modular-backdrops.png","true","GENERATED_FOR_EVENTOS_SIMULATION","Simulator-only fixture; not available for real purchase"
"SIM-BIZ-017","Floral & Decor Test Co 07 [SYNTHETIC]","Supplier","Floral and decor","Pretoria","Medium","SIM-BIZ-017-CAT-008","SIM-017-008","Ivory Fluted Backdrop [SYNTHETIC]","Floral and decor","Each","QUANTITY","220","4262.5","5541.25","/simulation/catalogue/products/ivory-fluted-backdrop.png","true","GENERATED_FOR_EVENTOS_SIMULATION","Simulator-only fixture; not available for real purchase"
"SIM-BIZ-017","Floral & Decor Test Co 07 [SYNTHETIC]","Supplier","Floral and decor","Pretoria","Medium","SIM-BIZ-017-CAT-009","SIM-017-009","Black Geometric Backdrop [SYNTHETIC]","Floral and decor","Each","QUANTITY","220","4380","5694","/simulation/catalogue/modular-backdrops.png","true","GENERATED_FOR_EVENTOS_SIMULATION","Simulator-only fixture; not available for real purchase"
"SIM-BIZ-017","Floral & Decor Test Co 07 [SYNTHETIC]","Supplier","Floral and decor","Pretoria","Medium","SIM-BIZ-017-CAT-010","SIM-017-010","Ivory Display Plinth [SYNTHETIC]","Floral and decor","Each","QUANTITY","220","4622.5","6194.15","/simulation/catalogue/products/ivory-display-plinth.png","true","GENERATED_FOR_EVENTOS_SIMULATION","Simulator-only fixture; not available for real purchase"
"SIM-BIZ-017","Floral & Decor Test Co 07 [SYNTHETIC]","Supplier","Floral and decor","Pretoria","Medium","SIM-BIZ-017-CAT-011","SIM-017-011","Black Display Plinth [SYNTHETIC]","Floral and decor","Each","QUANTITY","220","4740","6351.6","/simulation/catalogue/ottomans-and-plinths.png","true","GENERATED_FOR_EVENTOS_SIMULATION","Simulator-only fixture; not available for real purchase"
"SIM-BIZ-017","Floral & Decor Test Co 07 [SYNTHETIC]","Supplier","Floral and decor","Pretoria","Medium","SIM-BIZ-017-CAT-012","SIM-017-012","Natural Timber Display Plinth [SYNTHETIC]","Floral and decor","Each","QUANTITY","220","4857.5","6509.05","/simulation/catalogue/ottomans-and-plinths.png","true","GENERATED_FOR_EVENTOS_SIMULATION","Simulator-only fixture; not available for real purchase"
"SIM-BIZ-017","Floral & Decor Test Co 07 [SYNTHETIC]","Supplier","Floral and decor","Pretoria","Medium","SIM-BIZ-017-CAT-013","SIM-017-013","Sage Velvet Ottoman [SYNTHETIC]","Floral and decor","Each","QUANTITY","220","4975","6666.5","/simulation/catalogue/ottomans-and-plinths.png","true","GENERATED_FOR_EVENTOS_SIMULATION","Simulator-only fixture; not available for real purchase"
"SIM-BIZ-017","Floral & Decor Test Co 07 [SYNTHETIC]","Supplier","Floral and decor","Pretoria","Medium","SIM-BIZ-017-CAT-014","SIM-017-014","Blush Velvet Ottoman [SYNTHETIC]","Floral and decor","Each","QUANTITY","220","5092.5","6823.95","/simulation/catalogue/ottomans-and-plinths.png","true","GENERATED_FOR_EVENTOS_SIMULATION","Simulator-only fixture; not available for real purchase"
"SIM-BIZ-017","Floral & Decor Test Co 07 [SYNTHETIC]","Supplier","Floral and decor","Pretoria","Medium","SIM-BIZ-017-CAT-015","SIM-017-015","Ivory Channelled Ottoman [SYNTHETIC]","Floral and decor","Each","QUANTITY","220","5210","6981.4","/simulation/catalogue/ottomans-and-plinths.png","true","GENERATED_FOR_EVENTOS_SIMULATION","Simulator-only fixture; not available for real purchase"
"SIM-BIZ-017","Floral & Decor Test Co 07 [SYNTHETIC]","Supplier","Floral and decor","Pretoria","Medium","SIM-BIZ-017-CAT-016","SIM-017-016","Gold Nesting Side Table Set [SYNTHETIC]","Floral and decor","Each","QUANTITY","220","5327.5","7138.85","/simulation/catalogue/ottomans-and-plinths.png","true","GENERATED_FOR_EVENTOS_SIMULATION","Simulator-only fixture; not available for real purchase"
"SIM-BIZ-017","Floral & Decor Test Co 07 [SYNTHETIC]","Supplier","Floral and decor","Pretoria","Medium","SIM-BIZ-017-CAT-017","SIM-017-017","Ivory Lounge Bench [SYNTHETIC]","Floral and decor","Each","QUANTITY","220","5445","7296.3","/simulation/catalogue/ottomans-and-plinths.png","true","GENERATED_FOR_EVENTOS_SIMULATION","Simulator-only fixture; not available for real purchase"
"SIM-BIZ-017","Floral & Decor Test Co 07 [SYNTHETIC]","Supplier","Floral and decor","Pretoria","Medium","SIM-BIZ-017-CAT-018","SIM-017-018","Cocktail Side Table [SYNTHETIC]","Floral and decor","Each","QUANTITY","220","5562.5","7453.75","/simulation/catalogue/ottomans-and-plinths.png","true","GENERATED_FOR_EVENTOS_SIMULATION","Simulator-only fixture; not available for real purchase"
"SIM-BIZ-017","Floral & Decor Test Co 07 [SYNTHETIC]","Supplier","Floral and decor","Pretoria","Medium","SIM-BIZ-017-CAT-019","SIM-017-019","Ceremony Aisle Stand [SYNTHETIC]","Floral and decor","Each","QUANTITY","220","5680","7611.2","/simulation/catalogue/ottomans-and-plinths.png","true","GENERATED_FOR_EVENTOS_SIMULATION","Simulator-only fixture; not available for real purchase"
"SIM-BIZ-017","Floral & Decor Test Co 07 [SYNTHETIC]","Supplier","Floral and decor","Pretoria","Medium","SIM-BIZ-017-CAT-020","SIM-017-020","Welcome Sign Stand [SYNTHETIC]","Floral and decor","Each","QUANTITY","220","5797.5","7768.65","/simulation/catalogue/ottomans-and-plinths.png","true","GENERATED_FOR_EVENTOS_SIMULATION","Simulator-only fixture; not available for real purchase"
"SIM-BIZ-018","Floral & Decor Test Co 08 [SYNTHETIC]","Supplier","Floral and decor","Durban","Large","SIM-BIZ-018-CAT-001","SIM-018-001","White and Green Low Floral Arrangement [SYNTHETIC]","Floral and decor","Each","QUANTITY","340","5396","6583.12","/simulation/catalogue/floral-centrepieces.png","true","GENERATED_FOR_EVENTOS_SIMULATION","Simulator-only fixture; not available for real purchase"
"SIM-BIZ-018","Floral & Decor Test Co 08 [SYNTHETIC]","Supplier","Floral and decor","Durban","Large","SIM-BIZ-018-CAT-002","SIM-018-002","White and Green Tall Floral Arrangement [SYNTHETIC]","Floral and decor","Each","QUANTITY","340","5584","6812.48","/simulation/catalogue/products/white-green-tall-floral-arrangement.png","true","GENERATED_FOR_EVENTOS_SIMULATION","Simulator-only fixture; not available for real purchase"
"SIM-BIZ-018","Floral & Decor Test Co 08 [SYNTHETIC]","Supplier","Floral and decor","Durban","Large","SIM-BIZ-018-CAT-003","SIM-018-003","Loose Bud Vase Set [SYNTHETIC]","Floral and decor","Each","QUANTITY","340","5772","7041.84","/simulation/catalogue/floral-centrepieces.png","true","GENERATED_FOR_EVENTOS_SIMULATION","Simulator-only fixture; not available for real purchase"
"SIM-BIZ-018","Floral & Decor Test Co 08 [SYNTHETIC]","Supplier","Floral and decor","Durban","Large","SIM-BIZ-018-CAT-004","SIM-018-004","Blush and Cream Low Centrepiece [SYNTHETIC]","Floral and decor","Each","QUANTITY","340","6160","7761.6","/simulation/catalogue/products/blush-cream-low-centrepiece.png","true","GENERATED_FOR_EVENTOS_SIMULATION","Simulator-only fixture; not available for real purchase"
"SIM-BIZ-018","Floral & Decor Test Co 08 [SYNTHETIC]","Supplier","Floral and decor","Durban","Large","SIM-BIZ-018-CAT-005","SIM-018-005","Blush and Cream Tall Centrepiece [SYNTHETIC]","Floral and decor","Each","QUANTITY","340","6348","7998.48","/simulation/catalogue/floral-centrepieces.png","true","GENERATED_FOR_EVENTOS_SIMULATION","Simulator-only fixture; not available for real purchase"
"SIM-BIZ-018","Floral & Decor Test Co 08 [SYNTHETIC]","Supplier","Floral and decor","Durban","Large","SIM-BIZ-018-CAT-006","SIM-018-006","Mixed Candle Centrepiece Set [SYNTHETIC]","Floral and decor","Each","QUANTITY","340","6536","8235.36","/simulation/catalogue/table-settings.png","true","GENERATED_FOR_EVENTOS_SIMULATION","Simulator-only fixture; not available for real purchase"
"SIM-BIZ-018","Floral & Decor Test Co 08 [SYNTHETIC]","Supplier","Floral and decor","Durban","Large","SIM-BIZ-018-CAT-007","SIM-018-007","Timber Arch Backdrop [SYNTHETIC]","Floral and decor","Each","QUANTITY","340","6924","9001.2","/simulation/catalogue/modular-backdrops.png","true","GENERATED_FOR_EVENTOS_SIMULATION","Simulator-only fixture; not available for real purchase"
"SIM-BIZ-018","Floral & Decor Test Co 08 [SYNTHETIC]","Supplier","Floral and decor","Durban","Large","SIM-BIZ-018-CAT-008","SIM-018-008","Ivory Fluted Backdrop [SYNTHETIC]","Floral and decor","Each","QUANTITY","340","7112","9245.6","/simulation/catalogue/products/ivory-fluted-backdrop.png","true","GENERATED_FOR_EVENTOS_SIMULATION","Simulator-only fixture; not available for real purchase"
"SIM-BIZ-018","Floral & Decor Test Co 08 [SYNTHETIC]","Supplier","Floral and decor","Durban","Large","SIM-BIZ-018-CAT-009","SIM-018-009","Black Geometric Backdrop [SYNTHETIC]","Floral and decor","Each","QUANTITY","340","7300","9490","/simulation/catalogue/modular-backdrops.png","true","GENERATED_FOR_EVENTOS_SIMULATION","Simulator-only fixture; not available for real purchase"
"SIM-BIZ-018","Floral & Decor Test Co 08 [SYNTHETIC]","Supplier","Floral and decor","Durban","Large","SIM-BIZ-018-CAT-010","SIM-018-010","Ivory Display Plinth [SYNTHETIC]","Floral and decor","Each","QUANTITY","340","7688","10301.92","/simulation/catalogue/products/ivory-display-plinth.png","true","GENERATED_FOR_EVENTOS_SIMULATION","Simulator-only fixture; not available for real purchase"
"SIM-BIZ-018","Floral & Decor Test Co 08 [SYNTHETIC]","Supplier","Floral and decor","Durban","Large","SIM-BIZ-018-CAT-011","SIM-018-011","Black Display Plinth [SYNTHETIC]","Floral and decor","Each","QUANTITY","340","7876","10553.84","/simulation/catalogue/ottomans-and-plinths.png","true","GENERATED_FOR_EVENTOS_SIMULATION","Simulator-only fixture; not available for real purchase"
"SIM-BIZ-018","Floral & Decor Test Co 08 [SYNTHETIC]","Supplier","Floral and decor","Durban","Large","SIM-BIZ-018-CAT-012","SIM-018-012","Natural Timber Display Plinth [SYNTHETIC]","Floral and decor","Each","QUANTITY","340","8064","10805.76","/simulation/catalogue/ottomans-and-plinths.png","true","GENERATED_FOR_EVENTOS_SIMULATION","Simulator-only fixture; not available for real purchase"
"SIM-BIZ-018","Floral & Decor Test Co 08 [SYNTHETIC]","Supplier","Floral and decor","Durban","Large","SIM-BIZ-018-CAT-013","SIM-018-013","Sage Velvet Ottoman [SYNTHETIC]","Floral and decor","Each","QUANTITY","340","8252","11057.68","/simulation/catalogue/ottomans-and-plinths.png","true","GENERATED_FOR_EVENTOS_SIMULATION","Simulator-only fixture; not available for real purchase"
"SIM-BIZ-018","Floral & Decor Test Co 08 [SYNTHETIC]","Supplier","Floral and decor","Durban","Large","SIM-BIZ-018-CAT-014","SIM-018-014","Blush Velvet Ottoman [SYNTHETIC]","Floral and decor","Each","QUANTITY","340","8440","11309.6","/simulation/catalogue/ottomans-and-plinths.png","true","GENERATED_FOR_EVENTOS_SIMULATION","Simulator-only fixture; not available for real purchase"
"SIM-BIZ-018","Floral & Decor Test Co 08 [SYNTHETIC]","Supplier","Floral and decor","Durban","Large","SIM-BIZ-018-CAT-015","SIM-018-015","Ivory Channelled Ottoman [SYNTHETIC]","Floral and decor","Each","QUANTITY","340","8628","11561.52","/simulation/catalogue/ottomans-and-plinths.png","true","GENERATED_FOR_EVENTOS_SIMULATION","Simulator-only fixture; not available for real purchase"
"SIM-BIZ-018","Floral & Decor Test Co 08 [SYNTHETIC]","Supplier","Floral and decor","Durban","Large","SIM-BIZ-018-CAT-016","SIM-018-016","Gold Nesting Side Table Set [SYNTHETIC]","Floral and decor","Each","QUANTITY","340","8816","11813.44","/simulation/catalogue/ottomans-and-plinths.png","true","GENERATED_FOR_EVENTOS_SIMULATION","Simulator-only fixture; not available for real purchase"
"SIM-BIZ-018","Floral & Decor Test Co 08 [SYNTHETIC]","Supplier","Floral and decor","Durban","Large","SIM-BIZ-018-CAT-017","SIM-018-017","Ivory Lounge Bench [SYNTHETIC]","Floral and decor","Each","QUANTITY","340","9004","12065.36","/simulation/catalogue/ottomans-and-plinths.png","true","GENERATED_FOR_EVENTOS_SIMULATION","Simulator-only fixture; not available for real purchase"
"SIM-BIZ-018","Floral & Decor Test Co 08 [SYNTHETIC]","Supplier","Floral and decor","Durban","Large","SIM-BIZ-018-CAT-018","SIM-018-018","Cocktail Side Table [SYNTHETIC]","Floral and decor","Each","QUANTITY","340","9192","12317.28","/simulation/catalogue/ottomans-and-plinths.png","true","GENERATED_FOR_EVENTOS_SIMULATION","Simulator-only fixture; not available for real purchase"
"SIM-BIZ-018","Floral & Decor Test Co 08 [SYNTHETIC]","Supplier","Floral and decor","Durban","Large","SIM-BIZ-018-CAT-019","SIM-018-019","Ceremony Aisle Stand [SYNTHETIC]","Floral and decor","Each","QUANTITY","340","9380","12569.2","/simulation/catalogue/ottomans-and-plinths.png","true","GENERATED_FOR_EVENTOS_SIMULATION","Simulator-only fixture; not available for real purchase"
"SIM-BIZ-018","Floral & Decor Test Co 08 [SYNTHETIC]","Supplier","Floral and decor","Durban","Large","SIM-BIZ-018-CAT-020","SIM-018-020","Welcome Sign Stand [SYNTHETIC]","Floral and decor","Each","QUANTITY","340","9568","12821.12","/simulation/catalogue/ottomans-and-plinths.png","true","GENERATED_FOR_EVENTOS_SIMULATION","Simulator-only fixture; not available for real purchase"
"SIM-BIZ-019","Floral & Decor Test Co 09 [SYNTHETIC]","Supplier","Floral and decor","Gqeberha","Micro","SIM-BIZ-019-CAT-001","SIM-019-001","White and Green Low Floral Arrangement [SYNTHETIC]","Floral and decor","Each","QUANTITY","100","1422","1734.84","/simulation/catalogue/floral-centrepieces.png","true","GENERATED_FOR_EVENTOS_SIMULATION","Simulator-only fixture; not available for real purchase"
"SIM-BIZ-019","Floral & Decor Test Co 09 [SYNTHETIC]","Supplier","Floral and decor","Gqeberha","Micro","SIM-BIZ-019-CAT-002","SIM-019-002","White and Green Tall Floral Arrangement [SYNTHETIC]","Floral and decor","Each","QUANTITY","100","1469","1792.18","/simulation/catalogue/products/white-green-tall-floral-arrangement.png","true","GENERATED_FOR_EVENTOS_SIMULATION","Simulator-only fixture; not available for real purchase"
"SIM-BIZ-019","Floral & Decor Test Co 09 [SYNTHETIC]","Supplier","Floral and decor","Gqeberha","Micro","SIM-BIZ-019-CAT-003","SIM-019-003","Loose Bud Vase Set [SYNTHETIC]","Floral and decor","Each","QUANTITY","100","1516","1849.52","/simulation/catalogue/floral-centrepieces.png","true","GENERATED_FOR_EVENTOS_SIMULATION","Simulator-only fixture; not available for real purchase"
"SIM-BIZ-019","Floral & Decor Test Co 09 [SYNTHETIC]","Supplier","Floral and decor","Gqeberha","Micro","SIM-BIZ-019-CAT-004","SIM-019-004","Blush and Cream Low Centrepiece [SYNTHETIC]","Floral and decor","Each","QUANTITY","100","1613","2032.38","/simulation/catalogue/products/blush-cream-low-centrepiece.png","true","GENERATED_FOR_EVENTOS_SIMULATION","Simulator-only fixture; not available for real purchase"
"SIM-BIZ-019","Floral & Decor Test Co 09 [SYNTHETIC]","Supplier","Floral and decor","Gqeberha","Micro","SIM-BIZ-019-CAT-005","SIM-019-005","Blush and Cream Tall Centrepiece [SYNTHETIC]","Floral and decor","Each","QUANTITY","100","1660","2091.6","/simulation/catalogue/floral-centrepieces.png","true","GENERATED_FOR_EVENTOS_SIMULATION","Simulator-only fixture; not available for real purchase"
"SIM-BIZ-019","Floral & Decor Test Co 09 [SYNTHETIC]","Supplier","Floral and decor","Gqeberha","Micro","SIM-BIZ-019-CAT-006","SIM-019-006","Mixed Candle Centrepiece Set [SYNTHETIC]","Floral and decor","Each","QUANTITY","100","1707","2150.82","/simulation/catalogue/table-settings.png","true","GENERATED_FOR_EVENTOS_SIMULATION","Simulator-only fixture; not available for real purchase"
"SIM-BIZ-019","Floral & Decor Test Co 09 [SYNTHETIC]","Supplier","Floral and decor","Gqeberha","Micro","SIM-BIZ-019-CAT-007","SIM-019-007","Timber Arch Backdrop [SYNTHETIC]","Floral and decor","Each","QUANTITY","100","1804","2345.2","/simulation/catalogue/modular-backdrops.png","true","GENERATED_FOR_EVENTOS_SIMULATION","Simulator-only fixture; not available for real purchase"
"SIM-BIZ-019","Floral & Decor Test Co 09 [SYNTHETIC]","Supplier","Floral and decor","Gqeberha","Micro","SIM-BIZ-019-CAT-008","SIM-019-008","Ivory Fluted Backdrop [SYNTHETIC]","Floral and decor","Each","QUANTITY","100","1851","2406.3","/simulation/catalogue/products/ivory-fluted-backdrop.png","true","GENERATED_FOR_EVENTOS_SIMULATION","Simulator-only fixture; not available for real purchase"
"SIM-BIZ-019","Floral & Decor Test Co 09 [SYNTHETIC]","Supplier","Floral and decor","Gqeberha","Micro","SIM-BIZ-019-CAT-009","SIM-019-009","Black Geometric Backdrop [SYNTHETIC]","Floral and decor","Each","QUANTITY","100","1898","2467.4","/simulation/catalogue/modular-backdrops.png","true","GENERATED_FOR_EVENTOS_SIMULATION","Simulator-only fixture; not available for real purchase"
"SIM-BIZ-019","Floral & Decor Test Co 09 [SYNTHETIC]","Supplier","Floral and decor","Gqeberha","Micro","SIM-BIZ-019-CAT-010","SIM-019-010","Ivory Display Plinth [SYNTHETIC]","Floral and decor","Each","QUANTITY","100","1995","2673.3","/simulation/catalogue/products/ivory-display-plinth.png","true","GENERATED_FOR_EVENTOS_SIMULATION","Simulator-only fixture; not available for real purchase"
"SIM-BIZ-019","Floral & Decor Test Co 09 [SYNTHETIC]","Supplier","Floral and decor","Gqeberha","Micro","SIM-BIZ-019-CAT-011","SIM-019-011","Black Display Plinth [SYNTHETIC]","Floral and decor","Each","QUANTITY","100","2042","2736.28","/simulation/catalogue/ottomans-and-plinths.png","true","GENERATED_FOR_EVENTOS_SIMULATION","Simulator-only fixture; not available for real purchase"
"SIM-BIZ-019","Floral & Decor Test Co 09 [SYNTHETIC]","Supplier","Floral and decor","Gqeberha","Micro","SIM-BIZ-019-CAT-012","SIM-019-012","Natural Timber Display Plinth [SYNTHETIC]","Floral and decor","Each","QUANTITY","100","2089","2799.26","/simulation/catalogue/ottomans-and-plinths.png","true","GENERATED_FOR_EVENTOS_SIMULATION","Simulator-only fixture; not available for real purchase"
"SIM-BIZ-019","Floral & Decor Test Co 09 [SYNTHETIC]","Supplier","Floral and decor","Gqeberha","Micro","SIM-BIZ-019-CAT-013","SIM-019-013","Sage Velvet Ottoman [SYNTHETIC]","Floral and decor","Each","QUANTITY","100","2136","2862.24","/simulation/catalogue/ottomans-and-plinths.png","true","GENERATED_FOR_EVENTOS_SIMULATION","Simulator-only fixture; not available for real purchase"
"SIM-BIZ-019","Floral & Decor Test Co 09 [SYNTHETIC]","Supplier","Floral and decor","Gqeberha","Micro","SIM-BIZ-019-CAT-014","SIM-019-014","Blush Velvet Ottoman [SYNTHETIC]","Floral and decor","Each","QUANTITY","100","2183","2925.22","/simulation/catalogue/ottomans-and-plinths.png","true","GENERATED_FOR_EVENTOS_SIMULATION","Simulator-only fixture; not available for real purchase"
"SIM-BIZ-019","Floral & Decor Test Co 09 [SYNTHETIC]","Supplier","Floral and decor","Gqeberha","Micro","SIM-BIZ-019-CAT-015","SIM-019-015","Ivory Channelled Ottoman [SYNTHETIC]","Floral and decor","Each","QUANTITY","100","2230","2988.2","/simulation/catalogue/ottomans-and-plinths.png","true","GENERATED_FOR_EVENTOS_SIMULATION","Simulator-only fixture; not available for real purchase"
"SIM-BIZ-019","Floral & Decor Test Co 09 [SYNTHETIC]","Supplier","Floral and decor","Gqeberha","Micro","SIM-BIZ-019-CAT-016","SIM-019-016","Gold Nesting Side Table Set [SYNTHETIC]","Floral and decor","Each","QUANTITY","100","2277","3051.18","/simulation/catalogue/ottomans-and-plinths.png","true","GENERATED_FOR_EVENTOS_SIMULATION","Simulator-only fixture; not available for real purchase"
"SIM-BIZ-019","Floral & Decor Test Co 09 [SYNTHETIC]","Supplier","Floral and decor","Gqeberha","Micro","SIM-BIZ-019-CAT-017","SIM-019-017","Ivory Lounge Bench [SYNTHETIC]","Floral and decor","Each","QUANTITY","100","2324","3114.16","/simulation/catalogue/ottomans-and-plinths.png","true","GENERATED_FOR_EVENTOS_SIMULATION","Simulator-only fixture; not available for real purchase"
"SIM-BIZ-019","Floral & Decor Test Co 09 [SYNTHETIC]","Supplier","Floral and decor","Gqeberha","Micro","SIM-BIZ-019-CAT-018","SIM-019-018","Cocktail Side Table [SYNTHETIC]","Floral and decor","Each","QUANTITY","100","2371","3177.14","/simulation/catalogue/ottomans-and-plinths.png","true","GENERATED_FOR_EVENTOS_SIMULATION","Simulator-only fixture; not available for real purchase"
"SIM-BIZ-019","Floral & Decor Test Co 09 [SYNTHETIC]","Supplier","Floral and decor","Gqeberha","Micro","SIM-BIZ-019-CAT-019","SIM-019-019","Ceremony Aisle Stand [SYNTHETIC]","Floral and decor","Each","QUANTITY","100","2418","3240.12","/simulation/catalogue/ottomans-and-plinths.png","true","GENERATED_FOR_EVENTOS_SIMULATION","Simulator-only fixture; not available for real purchase"
"SIM-BIZ-019","Floral & Decor Test Co 09 [SYNTHETIC]","Supplier","Floral and decor","Gqeberha","Micro","SIM-BIZ-019-CAT-020","SIM-019-020","Welcome Sign Stand [SYNTHETIC]","Floral and decor","Each","QUANTITY","100","2465","3303.1","/simulation/catalogue/ottomans-and-plinths.png","true","GENERATED_FOR_EVENTOS_SIMULATION","Simulator-only fixture; not available for real purchase"
"SIM-BIZ-020","Floral & Decor Test Co 10 [SYNTHETIC]","Supplier","Floral and decor","Cape Town","Small","SIM-BIZ-020-CAT-001","SIM-020-001","White and Green Low Floral Arrangement [SYNTHETIC]","Floral and decor","Each","QUANTITY","140","2242.5","2735.85","/simulation/catalogue/floral-centrepieces.png","true","GENERATED_FOR_EVENTOS_SIMULATION","Simulator-only fixture; not available for real purchase"
"SIM-BIZ-020","Floral & Decor Test Co 10 [SYNTHETIC]","Supplier","Floral and decor","Cape Town","Small","SIM-BIZ-020-CAT-002","SIM-020-002","White and Green Tall Floral Arrangement [SYNTHETIC]","Floral and decor","Each","QUANTITY","140","2313","2821.86","/simulation/catalogue/products/white-green-tall-floral-arrangement.png","true","GENERATED_FOR_EVENTOS_SIMULATION","Simulator-only fixture; not available for real purchase"
"SIM-BIZ-020","Floral & Decor Test Co 10 [SYNTHETIC]","Supplier","Floral and decor","Cape Town","Small","SIM-BIZ-020-CAT-003","SIM-020-003","Loose Bud Vase Set [SYNTHETIC]","Floral and decor","Each","QUANTITY","140","2383.5","2907.87","/simulation/catalogue/floral-centrepieces.png","true","GENERATED_FOR_EVENTOS_SIMULATION","Simulator-only fixture; not available for real purchase"
"SIM-BIZ-020","Floral & Decor Test Co 10 [SYNTHETIC]","Supplier","Floral and decor","Cape Town","Small","SIM-BIZ-020-CAT-004","SIM-020-004","Blush and Cream Low Centrepiece [SYNTHETIC]","Floral and decor","Each","QUANTITY","140","2529","3186.54","/simulation/catalogue/products/blush-cream-low-centrepiece.png","true","GENERATED_FOR_EVENTOS_SIMULATION","Simulator-only fixture; not available for real purchase"
"SIM-BIZ-020","Floral & Decor Test Co 10 [SYNTHETIC]","Supplier","Floral and decor","Cape Town","Small","SIM-BIZ-020-CAT-005","SIM-020-005","Blush and Cream Tall Centrepiece [SYNTHETIC]","Floral and decor","Each","QUANTITY","140","2599.5","3275.37","/simulation/catalogue/floral-centrepieces.png","true","GENERATED_FOR_EVENTOS_SIMULATION","Simulator-only fixture; not available for real purchase"
"SIM-BIZ-020","Floral & Decor Test Co 10 [SYNTHETIC]","Supplier","Floral and decor","Cape Town","Small","SIM-BIZ-020-CAT-006","SIM-020-006","Mixed Candle Centrepiece Set [SYNTHETIC]","Floral and decor","Each","QUANTITY","140","2670","3364.2","/simulation/catalogue/table-settings.png","true","GENERATED_FOR_EVENTOS_SIMULATION","Simulator-only fixture; not available for real purchase"
"SIM-BIZ-020","Floral & Decor Test Co 10 [SYNTHETIC]","Supplier","Floral and decor","Cape Town","Small","SIM-BIZ-020-CAT-007","SIM-020-007","Timber Arch Backdrop [SYNTHETIC]","Floral and decor","Each","QUANTITY","140","2815.5","3660.15","/simulation/catalogue/modular-backdrops.png","true","GENERATED_FOR_EVENTOS_SIMULATION","Simulator-only fixture; not available for real purchase"
"SIM-BIZ-020","Floral & Decor Test Co 10 [SYNTHETIC]","Supplier","Floral and decor","Cape Town","Small","SIM-BIZ-020-CAT-008","SIM-020-008","Ivory Fluted Backdrop [SYNTHETIC]","Floral and decor","Each","QUANTITY","140","2886","3751.8","/simulation/catalogue/products/ivory-fluted-backdrop.png","true","GENERATED_FOR_EVENTOS_SIMULATION","Simulator-only fixture; not available for real purchase"
"SIM-BIZ-020","Floral & Decor Test Co 10 [SYNTHETIC]","Supplier","Floral and decor","Cape Town","Small","SIM-BIZ-020-CAT-009","SIM-020-009","Black Geometric Backdrop [SYNTHETIC]","Floral and decor","Each","QUANTITY","140","2956.5","3843.45","/simulation/catalogue/modular-backdrops.png","true","GENERATED_FOR_EVENTOS_SIMULATION","Simulator-only fixture; not available for real purchase"
"SIM-BIZ-020","Floral & Decor Test Co 10 [SYNTHETIC]","Supplier","Floral and decor","Cape Town","Small","SIM-BIZ-020-CAT-010","SIM-020-010","Ivory Display Plinth [SYNTHETIC]","Floral and decor","Each","QUANTITY","140","3102","4156.68","/simulation/catalogue/products/ivory-display-plinth.png","true","GENERATED_FOR_EVENTOS_SIMULATION","Simulator-only fixture; not available for real purchase"
"SIM-BIZ-020","Floral & Decor Test Co 10 [SYNTHETIC]","Supplier","Floral and decor","Cape Town","Small","SIM-BIZ-020-CAT-011","SIM-020-011","Black Display Plinth [SYNTHETIC]","Floral and decor","Each","QUANTITY","140","3172.5","4251.15","/simulation/catalogue/ottomans-and-plinths.png","true","GENERATED_FOR_EVENTOS_SIMULATION","Simulator-only fixture; not available for real purchase"
"SIM-BIZ-020","Floral & Decor Test Co 10 [SYNTHETIC]","Supplier","Floral and decor","Cape Town","Small","SIM-BIZ-020-CAT-012","SIM-020-012","Natural Timber Display Plinth [SYNTHETIC]","Floral and decor","Each","QUANTITY","140","3243","4345.62","/simulation/catalogue/ottomans-and-plinths.png","true","GENERATED_FOR_EVENTOS_SIMULATION","Simulator-only fixture; not available for real purchase"
"SIM-BIZ-020","Floral & Decor Test Co 10 [SYNTHETIC]","Supplier","Floral and decor","Cape Town","Small","SIM-BIZ-020-CAT-013","SIM-020-013","Sage Velvet Ottoman [SYNTHETIC]","Floral and decor","Each","QUANTITY","140","3313.5","4440.09","/simulation/catalogue/ottomans-and-plinths.png","true","GENERATED_FOR_EVENTOS_SIMULATION","Simulator-only fixture; not available for real purchase"
"SIM-BIZ-020","Floral & Decor Test Co 10 [SYNTHETIC]","Supplier","Floral and decor","Cape Town","Small","SIM-BIZ-020-CAT-014","SIM-020-014","Blush Velvet Ottoman [SYNTHETIC]","Floral and decor","Each","QUANTITY","140","3384","4534.56","/simulation/catalogue/ottomans-and-plinths.png","true","GENERATED_FOR_EVENTOS_SIMULATION","Simulator-only fixture; not available for real purchase"
"SIM-BIZ-020","Floral & Decor Test Co 10 [SYNTHETIC]","Supplier","Floral and decor","Cape Town","Small","SIM-BIZ-020-CAT-015","SIM-020-015","Ivory Channelled Ottoman [SYNTHETIC]","Floral and decor","Each","QUANTITY","140","3454.5","4629.03","/simulation/catalogue/ottomans-and-plinths.png","true","GENERATED_FOR_EVENTOS_SIMULATION","Simulator-only fixture; not available for real purchase"
"SIM-BIZ-020","Floral & Decor Test Co 10 [SYNTHETIC]","Supplier","Floral and decor","Cape Town","Small","SIM-BIZ-020-CAT-016","SIM-020-016","Gold Nesting Side Table Set [SYNTHETIC]","Floral and decor","Each","QUANTITY","140","3525","4723.5","/simulation/catalogue/ottomans-and-plinths.png","true","GENERATED_FOR_EVENTOS_SIMULATION","Simulator-only fixture; not available for real purchase"
"SIM-BIZ-020","Floral & Decor Test Co 10 [SYNTHETIC]","Supplier","Floral and decor","Cape Town","Small","SIM-BIZ-020-CAT-017","SIM-020-017","Ivory Lounge Bench [SYNTHETIC]","Floral and decor","Each","QUANTITY","140","3595.5","4817.97","/simulation/catalogue/ottomans-and-plinths.png","true","GENERATED_FOR_EVENTOS_SIMULATION","Simulator-only fixture; not available for real purchase"
"SIM-BIZ-020","Floral & Decor Test Co 10 [SYNTHETIC]","Supplier","Floral and decor","Cape Town","Small","SIM-BIZ-020-CAT-018","SIM-020-018","Cocktail Side Table [SYNTHETIC]","Floral and decor","Each","QUANTITY","140","3666","4912.44","/simulation/catalogue/ottomans-and-plinths.png","true","GENERATED_FOR_EVENTOS_SIMULATION","Simulator-only fixture; not available for real purchase"
"SIM-BIZ-020","Floral & Decor Test Co 10 [SYNTHETIC]","Supplier","Floral and decor","Cape Town","Small","SIM-BIZ-020-CAT-019","SIM-020-019","Ceremony Aisle Stand [SYNTHETIC]","Floral and decor","Each","QUANTITY","140","3736.5","5006.91","/simulation/catalogue/ottomans-and-plinths.png","true","GENERATED_FOR_EVENTOS_SIMULATION","Simulator-only fixture; not available for real purchase"
"SIM-BIZ-020","Floral & Decor Test Co 10 [SYNTHETIC]","Supplier","Floral and decor","Cape Town","Small","SIM-BIZ-020-CAT-020","SIM-020-020","Welcome Sign Stand [SYNTHETIC]","Floral and decor","Each","QUANTITY","140","3807","5101.38","/simulation/catalogue/ottomans-and-plinths.png","true","GENERATED_FOR_EVENTOS_SIMULATION","Simulator-only fixture; not available for real purchase"
"SIM-BIZ-021","Lighting & AV Test Co 01 [SYNTHETIC]","Supplier","Lighting and audiovisual","Pretoria","Micro","SIM-BIZ-021-CAT-001","SIM-021-001","Battery Pillar Candle Set [SYNTHETIC]","Lighting and audiovisual","Each","QUANTITY","100","1568","1912.96","/simulation/catalogue/decorative-lighting.png","true","GENERATED_FOR_EVENTOS_SIMULATION","Simulator-only fixture; not available for real purchase"
"SIM-BIZ-021","Lighting & AV Test Co 01 [SYNTHETIC]","Supplier","Lighting and audiovisual","Pretoria","Micro","SIM-BIZ-021-CAT-002","SIM-021-002","Dinner Candle and Holder Set [SYNTHETIC]","Lighting and audiovisual","Each","QUANTITY","100","1615","1970.3","/simulation/catalogue/decorative-lighting.png","true","GENERATED_FOR_EVENTOS_SIMULATION","Simulator-only fixture; not available for real purchase"
"SIM-BIZ-021","Lighting & AV Test Co 01 [SYNTHETIC]","Supplier","Lighting and audiovisual","Pretoria","Micro","SIM-BIZ-021-CAT-003","SIM-021-003","Wireless Uplight [SYNTHETIC]","Lighting and audiovisual","Each","QUANTITY","100","1662","2027.64","/simulation/catalogue/products/wireless-uplight.png","true","GENERATED_FOR_EVENTOS_SIMULATION","Simulator-only fixture; not available for real purchase"
"SIM-BIZ-021","Lighting & AV Test Co 01 [SYNTHETIC]","Supplier","Lighting and audiovisual","Pretoria","Micro","SIM-BIZ-021-CAT-004","SIM-021-004","Compact Pinspot [SYNTHETIC]","Lighting and audiovisual","Each","QUANTITY","100","1709","2084.98","/simulation/catalogue/decorative-lighting.png","true","GENERATED_FOR_EVENTOS_SIMULATION","Simulator-only fixture; not available for real purchase"
"SIM-BIZ-021","Lighting & AV Test Co 01 [SYNTHETIC]","Supplier","Lighting and audiovisual","Pretoria","Micro","SIM-BIZ-021-CAT-005","SIM-021-005","Illuminated Cube Seat [SYNTHETIC]","Lighting and audiovisual","Each","QUANTITY","100","1756","2142.32","/simulation/catalogue/decorative-lighting.png","true","GENERATED_FOR_EVENTOS_SIMULATION","Simulator-only fixture; not available for real purchase"
"SIM-BIZ-021","Lighting & AV Test Co 01 [SYNTHETIC]","Supplier","Lighting and audiovisual","Pretoria","Micro","SIM-BIZ-021-CAT-006","SIM-021-006","Illuminated Cylinder Plinth [SYNTHETIC]","Lighting and audiovisual","Each","QUANTITY","100","1803","2199.66","/simulation/catalogue/decorative-lighting.png","true","GENERATED_FOR_EVENTOS_SIMULATION","Simulator-only fixture; not available for real purchase"
"SIM-BIZ-021","Lighting & AV Test Co 01 [SYNTHETIC]","Supplier","Lighting and audiovisual","Pretoria","Micro","SIM-BIZ-021-CAT-007","SIM-021-007","Ambient Sphere Light [SYNTHETIC]","Lighting and audiovisual","Each","QUANTITY","100","1850","2257","/simulation/catalogue/decorative-lighting.png","true","GENERATED_FOR_EVENTOS_SIMULATION","Simulator-only fixture; not available for real purchase"
"SIM-BIZ-021","Lighting & AV Test Co 01 [SYNTHETIC]","Supplier","Lighting and audiovisual","Pretoria","Micro","SIM-BIZ-021-CAT-008","SIM-021-008","Compact Crystal Chandelier [SYNTHETIC]","Lighting and audiovisual","Each","QUANTITY","100","1897","2314.34","/simulation/catalogue/decorative-lighting.png","true","GENERATED_FOR_EVENTOS_SIMULATION","Simulator-only fixture; not available for real purchase"
"SIM-BIZ-021","Lighting & AV Test Co 01 [SYNTHETIC]","Supplier","Lighting and audiovisual","Pretoria","Micro","SIM-BIZ-021-CAT-009","SIM-021-009","Wireless Table Lamp [SYNTHETIC]","Lighting and audiovisual","Each","QUANTITY","100","1944","2371.68","/simulation/catalogue/products/wireless-table-lamp.png","true","GENERATED_FOR_EVENTOS_SIMULATION","Simulator-only fixture; not available for real purchase"
"SIM-BIZ-021","Lighting & AV Test Co 01 [SYNTHETIC]","Supplier","Lighting and audiovisual","Pretoria","Micro","SIM-BIZ-021-CAT-010","SIM-021-010","Stanchion Light [SYNTHETIC]","Lighting and audiovisual","Each","QUANTITY","100","1991","2429.02","/simulation/catalogue/decorative-lighting.png","true","GENERATED_FOR_EVENTOS_SIMULATION","Simulator-only fixture; not available for real purchase"
"SIM-BIZ-021","Lighting & AV Test Co 01 [SYNTHETIC]","Supplier","Lighting and audiovisual","Pretoria","Micro","SIM-BIZ-021-CAT-011","SIM-021-011","Audio Package [SYNTHETIC]","Lighting and audiovisual","Each","QUANTITY","100","1759","2216.34","/simulation/catalogue/supplier.webp","true","GENERATED_FOR_EVENTOS_SIMULATION","Simulator-only fixture; not available for real purchase"
"SIM-BIZ-021","Lighting & AV Test Co 01 [SYNTHETIC]","Supplier","Lighting and audiovisual","Pretoria","Micro","SIM-BIZ-021-CAT-012","SIM-021-012","Screens Package [SYNTHETIC]","Lighting and audiovisual","Each","QUANTITY","100","1950","2535","/simulation/catalogue/supplier.webp","true","GENERATED_FOR_EVENTOS_SIMULATION","Simulator-only fixture; not available for real purchase"
"SIM-BIZ-021","Lighting & AV Test Co 01 [SYNTHETIC]","Supplier","Lighting and audiovisual","Pretoria","Micro","SIM-BIZ-021-CAT-013","SIM-021-013","Modular Stage Deck [SYNTHETIC]","Lighting and audiovisual","Each","QUANTITY","100","2141","2868.94","/simulation/catalogue/staging-and-tents.png","true","GENERATED_FOR_EVENTOS_SIMULATION","Simulator-only fixture; not available for real purchase"
"SIM-BIZ-021","Lighting & AV Test Co 01 [SYNTHETIC]","Supplier","Lighting and audiovisual","Pretoria","Micro","SIM-BIZ-021-CAT-014","SIM-021-014","Stage Step Unit [SYNTHETIC]","Lighting and audiovisual","Each","QUANTITY","100","2188","2931.92","/simulation/catalogue/staging-and-tents.png","true","GENERATED_FOR_EVENTOS_SIMULATION","Simulator-only fixture; not available for real purchase"
"SIM-BIZ-021","Lighting & AV Test Co 01 [SYNTHETIC]","Supplier","Lighting and audiovisual","Pretoria","Micro","SIM-BIZ-021-CAT-015","SIM-021-015","Stage Safety Rail [SYNTHETIC]","Lighting and audiovisual","Each","QUANTITY","100","2235","2994.9","/simulation/catalogue/staging-and-tents.png","true","GENERATED_FOR_EVENTOS_SIMULATION","Simulator-only fixture; not available for real purchase"
"SIM-BIZ-021","Lighting & AV Test Co 01 [SYNTHETIC]","Supplier","Lighting and audiovisual","Pretoria","Micro","SIM-BIZ-021-CAT-016","SIM-021-016","Compact Truss Arch [SYNTHETIC]","Lighting and audiovisual","Each","QUANTITY","100","2282","3057.88","/simulation/catalogue/staging-and-tents.png","true","GENERATED_FOR_EVENTOS_SIMULATION","Simulator-only fixture; not available for real purchase"
"SIM-BIZ-021","Lighting & AV Test Co 01 [SYNTHETIC]","Supplier","Lighting and audiovisual","Pretoria","Micro","SIM-BIZ-021-CAT-017","SIM-021-017","Crowd-Control Barrier [SYNTHETIC]","Lighting and audiovisual","Each","QUANTITY","100","2329","3120.86","/simulation/catalogue/staging-and-tents.png","true","GENERATED_FOR_EVENTOS_SIMULATION","Simulator-only fixture; not available for real purchase"
"SIM-BIZ-021","Lighting & AV Test Co 01 [SYNTHETIC]","Supplier","Lighting and audiovisual","Pretoria","Micro","SIM-BIZ-021-CAT-018","SIM-021-018","White Stretch Tent [SYNTHETIC]","Lighting and audiovisual","Each","QUANTITY","100","2332","3218.16","/simulation/catalogue/staging-and-tents.png","true","GENERATED_FOR_EVENTOS_SIMULATION","Simulator-only fixture; not available for real purchase"
"SIM-BIZ-021","Lighting & AV Test Co 01 [SYNTHETIC]","Supplier","Lighting and audiovisual","Pretoria","Micro","SIM-BIZ-021-CAT-019","SIM-021-019","White Frame Marquee [SYNTHETIC]","Lighting and audiovisual","Each","QUANTITY","100","2379","3283.02","/simulation/catalogue/staging-and-tents.png","true","GENERATED_FOR_EVENTOS_SIMULATION","Simulator-only fixture; not available for real purchase"
"SIM-BIZ-021","Lighting & AV Test Co 01 [SYNTHETIC]","Supplier","Lighting and audiovisual","Pretoria","Micro","SIM-BIZ-021-CAT-020","SIM-021-020","Compact Event Gazebo [SYNTHETIC]","Lighting and audiovisual","Each","QUANTITY","100","2426","3347.88","/simulation/catalogue/staging-and-tents.png","true","GENERATED_FOR_EVENTOS_SIMULATION","Simulator-only fixture; not available for real purchase"
"SIM-BIZ-021","Lighting & AV Test Co 01 [SYNTHETIC]","Supplier","Lighting and audiovisual","Pretoria","Micro","SIM-BIZ-021-CAT-021","SIM-021-021","Weighted Tent Base [SYNTHETIC]","Lighting and audiovisual","Each","QUANTITY","100","2473","3412.74","/simulation/catalogue/staging-and-tents.png","true","GENERATED_FOR_EVENTOS_SIMULATION","Simulator-only fixture; not available for real purchase"
"SIM-BIZ-022","Lighting & AV Test Co 02 [SYNTHETIC]","Supplier","Lighting and audiovisual","Durban","Small","SIM-BIZ-022-CAT-001","SIM-022-001","Battery Pillar Candle Set [SYNTHETIC]","Lighting and audiovisual","Each","QUANTITY","140","2461.5","3003.03","/simulation/catalogue/decorative-lighting.png","true","GENERATED_FOR_EVENTOS_SIMULATION","Simulator-only fixture; not available for real purchase"
"SIM-BIZ-022","Lighting & AV Test Co 02 [SYNTHETIC]","Supplier","Lighting and audiovisual","Durban","Small","SIM-BIZ-022-CAT-002","SIM-022-002","Dinner Candle and Holder Set [SYNTHETIC]","Lighting and audiovisual","Each","QUANTITY","140","2532","3089.04","/simulation/catalogue/decorative-lighting.png","true","GENERATED_FOR_EVENTOS_SIMULATION","Simulator-only fixture; not available for real purchase"
"SIM-BIZ-022","Lighting & AV Test Co 02 [SYNTHETIC]","Supplier","Lighting and audiovisual","Durban","Small","SIM-BIZ-022-CAT-003","SIM-022-003","Wireless Uplight [SYNTHETIC]","Lighting and audiovisual","Each","QUANTITY","140","2602.5","3175.05","/simulation/catalogue/products/wireless-uplight.png","true","GENERATED_FOR_EVENTOS_SIMULATION","Simulator-only fixture; not available for real purchase"
"SIM-BIZ-022","Lighting & AV Test Co 02 [SYNTHETIC]","Supplier","Lighting and audiovisual","Durban","Small","SIM-BIZ-022-CAT-004","SIM-022-004","Compact Pinspot [SYNTHETIC]","Lighting and audiovisual","Each","QUANTITY","140","2673","3261.06","/simulation/catalogue/decorative-lighting.png","true","GENERATED_FOR_EVENTOS_SIMULATION","Simulator-only fixture; not available for real purchase"
"SIM-BIZ-022","Lighting & AV Test Co 02 [SYNTHETIC]","Supplier","Lighting and audiovisual","Durban","Small","SIM-BIZ-022-CAT-005","SIM-022-005","Illuminated Cube Seat [SYNTHETIC]","Lighting and audiovisual","Each","QUANTITY","140","2743.5","3347.07","/simulation/catalogue/decorative-lighting.png","true","GENERATED_FOR_EVENTOS_SIMULATION","Simulator-only fixture; not available for real purchase"
"SIM-BIZ-022","Lighting & AV Test Co 02 [SYNTHETIC]","Supplier","Lighting and audiovisual","Durban","Small","SIM-BIZ-022-CAT-006","SIM-022-006","Illuminated Cylinder Plinth [SYNTHETIC]","Lighting and audiovisual","Each","QUANTITY","140","2814","3433.08","/simulation/catalogue/decorative-lighting.png","true","GENERATED_FOR_EVENTOS_SIMULATION","Simulator-only fixture; not available for real purchase"
"SIM-BIZ-022","Lighting & AV Test Co 02 [SYNTHETIC]","Supplier","Lighting and audiovisual","Durban","Small","SIM-BIZ-022-CAT-007","SIM-022-007","Ambient Sphere Light [SYNTHETIC]","Lighting and audiovisual","Each","QUANTITY","140","2884.5","3519.09","/simulation/catalogue/decorative-lighting.png","true","GENERATED_FOR_EVENTOS_SIMULATION","Simulator-only fixture; not available for real purchase"
"SIM-BIZ-022","Lighting & AV Test Co 02 [SYNTHETIC]","Supplier","Lighting and audiovisual","Durban","Small","SIM-BIZ-022-CAT-008","SIM-022-008","Compact Crystal Chandelier [SYNTHETIC]","Lighting and audiovisual","Each","QUANTITY","140","2955","3605.1","/simulation/catalogue/decorative-lighting.png","true","GENERATED_FOR_EVENTOS_SIMULATION","Simulator-only fixture; not available for real purchase"
"SIM-BIZ-022","Lighting & AV Test Co 02 [SYNTHETIC]","Supplier","Lighting and audiovisual","Durban","Small","SIM-BIZ-022-CAT-009","SIM-022-009","Wireless Table Lamp [SYNTHETIC]","Lighting and audiovisual","Each","QUANTITY","140","3025.5","3691.11","/simulation/catalogue/products/wireless-table-lamp.png","true","GENERATED_FOR_EVENTOS_SIMULATION","Simulator-only fixture; not available for real purchase"
"SIM-BIZ-022","Lighting & AV Test Co 02 [SYNTHETIC]","Supplier","Lighting and audiovisual","Durban","Small","SIM-BIZ-022-CAT-010","SIM-022-010","Stanchion Light [SYNTHETIC]","Lighting and audiovisual","Each","QUANTITY","140","3096","3777.12","/simulation/catalogue/decorative-lighting.png","true","GENERATED_FOR_EVENTOS_SIMULATION","Simulator-only fixture; not available for real purchase"
"SIM-BIZ-022","Lighting & AV Test Co 02 [SYNTHETIC]","Supplier","Lighting and audiovisual","Durban","Small","SIM-BIZ-022-CAT-011","SIM-022-011","Audio Package [SYNTHETIC]","Lighting and audiovisual","Each","QUANTITY","140","2748","3462.48","/simulation/catalogue/supplier.webp","true","GENERATED_FOR_EVENTOS_SIMULATION","Simulator-only fixture; not available for real purchase"
"SIM-BIZ-022","Lighting & AV Test Co 02 [SYNTHETIC]","Supplier","Lighting and audiovisual","Durban","Small","SIM-BIZ-022-CAT-012","SIM-022-012","Screens Package [SYNTHETIC]","Lighting and audiovisual","Each","QUANTITY","140","3034.5","3944.85","/simulation/catalogue/supplier.webp","true","GENERATED_FOR_EVENTOS_SIMULATION","Simulator-only fixture; not available for real purchase"
"SIM-BIZ-022","Lighting & AV Test Co 02 [SYNTHETIC]","Supplier","Lighting and audiovisual","Durban","Small","SIM-BIZ-022-CAT-013","SIM-022-013","Modular Stage Deck [SYNTHETIC]","Lighting and audiovisual","Each","QUANTITY","140","3321","4450.14","/simulation/catalogue/staging-and-tents.png","true","GENERATED_FOR_EVENTOS_SIMULATION","Simulator-only fixture; not available for real purchase"
"SIM-BIZ-022","Lighting & AV Test Co 02 [SYNTHETIC]","Supplier","Lighting and audiovisual","Durban","Small","SIM-BIZ-022-CAT-014","SIM-022-014","Stage Step Unit [SYNTHETIC]","Lighting and audiovisual","Each","QUANTITY","140","3391.5","4544.61","/simulation/catalogue/staging-and-tents.png","true","GENERATED_FOR_EVENTOS_SIMULATION","Simulator-only fixture; not available for real purchase"
"SIM-BIZ-022","Lighting & AV Test Co 02 [SYNTHETIC]","Supplier","Lighting and audiovisual","Durban","Small","SIM-BIZ-022-CAT-015","SIM-022-015","Stage Safety Rail [SYNTHETIC]","Lighting and audiovisual","Each","QUANTITY","140","3462","4639.08","/simulation/catalogue/staging-and-tents.png","true","GENERATED_FOR_EVENTOS_SIMULATION","Simulator-only fixture; not available for real purchase"
"SIM-BIZ-022","Lighting & AV Test Co 02 [SYNTHETIC]","Supplier","Lighting and audiovisual","Durban","Small","SIM-BIZ-022-CAT-016","SIM-022-016","Compact Truss Arch [SYNTHETIC]","Lighting and audiovisual","Each","QUANTITY","140","3532.5","4733.55","/simulation/catalogue/staging-and-tents.png","true","GENERATED_FOR_EVENTOS_SIMULATION","Simulator-only fixture; not available for real purchase"
"SIM-BIZ-022","Lighting & AV Test Co 02 [SYNTHETIC]","Supplier","Lighting and audiovisual","Durban","Small","SIM-BIZ-022-CAT-017","SIM-022-017","Crowd-Control Barrier [SYNTHETIC]","Lighting and audiovisual","Each","QUANTITY","140","3603","4828.02","/simulation/catalogue/staging-and-tents.png","true","GENERATED_FOR_EVENTOS_SIMULATION","Simulator-only fixture; not available for real purchase"
"SIM-BIZ-022","Lighting & AV Test Co 02 [SYNTHETIC]","Supplier","Lighting and audiovisual","Durban","Small","SIM-BIZ-022-CAT-018","SIM-022-018","White Stretch Tent [SYNTHETIC]","Lighting and audiovisual","Each","QUANTITY","140","3607.5","4978.35","/simulation/catalogue/staging-and-tents.png","true","GENERATED_FOR_EVENTOS_SIMULATION","Simulator-only fixture; not available for real purchase"
"SIM-BIZ-022","Lighting & AV Test Co 02 [SYNTHETIC]","Supplier","Lighting and audiovisual","Durban","Small","SIM-BIZ-022-CAT-019","SIM-022-019","White Frame Marquee [SYNTHETIC]","Lighting and audiovisual","Each","QUANTITY","140","3678","5075.64","/simulation/catalogue/staging-and-tents.png","true","GENERATED_FOR_EVENTOS_SIMULATION","Simulator-only fixture; not available for real purchase"
"SIM-BIZ-022","Lighting & AV Test Co 02 [SYNTHETIC]","Supplier","Lighting and audiovisual","Durban","Small","SIM-BIZ-022-CAT-020","SIM-022-020","Compact Event Gazebo [SYNTHETIC]","Lighting and audiovisual","Each","QUANTITY","140","3748.5","5172.93","/simulation/catalogue/staging-and-tents.png","true","GENERATED_FOR_EVENTOS_SIMULATION","Simulator-only fixture; not available for real purchase"
"SIM-BIZ-022","Lighting & AV Test Co 02 [SYNTHETIC]","Supplier","Lighting and audiovisual","Durban","Small","SIM-BIZ-022-CAT-021","SIM-022-021","Weighted Tent Base [SYNTHETIC]","Lighting and audiovisual","Each","QUANTITY","140","3819","5270.22","/simulation/catalogue/staging-and-tents.png","true","GENERATED_FOR_EVENTOS_SIMULATION","Simulator-only fixture; not available for real purchase"
"SIM-BIZ-023","Lighting & AV Test Co 03 [SYNTHETIC]","Supplier","Lighting and audiovisual","Gqeberha","Medium","SIM-BIZ-023-CAT-001","SIM-023-001","Battery Pillar Candle Set [SYNTHETIC]","Lighting and audiovisual","Each","QUANTITY","220","4285","5227.7","/simulation/catalogue/decorative-lighting.png","true","GENERATED_FOR_EVENTOS_SIMULATION","Simulator-only fixture; not available for real purchase"
"SIM-BIZ-023","Lighting & AV Test Co 03 [SYNTHETIC]","Supplier","Lighting and audiovisual","Gqeberha","Medium","SIM-BIZ-023-CAT-002","SIM-023-002","Dinner Candle and Holder Set [SYNTHETIC]","Lighting and audiovisual","Each","QUANTITY","220","4402.5","5371.05","/simulation/catalogue/decorative-lighting.png","true","GENERATED_FOR_EVENTOS_SIMULATION","Simulator-only fixture; not available for real purchase"
"SIM-BIZ-023","Lighting & AV Test Co 03 [SYNTHETIC]","Supplier","Lighting and audiovisual","Gqeberha","Medium","SIM-BIZ-023-CAT-003","SIM-023-003","Wireless Uplight [SYNTHETIC]","Lighting and audiovisual","Each","QUANTITY","220","4520","5514.4","/simulation/catalogue/products/wireless-uplight.png","true","GENERATED_FOR_EVENTOS_SIMULATION","Simulator-only fixture; not available for real purchase"
"SIM-BIZ-023","Lighting & AV Test Co 03 [SYNTHETIC]","Supplier","Lighting and audiovisual","Gqeberha","Medium","SIM-BIZ-023-CAT-004","SIM-023-004","Compact Pinspot [SYNTHETIC]","Lighting and audiovisual","Each","QUANTITY","220","4637.5","5657.75","/simulation/catalogue/decorative-lighting.png","true","GENERATED_FOR_EVENTOS_SIMULATION","Simulator-only fixture; not available for real purchase"
"SIM-BIZ-023","Lighting & AV Test Co 03 [SYNTHETIC]","Supplier","Lighting and audiovisual","Gqeberha","Medium","SIM-BIZ-023-CAT-005","SIM-023-005","Illuminated Cube Seat [SYNTHETIC]","Lighting and audiovisual","Each","QUANTITY","220","4755","5801.1","/simulation/catalogue/decorative-lighting.png","true","GENERATED_FOR_EVENTOS_SIMULATION","Simulator-only fixture; not available for real purchase"
"SIM-BIZ-023","Lighting & AV Test Co 03 [SYNTHETIC]","Supplier","Lighting and audiovisual","Gqeberha","Medium","SIM-BIZ-023-CAT-006","SIM-023-006","Illuminated Cylinder Plinth [SYNTHETIC]","Lighting and audiovisual","Each","QUANTITY","220","4872.5","5944.45","/simulation/catalogue/decorative-lighting.png","true","GENERATED_FOR_EVENTOS_SIMULATION","Simulator-only fixture; not available for real purchase"
"SIM-BIZ-023","Lighting & AV Test Co 03 [SYNTHETIC]","Supplier","Lighting and audiovisual","Gqeberha","Medium","SIM-BIZ-023-CAT-007","SIM-023-007","Ambient Sphere Light [SYNTHETIC]","Lighting and audiovisual","Each","QUANTITY","220","4990","6087.8","/simulation/catalogue/decorative-lighting.png","true","GENERATED_FOR_EVENTOS_SIMULATION","Simulator-only fixture; not available for real purchase"
"SIM-BIZ-023","Lighting & AV Test Co 03 [SYNTHETIC]","Supplier","Lighting and audiovisual","Gqeberha","Medium","SIM-BIZ-023-CAT-008","SIM-023-008","Compact Crystal Chandelier [SYNTHETIC]","Lighting and audiovisual","Each","QUANTITY","220","5107.5","6231.15","/simulation/catalogue/decorative-lighting.png","true","GENERATED_FOR_EVENTOS_SIMULATION","Simulator-only fixture; not available for real purchase"
"SIM-BIZ-023","Lighting & AV Test Co 03 [SYNTHETIC]","Supplier","Lighting and audiovisual","Gqeberha","Medium","SIM-BIZ-023-CAT-009","SIM-023-009","Wireless Table Lamp [SYNTHETIC]","Lighting and audiovisual","Each","QUANTITY","220","5225","6374.5","/simulation/catalogue/products/wireless-table-lamp.png","true","GENERATED_FOR_EVENTOS_SIMULATION","Simulator-only fixture; not available for real purchase"
"SIM-BIZ-023","Lighting & AV Test Co 03 [SYNTHETIC]","Supplier","Lighting and audiovisual","Gqeberha","Medium","SIM-BIZ-023-CAT-010","SIM-023-010","Stanchion Light [SYNTHETIC]","Lighting and audiovisual","Each","QUANTITY","220","5342.5","6517.85","/simulation/catalogue/decorative-lighting.png","true","GENERATED_FOR_EVENTOS_SIMULATION","Simulator-only fixture; not available for real purchase"
"SIM-BIZ-023","Lighting & AV Test Co 03 [SYNTHETIC]","Supplier","Lighting and audiovisual","Gqeberha","Medium","SIM-BIZ-023-CAT-011","SIM-023-011","Audio Package [SYNTHETIC]","Lighting and audiovisual","Each","QUANTITY","220","4762.5","6000.75","/simulation/catalogue/supplier.webp","true","GENERATED_FOR_EVENTOS_SIMULATION","Simulator-only fixture; not available for real purchase"
"SIM-BIZ-023","Lighting & AV Test Co 03 [SYNTHETIC]","Supplier","Lighting and audiovisual","Gqeberha","Medium","SIM-BIZ-023-CAT-012","SIM-023-012","Screens Package [SYNTHETIC]","Lighting and audiovisual","Each","QUANTITY","220","5240","6812","/simulation/catalogue/supplier.webp","true","GENERATED_FOR_EVENTOS_SIMULATION","Simulator-only fixture; not available for real purchase"
"SIM-BIZ-023","Lighting & AV Test Co 03 [SYNTHETIC]","Supplier","Lighting and audiovisual","Gqeberha","Medium","SIM-BIZ-023-CAT-013","SIM-023-013","Modular Stage Deck [SYNTHETIC]","Lighting and audiovisual","Each","QUANTITY","220","5717.5","7661.45","/simulation/catalogue/staging-and-tents.png","true","GENERATED_FOR_EVENTOS_SIMULATION","Simulator-only fixture; not available for real purchase"
"SIM-BIZ-023","Lighting & AV Test Co 03 [SYNTHETIC]","Supplier","Lighting and audiovisual","Gqeberha","Medium","SIM-BIZ-023-CAT-014","SIM-023-014","Stage Step Unit [SYNTHETIC]","Lighting and audiovisual","Each","QUANTITY","220","5835","7818.9","/simulation/catalogue/staging-and-tents.png","true","GENERATED_FOR_EVENTOS_SIMULATION","Simulator-only fixture; not available for real purchase"
"SIM-BIZ-023","Lighting & AV Test Co 03 [SYNTHETIC]","Supplier","Lighting and audiovisual","Gqeberha","Medium","SIM-BIZ-023-CAT-015","SIM-023-015","Stage Safety Rail [SYNTHETIC]","Lighting and audiovisual","Each","QUANTITY","220","5952.5","7976.35","/simulation/catalogue/staging-and-tents.png","true","GENERATED_FOR_EVENTOS_SIMULATION","Simulator-only fixture; not available for real purchase"
"SIM-BIZ-023","Lighting & AV Test Co 03 [SYNTHETIC]","Supplier","Lighting and audiovisual","Gqeberha","Medium","SIM-BIZ-023-CAT-016","SIM-023-016","Compact Truss Arch [SYNTHETIC]","Lighting and audiovisual","Each","QUANTITY","220","6070","8133.8","/simulation/catalogue/staging-and-tents.png","true","GENERATED_FOR_EVENTOS_SIMULATION","Simulator-only fixture; not available for real purchase"
"SIM-BIZ-023","Lighting & AV Test Co 03 [SYNTHETIC]","Supplier","Lighting and audiovisual","Gqeberha","Medium","SIM-BIZ-023-CAT-017","SIM-023-017","Crowd-Control Barrier [SYNTHETIC]","Lighting and audiovisual","Each","QUANTITY","220","6187.5","8291.25","/simulation/catalogue/staging-and-tents.png","true","GENERATED_FOR_EVENTOS_SIMULATION","Simulator-only fixture; not available for real purchase"
"SIM-BIZ-023","Lighting & AV Test Co 03 [SYNTHETIC]","Supplier","Lighting and audiovisual","Gqeberha","Medium","SIM-BIZ-023-CAT-018","SIM-023-018","White Stretch Tent [SYNTHETIC]","Lighting and audiovisual","Each","QUANTITY","220","6195","8549.1","/simulation/catalogue/staging-and-tents.png","true","GENERATED_FOR_EVENTOS_SIMULATION","Simulator-only fixture; not available for real purchase"
"SIM-BIZ-023","Lighting & AV Test Co 03 [SYNTHETIC]","Supplier","Lighting and audiovisual","Gqeberha","Medium","SIM-BIZ-023-CAT-019","SIM-023-019","White Frame Marquee [SYNTHETIC]","Lighting and audiovisual","Each","QUANTITY","220","6312.5","8711.25","/simulation/catalogue/staging-and-tents.png","true","GENERATED_FOR_EVENTOS_SIMULATION","Simulator-only fixture; not available for real purchase"
"SIM-BIZ-023","Lighting & AV Test Co 03 [SYNTHETIC]","Supplier","Lighting and audiovisual","Gqeberha","Medium","SIM-BIZ-023-CAT-020","SIM-023-020","Compact Event Gazebo [SYNTHETIC]","Lighting and audiovisual","Each","QUANTITY","220","6430","8873.4","/simulation/catalogue/staging-and-tents.png","true","GENERATED_FOR_EVENTOS_SIMULATION","Simulator-only fixture; not available for real purchase"
"SIM-BIZ-023","Lighting & AV Test Co 03 [SYNTHETIC]","Supplier","Lighting and audiovisual","Gqeberha","Medium","SIM-BIZ-023-CAT-021","SIM-023-021","Weighted Tent Base [SYNTHETIC]","Lighting and audiovisual","Each","QUANTITY","220","6547.5","9035.55","/simulation/catalogue/staging-and-tents.png","true","GENERATED_FOR_EVENTOS_SIMULATION","Simulator-only fixture; not available for real purchase"
"SIM-BIZ-024","Lighting & AV Test Co 04 [SYNTHETIC]","Supplier","Lighting and audiovisual","Cape Town","Large","SIM-BIZ-024-CAT-001","SIM-024-001","Battery Pillar Candle Set [SYNTHETIC]","Lighting and audiovisual","Each","QUANTITY","340","7148","8720.56","/simulation/catalogue/decorative-lighting.png","true","GENERATED_FOR_EVENTOS_SIMULATION","Simulator-only fixture; not available for real purchase"
"SIM-BIZ-024","Lighting & AV Test Co 04 [SYNTHETIC]","Supplier","Lighting and audiovisual","Cape Town","Large","SIM-BIZ-024-CAT-002","SIM-024-002","Dinner Candle and Holder Set [SYNTHETIC]","Lighting and audiovisual","Each","QUANTITY","340","7336","8949.92","/simulation/catalogue/decorative-lighting.png","true","GENERATED_FOR_EVENTOS_SIMULATION","Simulator-only fixture; not available for real purchase"
"SIM-BIZ-024","Lighting & AV Test Co 04 [SYNTHETIC]","Supplier","Lighting and audiovisual","Cape Town","Large","SIM-BIZ-024-CAT-003","SIM-024-003","Wireless Uplight [SYNTHETIC]","Lighting and audiovisual","Each","QUANTITY","340","7524","9179.28","/simulation/catalogue/products/wireless-uplight.png","true","GENERATED_FOR_EVENTOS_SIMULATION","Simulator-only fixture; not available for real purchase"
"SIM-BIZ-024","Lighting & AV Test Co 04 [SYNTHETIC]","Supplier","Lighting and audiovisual","Cape Town","Large","SIM-BIZ-024-CAT-004","SIM-024-004","Compact Pinspot [SYNTHETIC]","Lighting and audiovisual","Each","QUANTITY","340","7712","9408.64","/simulation/catalogue/decorative-lighting.png","true","GENERATED_FOR_EVENTOS_SIMULATION","Simulator-only fixture; not available for real purchase"
"SIM-BIZ-024","Lighting & AV Test Co 04 [SYNTHETIC]","Supplier","Lighting and audiovisual","Cape Town","Large","SIM-BIZ-024-CAT-005","SIM-024-005","Illuminated Cube Seat [SYNTHETIC]","Lighting and audiovisual","Each","QUANTITY","340","7900","9638","/simulation/catalogue/decorative-lighting.png","true","GENERATED_FOR_EVENTOS_SIMULATION","Simulator-only fixture; not available for real purchase"
"SIM-BIZ-024","Lighting & AV Test Co 04 [SYNTHETIC]","Supplier","Lighting and audiovisual","Cape Town","Large","SIM-BIZ-024-CAT-006","SIM-024-006","Illuminated Cylinder Plinth [SYNTHETIC]","Lighting and audiovisual","Each","QUANTITY","340","8088","9867.36","/simulation/catalogue/decorative-lighting.png","true","GENERATED_FOR_EVENTOS_SIMULATION","Simulator-only fixture; not available for real purchase"
"SIM-BIZ-024","Lighting & AV Test Co 04 [SYNTHETIC]","Supplier","Lighting and audiovisual","Cape Town","Large","SIM-BIZ-024-CAT-007","SIM-024-007","Ambient Sphere Light [SYNTHETIC]","Lighting and audiovisual","Each","QUANTITY","340","8276","10096.72","/simulation/catalogue/decorative-lighting.png","true","GENERATED_FOR_EVENTOS_SIMULATION","Simulator-only fixture; not available for real purchase"
"SIM-BIZ-024","Lighting & AV Test Co 04 [SYNTHETIC]","Supplier","Lighting and audiovisual","Cape Town","Large","SIM-BIZ-024-CAT-008","SIM-024-008","Compact Crystal Chandelier [SYNTHETIC]","Lighting and audiovisual","Each","QUANTITY","340","8464","10326.08","/simulation/catalogue/decorative-lighting.png","true","GENERATED_FOR_EVENTOS_SIMULATION","Simulator-only fixture; not available for real purchase"
"SIM-BIZ-024","Lighting & AV Test Co 04 [SYNTHETIC]","Supplier","Lighting and audiovisual","Cape Town","Large","SIM-BIZ-024-CAT-009","SIM-024-009","Wireless Table Lamp [SYNTHETIC]","Lighting and audiovisual","Each","QUANTITY","340","8652","10555.44","/simulation/catalogue/products/wireless-table-lamp.png","true","GENERATED_FOR_EVENTOS_SIMULATION","Simulator-only fixture; not available for real purchase"
"SIM-BIZ-024","Lighting & AV Test Co 04 [SYNTHETIC]","Supplier","Lighting and audiovisual","Cape Town","Large","SIM-BIZ-024-CAT-010","SIM-024-010","Stanchion Light [SYNTHETIC]","Lighting and audiovisual","Each","QUANTITY","340","8840","10784.8","/simulation/catalogue/decorative-lighting.png","true","GENERATED_FOR_EVENTOS_SIMULATION","Simulator-only fixture; not available for real purchase"
"SIM-BIZ-024","Lighting & AV Test Co 04 [SYNTHETIC]","Supplier","Lighting and audiovisual","Cape Town","Large","SIM-BIZ-024-CAT-011","SIM-024-011","Audio Package [SYNTHETIC]","Lighting and audiovisual","Each","QUANTITY","340","7912","9969.12","/simulation/catalogue/supplier.webp","true","GENERATED_FOR_EVENTOS_SIMULATION","Simulator-only fixture; not available for real purchase"
"SIM-BIZ-024","Lighting & AV Test Co 04 [SYNTHETIC]","Supplier","Lighting and audiovisual","Cape Town","Large","SIM-BIZ-024-CAT-012","SIM-024-012","Screens Package [SYNTHETIC]","Lighting and audiovisual","Each","QUANTITY","340","8676","11278.8","/simulation/catalogue/supplier.webp","true","GENERATED_FOR_EVENTOS_SIMULATION","Simulator-only fixture; not available for real purchase"
"SIM-BIZ-024","Lighting & AV Test Co 04 [SYNTHETIC]","Supplier","Lighting and audiovisual","Cape Town","Large","SIM-BIZ-024-CAT-013","SIM-024-013","Modular Stage Deck [SYNTHETIC]","Lighting and audiovisual","Each","QUANTITY","340","9440","12649.6","/simulation/catalogue/staging-and-tents.png","true","GENERATED_FOR_EVENTOS_SIMULATION","Simulator-only fixture; not available for real purchase"
"SIM-BIZ-024","Lighting & AV Test Co 04 [SYNTHETIC]","Supplier","Lighting and audiovisual","Cape Town","Large","SIM-BIZ-024-CAT-014","SIM-024-014","Stage Step Unit [SYNTHETIC]","Lighting and audiovisual","Each","QUANTITY","340","9628","12901.52","/simulation/catalogue/staging-and-tents.png","true","GENERATED_FOR_EVENTOS_SIMULATION","Simulator-only fixture; not available for real purchase"
"SIM-BIZ-024","Lighting & AV Test Co 04 [SYNTHETIC]","Supplier","Lighting and audiovisual","Cape Town","Large","SIM-BIZ-024-CAT-015","SIM-024-015","Stage Safety Rail [SYNTHETIC]","Lighting and audiovisual","Each","QUANTITY","340","9816","13153.44","/simulation/catalogue/staging-and-tents.png","true","GENERATED_FOR_EVENTOS_SIMULATION","Simulator-only fixture; not available for real purchase"
"SIM-BIZ-024","Lighting & AV Test Co 04 [SYNTHETIC]","Supplier","Lighting and audiovisual","Cape Town","Large","SIM-BIZ-024-CAT-016","SIM-024-016","Compact Truss Arch [SYNTHETIC]","Lighting and audiovisual","Each","QUANTITY","340","10004","13405.36","/simulation/catalogue/staging-and-tents.png","true","GENERATED_FOR_EVENTOS_SIMULATION","Simulator-only fixture; not available for real purchase"
"SIM-BIZ-024","Lighting & AV Test Co 04 [SYNTHETIC]","Supplier","Lighting and audiovisual","Cape Town","Large","SIM-BIZ-024-CAT-017","SIM-024-017","Crowd-Control Barrier [SYNTHETIC]","Lighting and audiovisual","Each","QUANTITY","340","10192","13657.28","/simulation/catalogue/staging-and-tents.png","true","GENERATED_FOR_EVENTOS_SIMULATION","Simulator-only fixture; not available for real purchase"
"SIM-BIZ-024","Lighting & AV Test Co 04 [SYNTHETIC]","Supplier","Lighting and audiovisual","Cape Town","Large","SIM-BIZ-024-CAT-018","SIM-024-018","White Stretch Tent [SYNTHETIC]","Lighting and audiovisual","Each","QUANTITY","340","10204","14081.52","/simulation/catalogue/staging-and-tents.png","true","GENERATED_FOR_EVENTOS_SIMULATION","Simulator-only fixture; not available for real purchase"
"SIM-BIZ-024","Lighting & AV Test Co 04 [SYNTHETIC]","Supplier","Lighting and audiovisual","Cape Town","Large","SIM-BIZ-024-CAT-019","SIM-024-019","White Frame Marquee [SYNTHETIC]","Lighting and audiovisual","Each","QUANTITY","340","10392","14340.96","/simulation/catalogue/staging-and-tents.png","true","GENERATED_FOR_EVENTOS_SIMULATION","Simulator-only fixture; not available for real purchase"
"SIM-BIZ-024","Lighting & AV Test Co 04 [SYNTHETIC]","Supplier","Lighting and audiovisual","Cape Town","Large","SIM-BIZ-024-CAT-020","SIM-024-020","Compact Event Gazebo [SYNTHETIC]","Lighting and audiovisual","Each","QUANTITY","340","10580","14600.4","/simulation/catalogue/staging-and-tents.png","true","GENERATED_FOR_EVENTOS_SIMULATION","Simulator-only fixture; not available for real purchase"
"SIM-BIZ-024","Lighting & AV Test Co 04 [SYNTHETIC]","Supplier","Lighting and audiovisual","Cape Town","Large","SIM-BIZ-024-CAT-021","SIM-024-021","Weighted Tent Base [SYNTHETIC]","Lighting and audiovisual","Each","QUANTITY","340","10768","14859.84","/simulation/catalogue/staging-and-tents.png","true","GENERATED_FOR_EVENTOS_SIMULATION","Simulator-only fixture; not available for real purchase"
"SIM-BIZ-025","Lighting & AV Test Co 05 [SYNTHETIC]","Supplier","Lighting and audiovisual","Johannesburg","Micro","SIM-BIZ-025-CAT-001","SIM-025-001","Battery Pillar Candle Set [SYNTHETIC]","Lighting and audiovisual","Each","QUANTITY","100","1860","2269.2","/simulation/catalogue/decorative-lighting.png","true","GENERATED_FOR_EVENTOS_SIMULATION","Simulator-only fixture; not available for real purchase"
"SIM-BIZ-025","Lighting & AV Test Co 05 [SYNTHETIC]","Supplier","Lighting and audiovisual","Johannesburg","Micro","SIM-BIZ-025-CAT-002","SIM-025-002","Dinner Candle and Holder Set [SYNTHETIC]","Lighting and audiovisual","Each","QUANTITY","100","1907","2326.54","/simulation/catalogue/decorative-lighting.png","true","GENERATED_FOR_EVENTOS_SIMULATION","Simulator-only fixture; not available for real purchase"
"SIM-BIZ-025","Lighting & AV Test Co 05 [SYNTHETIC]","Supplier","Lighting and audiovisual","Johannesburg","Micro","SIM-BIZ-025-CAT-003","SIM-025-003","Wireless Uplight [SYNTHETIC]","Lighting and audiovisual","Each","QUANTITY","100","1954","2383.88","/simulation/catalogue/products/wireless-uplight.png","true","GENERATED_FOR_EVENTOS_SIMULATION","Simulator-only fixture; not available for real purchase"
"SIM-BIZ-025","Lighting & AV Test Co 05 [SYNTHETIC]","Supplier","Lighting and audiovisual","Johannesburg","Micro","SIM-BIZ-025-CAT-004","SIM-025-004","Compact Pinspot [SYNTHETIC]","Lighting and audiovisual","Each","QUANTITY","100","2001","2441.22","/simulation/catalogue/decorative-lighting.png","true","GENERATED_FOR_EVENTOS_SIMULATION","Simulator-only fixture; not available for real purchase"
"SIM-BIZ-025","Lighting & AV Test Co 05 [SYNTHETIC]","Supplier","Lighting and audiovisual","Johannesburg","Micro","SIM-BIZ-025-CAT-005","SIM-025-005","Illuminated Cube Seat [SYNTHETIC]","Lighting and audiovisual","Each","QUANTITY","100","2048","2498.56","/simulation/catalogue/decorative-lighting.png","true","GENERATED_FOR_EVENTOS_SIMULATION","Simulator-only fixture; not available for real purchase"
"SIM-BIZ-025","Lighting & AV Test Co 05 [SYNTHETIC]","Supplier","Lighting and audiovisual","Johannesburg","Micro","SIM-BIZ-025-CAT-006","SIM-025-006","Illuminated Cylinder Plinth [SYNTHETIC]","Lighting and audiovisual","Each","QUANTITY","100","2095","2555.9","/simulation/catalogue/decorative-lighting.png","true","GENERATED_FOR_EVENTOS_SIMULATION","Simulator-only fixture; not available for real purchase"
"SIM-BIZ-025","Lighting & AV Test Co 05 [SYNTHETIC]","Supplier","Lighting and audiovisual","Johannesburg","Micro","SIM-BIZ-025-CAT-007","SIM-025-007","Ambient Sphere Light [SYNTHETIC]","Lighting and audiovisual","Each","QUANTITY","100","2142","2613.24","/simulation/catalogue/decorative-lighting.png","true","GENERATED_FOR_EVENTOS_SIMULATION","Simulator-only fixture; not available for real purchase"
"SIM-BIZ-025","Lighting & AV Test Co 05 [SYNTHETIC]","Supplier","Lighting and audiovisual","Johannesburg","Micro","SIM-BIZ-025-CAT-008","SIM-025-008","Compact Crystal Chandelier [SYNTHETIC]","Lighting and audiovisual","Each","QUANTITY","100","2189","2670.58","/simulation/catalogue/decorative-lighting.png","true","GENERATED_FOR_EVENTOS_SIMULATION","Simulator-only fixture; not available for real purchase"
"SIM-BIZ-025","Lighting & AV Test Co 05 [SYNTHETIC]","Supplier","Lighting and audiovisual","Johannesburg","Micro","SIM-BIZ-025-CAT-009","SIM-025-009","Wireless Table Lamp [SYNTHETIC]","Lighting and audiovisual","Each","QUANTITY","100","2236","2727.92","/simulation/catalogue/products/wireless-table-lamp.png","true","GENERATED_FOR_EVENTOS_SIMULATION","Simulator-only fixture; not available for real purchase"
"SIM-BIZ-025","Lighting & AV Test Co 05 [SYNTHETIC]","Supplier","Lighting and audiovisual","Johannesburg","Micro","SIM-BIZ-025-CAT-010","SIM-025-010","Stanchion Light [SYNTHETIC]","Lighting and audiovisual","Each","QUANTITY","100","2283","2785.26","/simulation/catalogue/decorative-lighting.png","true","GENERATED_FOR_EVENTOS_SIMULATION","Simulator-only fixture; not available for real purchase"
"SIM-BIZ-025","Lighting & AV Test Co 05 [SYNTHETIC]","Supplier","Lighting and audiovisual","Johannesburg","Micro","SIM-BIZ-025-CAT-011","SIM-025-011","Audio Package [SYNTHETIC]","Lighting and audiovisual","Each","QUANTITY","100","2051","2584.26","/simulation/catalogue/supplier.webp","true","GENERATED_FOR_EVENTOS_SIMULATION","Simulator-only fixture; not available for real purchase"
"SIM-BIZ-025","Lighting & AV Test Co 05 [SYNTHETIC]","Supplier","Lighting and audiovisual","Johannesburg","Micro","SIM-BIZ-025-CAT-012","SIM-025-012","Screens Package [SYNTHETIC]","Lighting and audiovisual","Each","QUANTITY","100","2242","2914.6","/simulation/catalogue/supplier.webp","true","GENERATED_FOR_EVENTOS_SIMULATION","Simulator-only fixture; not available for real purchase"
"SIM-BIZ-025","Lighting & AV Test Co 05 [SYNTHETIC]","Supplier","Lighting and audiovisual","Johannesburg","Micro","SIM-BIZ-025-CAT-013","SIM-025-013","Modular Stage Deck [SYNTHETIC]","Lighting and audiovisual","Each","QUANTITY","100","2433","3260.22","/simulation/catalogue/staging-and-tents.png","true","GENERATED_FOR_EVENTOS_SIMULATION","Simulator-only fixture; not available for real purchase"
"SIM-BIZ-025","Lighting & AV Test Co 05 [SYNTHETIC]","Supplier","Lighting and audiovisual","Johannesburg","Micro","SIM-BIZ-025-CAT-014","SIM-025-014","Stage Step Unit [SYNTHETIC]","Lighting and audiovisual","Each","QUANTITY","100","2480","3323.2","/simulation/catalogue/staging-and-tents.png","true","GENERATED_FOR_EVENTOS_SIMULATION","Simulator-only fixture; not available for real purchase"
"SIM-BIZ-025","Lighting & AV Test Co 05 [SYNTHETIC]","Supplier","Lighting and audiovisual","Johannesburg","Micro","SIM-BIZ-025-CAT-015","SIM-025-015","Stage Safety Rail [SYNTHETIC]","Lighting and audiovisual","Each","QUANTITY","100","2527","3386.18","/simulation/catalogue/staging-and-tents.png","true","GENERATED_FOR_EVENTOS_SIMULATION","Simulator-only fixture; not available for real purchase"
"SIM-BIZ-025","Lighting & AV Test Co 05 [SYNTHETIC]","Supplier","Lighting and audiovisual","Johannesburg","Micro","SIM-BIZ-025-CAT-016","SIM-025-016","Compact Truss Arch [SYNTHETIC]","Lighting and audiovisual","Each","QUANTITY","100","2574","3449.16","/simulation/catalogue/staging-and-tents.png","true","GENERATED_FOR_EVENTOS_SIMULATION","Simulator-only fixture; not available for real purchase"
"SIM-BIZ-025","Lighting & AV Test Co 05 [SYNTHETIC]","Supplier","Lighting and audiovisual","Johannesburg","Micro","SIM-BIZ-025-CAT-017","SIM-025-017","Crowd-Control Barrier [SYNTHETIC]","Lighting and audiovisual","Each","QUANTITY","100","2621","3512.14","/simulation/catalogue/staging-and-tents.png","true","GENERATED_FOR_EVENTOS_SIMULATION","Simulator-only fixture; not available for real purchase"
"SIM-BIZ-025","Lighting & AV Test Co 05 [SYNTHETIC]","Supplier","Lighting and audiovisual","Johannesburg","Micro","SIM-BIZ-025-CAT-018","SIM-025-018","White Stretch Tent [SYNTHETIC]","Lighting and audiovisual","Each","QUANTITY","100","2624","3621.12","/simulation/catalogue/staging-and-tents.png","true","GENERATED_FOR_EVENTOS_SIMULATION","Simulator-only fixture; not available for real purchase"
"SIM-BIZ-025","Lighting & AV Test Co 05 [SYNTHETIC]","Supplier","Lighting and audiovisual","Johannesburg","Micro","SIM-BIZ-025-CAT-019","SIM-025-019","White Frame Marquee [SYNTHETIC]","Lighting and audiovisual","Each","QUANTITY","100","2671","3685.98","/simulation/catalogue/staging-and-tents.png","true","GENERATED_FOR_EVENTOS_SIMULATION","Simulator-only fixture; not available for real purchase"
"SIM-BIZ-025","Lighting & AV Test Co 05 [SYNTHETIC]","Supplier","Lighting and audiovisual","Johannesburg","Micro","SIM-BIZ-025-CAT-020","SIM-025-020","Compact Event Gazebo [SYNTHETIC]","Lighting and audiovisual","Each","QUANTITY","100","2718","3750.84","/simulation/catalogue/staging-and-tents.png","true","GENERATED_FOR_EVENTOS_SIMULATION","Simulator-only fixture; not available for real purchase"
"SIM-BIZ-025","Lighting & AV Test Co 05 [SYNTHETIC]","Supplier","Lighting and audiovisual","Johannesburg","Micro","SIM-BIZ-025-CAT-021","SIM-025-021","Weighted Tent Base [SYNTHETIC]","Lighting and audiovisual","Each","QUANTITY","100","2765","3815.7","/simulation/catalogue/staging-and-tents.png","true","GENERATED_FOR_EVENTOS_SIMULATION","Simulator-only fixture; not available for real purchase"
"SIM-BIZ-026","Lighting & AV Test Co 06 [SYNTHETIC]","Supplier","Lighting and audiovisual","Pretoria","Small","SIM-BIZ-026-CAT-001","SIM-026-001","Battery Pillar Candle Set [SYNTHETIC]","Lighting and audiovisual","Each","QUANTITY","140","2899.5","3537.39","/simulation/catalogue/decorative-lighting.png","true","GENERATED_FOR_EVENTOS_SIMULATION","Simulator-only fixture; not available for real purchase"
"SIM-BIZ-026","Lighting & AV Test Co 06 [SYNTHETIC]","Supplier","Lighting and audiovisual","Pretoria","Small","SIM-BIZ-026-CAT-002","SIM-026-002","Dinner Candle and Holder Set [SYNTHETIC]","Lighting and audiovisual","Each","QUANTITY","140","2970","3623.4","/simulation/catalogue/decorative-lighting.png","true","GENERATED_FOR_EVENTOS_SIMULATION","Simulator-only fixture; not available for real purchase"
"SIM-BIZ-026","Lighting & AV Test Co 06 [SYNTHETIC]","Supplier","Lighting and audiovisual","Pretoria","Small","SIM-BIZ-026-CAT-003","SIM-026-003","Wireless Uplight [SYNTHETIC]","Lighting and audiovisual","Each","QUANTITY","140","3040.5","3709.41","/simulation/catalogue/products/wireless-uplight.png","true","GENERATED_FOR_EVENTOS_SIMULATION","Simulator-only fixture; not available for real purchase"
"SIM-BIZ-026","Lighting & AV Test Co 06 [SYNTHETIC]","Supplier","Lighting and audiovisual","Pretoria","Small","SIM-BIZ-026-CAT-004","SIM-026-004","Compact Pinspot [SYNTHETIC]","Lighting and audiovisual","Each","QUANTITY","140","3111","3795.42","/simulation/catalogue/decorative-lighting.png","true","GENERATED_FOR_EVENTOS_SIMULATION","Simulator-only fixture; not available for real purchase"
"SIM-BIZ-026","Lighting & AV Test Co 06 [SYNTHETIC]","Supplier","Lighting and audiovisual","Pretoria","Small","SIM-BIZ-026-CAT-005","SIM-026-005","Illuminated Cube Seat [SYNTHETIC]","Lighting and audiovisual","Each","QUANTITY","140","3181.5","3881.43","/simulation/catalogue/decorative-lighting.png","true","GENERATED_FOR_EVENTOS_SIMULATION","Simulator-only fixture; not available for real purchase"
"SIM-BIZ-026","Lighting & AV Test Co 06 [SYNTHETIC]","Supplier","Lighting and audiovisual","Pretoria","Small","SIM-BIZ-026-CAT-006","SIM-026-006","Illuminated Cylinder Plinth [SYNTHETIC]","Lighting and audiovisual","Each","QUANTITY","140","3252","3967.44","/simulation/catalogue/decorative-lighting.png","true","GENERATED_FOR_EVENTOS_SIMULATION","Simulator-only fixture; not available for real purchase"
"SIM-BIZ-026","Lighting & AV Test Co 06 [SYNTHETIC]","Supplier","Lighting and audiovisual","Pretoria","Small","SIM-BIZ-026-CAT-007","SIM-026-007","Ambient Sphere Light [SYNTHETIC]","Lighting and audiovisual","Each","QUANTITY","140","3322.5","4053.45","/simulation/catalogue/decorative-lighting.png","true","GENERATED_FOR_EVENTOS_SIMULATION","Simulator-only fixture; not available for real purchase"
"SIM-BIZ-026","Lighting & AV Test Co 06 [SYNTHETIC]","Supplier","Lighting and audiovisual","Pretoria","Small","SIM-BIZ-026-CAT-008","SIM-026-008","Compact Crystal Chandelier [SYNTHETIC]","Lighting and audiovisual","Each","QUANTITY","140","3393","4139.46","/simulation/catalogue/decorative-lighting.png","true","GENERATED_FOR_EVENTOS_SIMULATION","Simulator-only fixture; not available for real purchase"
"SIM-BIZ-026","Lighting & AV Test Co 06 [SYNTHETIC]","Supplier","Lighting and audiovisual","Pretoria","Small","SIM-BIZ-026-CAT-009","SIM-026-009","Wireless Table Lamp [SYNTHETIC]","Lighting and audiovisual","Each","QUANTITY","140","3463.5","4225.47","/simulation/catalogue/products/wireless-table-lamp.png","true","GENERATED_FOR_EVENTOS_SIMULATION","Simulator-only fixture; not available for real purchase"
"SIM-BIZ-026","Lighting & AV Test Co 06 [SYNTHETIC]","Supplier","Lighting and audiovisual","Pretoria","Small","SIM-BIZ-026-CAT-010","SIM-026-010","Stanchion Light [SYNTHETIC]","Lighting and audiovisual","Each","QUANTITY","140","3534","4311.48","/simulation/catalogue/decorative-lighting.png","true","GENERATED_FOR_EVENTOS_SIMULATION","Simulator-only fixture; not available for real purchase"
"SIM-BIZ-026","Lighting & AV Test Co 06 [SYNTHETIC]","Supplier","Lighting and audiovisual","Pretoria","Small","SIM-BIZ-026-CAT-011","SIM-026-011","Audio Package [SYNTHETIC]","Lighting and audiovisual","Each","QUANTITY","140","3186","4014.36","/simulation/catalogue/supplier.webp","true","GENERATED_FOR_EVENTOS_SIMULATION","Simulator-only fixture; not available for real purchase"
"SIM-BIZ-026","Lighting & AV Test Co 06 [SYNTHETIC]","Supplier","Lighting and audiovisual","Pretoria","Small","SIM-BIZ-026-CAT-012","SIM-026-012","Screens Package [SYNTHETIC]","Lighting and audiovisual","Each","QUANTITY","140","3472.5","4514.25","/simulation/catalogue/supplier.webp","true","GENERATED_FOR_EVENTOS_SIMULATION","Simulator-only fixture; not available for real purchase"
"SIM-BIZ-026","Lighting & AV Test Co 06 [SYNTHETIC]","Supplier","Lighting and audiovisual","Pretoria","Small","SIM-BIZ-026-CAT-013","SIM-026-013","Modular Stage Deck [SYNTHETIC]","Lighting and audiovisual","Each","QUANTITY","140","3759","5037.06","/simulation/catalogue/staging-and-tents.png","true","GENERATED_FOR_EVENTOS_SIMULATION","Simulator-only fixture; not available for real purchase"
"SIM-BIZ-026","Lighting & AV Test Co 06 [SYNTHETIC]","Supplier","Lighting and audiovisual","Pretoria","Small","SIM-BIZ-026-CAT-014","SIM-026-014","Stage Step Unit [SYNTHETIC]","Lighting and audiovisual","Each","QUANTITY","140","3829.5","5131.53","/simulation/catalogue/staging-and-tents.png","true","GENERATED_FOR_EVENTOS_SIMULATION","Simulator-only fixture; not available for real purchase"
"SIM-BIZ-026","Lighting & AV Test Co 06 [SYNTHETIC]","Supplier","Lighting and audiovisual","Pretoria","Small","SIM-BIZ-026-CAT-015","SIM-026-015","Stage Safety Rail [SYNTHETIC]","Lighting and audiovisual","Each","QUANTITY","140","3900","5226","/simulation/catalogue/staging-and-tents.png","true","GENERATED_FOR_EVENTOS_SIMULATION","Simulator-only fixture; not available for real purchase"
"SIM-BIZ-026","Lighting & AV Test Co 06 [SYNTHETIC]","Supplier","Lighting and audiovisual","Pretoria","Small","SIM-BIZ-026-CAT-016","SIM-026-016","Compact Truss Arch [SYNTHETIC]","Lighting and audiovisual","Each","QUANTITY","140","3970.5","5320.47","/simulation/catalogue/staging-and-tents.png","true","GENERATED_FOR_EVENTOS_SIMULATION","Simulator-only fixture; not available for real purchase"
"SIM-BIZ-026","Lighting & AV Test Co 06 [SYNTHETIC]","Supplier","Lighting and audiovisual","Pretoria","Small","SIM-BIZ-026-CAT-017","SIM-026-017","Crowd-Control Barrier [SYNTHETIC]","Lighting and audiovisual","Each","QUANTITY","140","4041","5414.94","/simulation/catalogue/staging-and-tents.png","true","GENERATED_FOR_EVENTOS_SIMULATION","Simulator-only fixture; not available for real purchase"
"SIM-BIZ-026","Lighting & AV Test Co 06 [SYNTHETIC]","Supplier","Lighting and audiovisual","Pretoria","Small","SIM-BIZ-026-CAT-018","SIM-026-018","White Stretch Tent [SYNTHETIC]","Lighting and audiovisual","Each","QUANTITY","140","4045.5","5582.79","/simulation/catalogue/staging-and-tents.png","true","GENERATED_FOR_EVENTOS_SIMULATION","Simulator-only fixture; not available for real purchase"
"SIM-BIZ-026","Lighting & AV Test Co 06 [SYNTHETIC]","Supplier","Lighting and audiovisual","Pretoria","Small","SIM-BIZ-026-CAT-019","SIM-026-019","White Frame Marquee [SYNTHETIC]","Lighting and audiovisual","Each","QUANTITY","140","4116","5680.08","/simulation/catalogue/staging-and-tents.png","true","GENERATED_FOR_EVENTOS_SIMULATION","Simulator-only fixture; not available for real purchase"
"SIM-BIZ-026","Lighting & AV Test Co 06 [SYNTHETIC]","Supplier","Lighting and audiovisual","Pretoria","Small","SIM-BIZ-026-CAT-020","SIM-026-020","Compact Event Gazebo [SYNTHETIC]","Lighting and audiovisual","Each","QUANTITY","140","4186.5","5777.37","/simulation/catalogue/staging-and-tents.png","true","GENERATED_FOR_EVENTOS_SIMULATION","Simulator-only fixture; not available for real purchase"
"SIM-BIZ-026","Lighting & AV Test Co 06 [SYNTHETIC]","Supplier","Lighting and audiovisual","Pretoria","Small","SIM-BIZ-026-CAT-021","SIM-026-021","Weighted Tent Base [SYNTHETIC]","Lighting and audiovisual","Each","QUANTITY","140","4257","5874.66","/simulation/catalogue/staging-and-tents.png","true","GENERATED_FOR_EVENTOS_SIMULATION","Simulator-only fixture; not available for real purchase"
"SIM-BIZ-027","Lighting & AV Test Co 07 [SYNTHETIC]","Supplier","Lighting and audiovisual","Durban","Medium","SIM-BIZ-027-CAT-001","SIM-027-001","Battery Pillar Candle Set [SYNTHETIC]","Lighting and audiovisual","Each","QUANTITY","220","5015","6118.3","/simulation/catalogue/decorative-lighting.png","true","GENERATED_FOR_EVENTOS_SIMULATION","Simulator-only fixture; not available for real purchase"
"SIM-BIZ-027","Lighting & AV Test Co 07 [SYNTHETIC]","Supplier","Lighting and audiovisual","Durban","Medium","SIM-BIZ-027-CAT-002","SIM-027-002","Dinner Candle and Holder Set [SYNTHETIC]","Lighting and audiovisual","Each","QUANTITY","220","5132.5","6261.65","/simulation/catalogue/decorative-lighting.png","true","GENERATED_FOR_EVENTOS_SIMULATION","Simulator-only fixture; not available for real purchase"
"SIM-BIZ-027","Lighting & AV Test Co 07 [SYNTHETIC]","Supplier","Lighting and audiovisual","Durban","Medium","SIM-BIZ-027-CAT-003","SIM-027-003","Wireless Uplight [SYNTHETIC]","Lighting and audiovisual","Each","QUANTITY","220","5250","6405","/simulation/catalogue/products/wireless-uplight.png","true","GENERATED_FOR_EVENTOS_SIMULATION","Simulator-only fixture; not available for real purchase"
"SIM-BIZ-027","Lighting & AV Test Co 07 [SYNTHETIC]","Supplier","Lighting and audiovisual","Durban","Medium","SIM-BIZ-027-CAT-004","SIM-027-004","Compact Pinspot [SYNTHETIC]","Lighting and audiovisual","Each","QUANTITY","220","5367.5","6548.35","/simulation/catalogue/decorative-lighting.png","true","GENERATED_FOR_EVENTOS_SIMULATION","Simulator-only fixture; not available for real purchase"
"SIM-BIZ-027","Lighting & AV Test Co 07 [SYNTHETIC]","Supplier","Lighting and audiovisual","Durban","Medium","SIM-BIZ-027-CAT-005","SIM-027-005","Illuminated Cube Seat [SYNTHETIC]","Lighting and audiovisual","Each","QUANTITY","220","5485","6691.7","/simulation/catalogue/decorative-lighting.png","true","GENERATED_FOR_EVENTOS_SIMULATION","Simulator-only fixture; not available for real purchase"
"SIM-BIZ-027","Lighting & AV Test Co 07 [SYNTHETIC]","Supplier","Lighting and audiovisual","Durban","Medium","SIM-BIZ-027-CAT-006","SIM-027-006","Illuminated Cylinder Plinth [SYNTHETIC]","Lighting and audiovisual","Each","QUANTITY","220","5602.5","6835.05","/simulation/catalogue/decorative-lighting.png","true","GENERATED_FOR_EVENTOS_SIMULATION","Simulator-only fixture; not available for real purchase"
"SIM-BIZ-027","Lighting & AV Test Co 07 [SYNTHETIC]","Supplier","Lighting and audiovisual","Durban","Medium","SIM-BIZ-027-CAT-007","SIM-027-007","Ambient Sphere Light [SYNTHETIC]","Lighting and audiovisual","Each","QUANTITY","220","5720","6978.4","/simulation/catalogue/decorative-lighting.png","true","GENERATED_FOR_EVENTOS_SIMULATION","Simulator-only fixture; not available for real purchase"
"SIM-BIZ-027","Lighting & AV Test Co 07 [SYNTHETIC]","Supplier","Lighting and audiovisual","Durban","Medium","SIM-BIZ-027-CAT-008","SIM-027-008","Compact Crystal Chandelier [SYNTHETIC]","Lighting and audiovisual","Each","QUANTITY","220","5837.5","7121.75","/simulation/catalogue/decorative-lighting.png","true","GENERATED_FOR_EVENTOS_SIMULATION","Simulator-only fixture; not available for real purchase"
"SIM-BIZ-027","Lighting & AV Test Co 07 [SYNTHETIC]","Supplier","Lighting and audiovisual","Durban","Medium","SIM-BIZ-027-CAT-009","SIM-027-009","Wireless Table Lamp [SYNTHETIC]","Lighting and audiovisual","Each","QUANTITY","220","5955","7265.1","/simulation/catalogue/products/wireless-table-lamp.png","true","GENERATED_FOR_EVENTOS_SIMULATION","Simulator-only fixture; not available for real purchase"
"SIM-BIZ-027","Lighting & AV Test Co 07 [SYNTHETIC]","Supplier","Lighting and audiovisual","Durban","Medium","SIM-BIZ-027-CAT-010","SIM-027-010","Stanchion Light [SYNTHETIC]","Lighting and audiovisual","Each","QUANTITY","220","6072.5","7408.45","/simulation/catalogue/decorative-lighting.png","true","GENERATED_FOR_EVENTOS_SIMULATION","Simulator-only fixture; not available for real purchase"
"SIM-BIZ-027","Lighting & AV Test Co 07 [SYNTHETIC]","Supplier","Lighting and audiovisual","Durban","Medium","SIM-BIZ-027-CAT-011","SIM-027-011","Audio Package [SYNTHETIC]","Lighting and audiovisual","Each","QUANTITY","220","5492.5","6920.55","/simulation/catalogue/supplier.webp","true","GENERATED_FOR_EVENTOS_SIMULATION","Simulator-only fixture; not available for real purchase"
"SIM-BIZ-027","Lighting & AV Test Co 07 [SYNTHETIC]","Supplier","Lighting and audiovisual","Durban","Medium","SIM-BIZ-027-CAT-012","SIM-027-012","Screens Package [SYNTHETIC]","Lighting and audiovisual","Each","QUANTITY","220","5970","7761","/simulation/catalogue/supplier.webp","true","GENERATED_FOR_EVENTOS_SIMULATION","Simulator-only fixture; not available for real purchase"
"SIM-BIZ-027","Lighting & AV Test Co 07 [SYNTHETIC]","Supplier","Lighting and audiovisual","Durban","Medium","SIM-BIZ-027-CAT-013","SIM-027-013","Modular Stage Deck [SYNTHETIC]","Lighting and audiovisual","Each","QUANTITY","220","6447.5","8639.65","/simulation/catalogue/staging-and-tents.png","true","GENERATED_FOR_EVENTOS_SIMULATION","Simulator-only fixture; not available for real purchase"
"SIM-BIZ-027","Lighting & AV Test Co 07 [SYNTHETIC]","Supplier","Lighting and audiovisual","Durban","Medium","SIM-BIZ-027-CAT-014","SIM-027-014","Stage Step Unit [SYNTHETIC]","Lighting and audiovisual","Each","QUANTITY","220","6565","8797.1","/simulation/catalogue/staging-and-tents.png","true","GENERATED_FOR_EVENTOS_SIMULATION","Simulator-only fixture; not available for real purchase"
"SIM-BIZ-027","Lighting & AV Test Co 07 [SYNTHETIC]","Supplier","Lighting and audiovisual","Durban","Medium","SIM-BIZ-027-CAT-015","SIM-027-015","Stage Safety Rail [SYNTHETIC]","Lighting and audiovisual","Each","QUANTITY","220","6682.5","8954.55","/simulation/catalogue/staging-and-tents.png","true","GENERATED_FOR_EVENTOS_SIMULATION","Simulator-only fixture; not available for real purchase"
"SIM-BIZ-027","Lighting & AV Test Co 07 [SYNTHETIC]","Supplier","Lighting and audiovisual","Durban","Medium","SIM-BIZ-027-CAT-016","SIM-027-016","Compact Truss Arch [SYNTHETIC]","Lighting and audiovisual","Each","QUANTITY","220","6800","9112","/simulation/catalogue/staging-and-tents.png","true","GENERATED_FOR_EVENTOS_SIMULATION","Simulator-only fixture; not available for real purchase"
"SIM-BIZ-027","Lighting & AV Test Co 07 [SYNTHETIC]","Supplier","Lighting and audiovisual","Durban","Medium","SIM-BIZ-027-CAT-017","SIM-027-017","Crowd-Control Barrier [SYNTHETIC]","Lighting and audiovisual","Each","QUANTITY","220","6917.5","9269.45","/simulation/catalogue/staging-and-tents.png","true","GENERATED_FOR_EVENTOS_SIMULATION","Simulator-only fixture; not available for real purchase"
"SIM-BIZ-027","Lighting & AV Test Co 07 [SYNTHETIC]","Supplier","Lighting and audiovisual","Durban","Medium","SIM-BIZ-027-CAT-018","SIM-027-018","White Stretch Tent [SYNTHETIC]","Lighting and audiovisual","Each","QUANTITY","220","6925","9556.5","/simulation/catalogue/staging-and-tents.png","true","GENERATED_FOR_EVENTOS_SIMULATION","Simulator-only fixture; not available for real purchase"
"SIM-BIZ-027","Lighting & AV Test Co 07 [SYNTHETIC]","Supplier","Lighting and audiovisual","Durban","Medium","SIM-BIZ-027-CAT-019","SIM-027-019","White Frame Marquee [SYNTHETIC]","Lighting and audiovisual","Each","QUANTITY","220","7042.5","9718.65","/simulation/catalogue/staging-and-tents.png","true","GENERATED_FOR_EVENTOS_SIMULATION","Simulator-only fixture; not available for real purchase"
"SIM-BIZ-027","Lighting & AV Test Co 07 [SYNTHETIC]","Supplier","Lighting and audiovisual","Durban","Medium","SIM-BIZ-027-CAT-020","SIM-027-020","Compact Event Gazebo [SYNTHETIC]","Lighting and audiovisual","Each","QUANTITY","220","7160","9880.8","/simulation/catalogue/staging-and-tents.png","true","GENERATED_FOR_EVENTOS_SIMULATION","Simulator-only fixture; not available for real purchase"
"SIM-BIZ-027","Lighting & AV Test Co 07 [SYNTHETIC]","Supplier","Lighting and audiovisual","Durban","Medium","SIM-BIZ-027-CAT-021","SIM-027-021","Weighted Tent Base [SYNTHETIC]","Lighting and audiovisual","Each","QUANTITY","220","7277.5","10042.95","/simulation/catalogue/staging-and-tents.png","true","GENERATED_FOR_EVENTOS_SIMULATION","Simulator-only fixture; not available for real purchase"
"SIM-BIZ-028","Lighting & AV Test Co 08 [SYNTHETIC]","Supplier","Lighting and audiovisual","Gqeberha","Large","SIM-BIZ-028-CAT-001","SIM-028-001","Battery Pillar Candle Set [SYNTHETIC]","Lighting and audiovisual","Each","QUANTITY","340","8316","10145.52","/simulation/catalogue/decorative-lighting.png","true","GENERATED_FOR_EVENTOS_SIMULATION","Simulator-only fixture; not available for real purchase"
"SIM-BIZ-028","Lighting & AV Test Co 08 [SYNTHETIC]","Supplier","Lighting and audiovisual","Gqeberha","Large","SIM-BIZ-028-CAT-002","SIM-028-002","Dinner Candle and Holder Set [SYNTHETIC]","Lighting and audiovisual","Each","QUANTITY","340","8504","10374.88","/simulation/catalogue/decorative-lighting.png","true","GENERATED_FOR_EVENTOS_SIMULATION","Simulator-only fixture; not available for real purchase"
"SIM-BIZ-028","Lighting & AV Test Co 08 [SYNTHETIC]","Supplier","Lighting and audiovisual","Gqeberha","Large","SIM-BIZ-028-CAT-003","SIM-028-003","Wireless Uplight [SYNTHETIC]","Lighting and audiovisual","Each","QUANTITY","340","8692","10604.24","/simulation/catalogue/products/wireless-uplight.png","true","GENERATED_FOR_EVENTOS_SIMULATION","Simulator-only fixture; not available for real purchase"
"SIM-BIZ-028","Lighting & AV Test Co 08 [SYNTHETIC]","Supplier","Lighting and audiovisual","Gqeberha","Large","SIM-BIZ-028-CAT-004","SIM-028-004","Compact Pinspot [SYNTHETIC]","Lighting and audiovisual","Each","QUANTITY","340","8880","10833.6","/simulation/catalogue/decorative-lighting.png","true","GENERATED_FOR_EVENTOS_SIMULATION","Simulator-only fixture; not available for real purchase"
"SIM-BIZ-028","Lighting & AV Test Co 08 [SYNTHETIC]","Supplier","Lighting and audiovisual","Gqeberha","Large","SIM-BIZ-028-CAT-005","SIM-028-005","Illuminated Cube Seat [SYNTHETIC]","Lighting and audiovisual","Each","QUANTITY","340","9068","11062.96","/simulation/catalogue/decorative-lighting.png","true","GENERATED_FOR_EVENTOS_SIMULATION","Simulator-only fixture; not available for real purchase"
"SIM-BIZ-028","Lighting & AV Test Co 08 [SYNTHETIC]","Supplier","Lighting and audiovisual","Gqeberha","Large","SIM-BIZ-028-CAT-006","SIM-028-006","Illuminated Cylinder Plinth [SYNTHETIC]","Lighting and audiovisual","Each","QUANTITY","340","9256","11292.32","/simulation/catalogue/decorative-lighting.png","true","GENERATED_FOR_EVENTOS_SIMULATION","Simulator-only fixture; not available for real purchase"
"SIM-BIZ-028","Lighting & AV Test Co 08 [SYNTHETIC]","Supplier","Lighting and audiovisual","Gqeberha","Large","SIM-BIZ-028-CAT-007","SIM-028-007","Ambient Sphere Light [SYNTHETIC]","Lighting and audiovisual","Each","QUANTITY","340","9444","11521.68","/simulation/catalogue/decorative-lighting.png","true","GENERATED_FOR_EVENTOS_SIMULATION","Simulator-only fixture; not available for real purchase"
"SIM-BIZ-028","Lighting & AV Test Co 08 [SYNTHETIC]","Supplier","Lighting and audiovisual","Gqeberha","Large","SIM-BIZ-028-CAT-008","SIM-028-008","Compact Crystal Chandelier [SYNTHETIC]","Lighting and audiovisual","Each","QUANTITY","340","9632","11751.04","/simulation/catalogue/decorative-lighting.png","true","GENERATED_FOR_EVENTOS_SIMULATION","Simulator-only fixture; not available for real purchase"
"SIM-BIZ-028","Lighting & AV Test Co 08 [SYNTHETIC]","Supplier","Lighting and audiovisual","Gqeberha","Large","SIM-BIZ-028-CAT-009","SIM-028-009","Wireless Table Lamp [SYNTHETIC]","Lighting and audiovisual","Each","QUANTITY","340","9820","11980.4","/simulation/catalogue/products/wireless-table-lamp.png","true","GENERATED_FOR_EVENTOS_SIMULATION","Simulator-only fixture; not available for real purchase"
"SIM-BIZ-028","Lighting & AV Test Co 08 [SYNTHETIC]","Supplier","Lighting and audiovisual","Gqeberha","Large","SIM-BIZ-028-CAT-010","SIM-028-010","Stanchion Light [SYNTHETIC]","Lighting and audiovisual","Each","QUANTITY","340","10008","12209.76","/simulation/catalogue/decorative-lighting.png","true","GENERATED_FOR_EVENTOS_SIMULATION","Simulator-only fixture; not available for real purchase"
"SIM-BIZ-028","Lighting & AV Test Co 08 [SYNTHETIC]","Supplier","Lighting and audiovisual","Gqeberha","Large","SIM-BIZ-028-CAT-011","SIM-028-011","Audio Package [SYNTHETIC]","Lighting and audiovisual","Each","QUANTITY","340","9080","11440.8","/simulation/catalogue/supplier.webp","true","GENERATED_FOR_EVENTOS_SIMULATION","Simulator-only fixture; not available for real purchase"
"SIM-BIZ-028","Lighting & AV Test Co 08 [SYNTHETIC]","Supplier","Lighting and audiovisual","Gqeberha","Large","SIM-BIZ-028-CAT-012","SIM-028-012","Screens Package [SYNTHETIC]","Lighting and audiovisual","Each","QUANTITY","340","9844","12797.2","/simulation/catalogue/supplier.webp","true","GENERATED_FOR_EVENTOS_SIMULATION","Simulator-only fixture; not available for real purchase"
"SIM-BIZ-028","Lighting & AV Test Co 08 [SYNTHETIC]","Supplier","Lighting and audiovisual","Gqeberha","Large","SIM-BIZ-028-CAT-013","SIM-028-013","Modular Stage Deck [SYNTHETIC]","Lighting and audiovisual","Each","QUANTITY","340","10608","14214.72","/simulation/catalogue/staging-and-tents.png","true","GENERATED_FOR_EVENTOS_SIMULATION","Simulator-only fixture; not available for real purchase"
"SIM-BIZ-028","Lighting & AV Test Co 08 [SYNTHETIC]","Supplier","Lighting and audiovisual","Gqeberha","Large","SIM-BIZ-028-CAT-014","SIM-028-014","Stage Step Unit [SYNTHETIC]","Lighting and audiovisual","Each","QUANTITY","340","10796","14466.64","/simulation/catalogue/staging-and-tents.png","true","GENERATED_FOR_EVENTOS_SIMULATION","Simulator-only fixture; not available for real purchase"
"SIM-BIZ-028","Lighting & AV Test Co 08 [SYNTHETIC]","Supplier","Lighting and audiovisual","Gqeberha","Large","SIM-BIZ-028-CAT-015","SIM-028-015","Stage Safety Rail [SYNTHETIC]","Lighting and audiovisual","Each","QUANTITY","340","10984","14718.56","/simulation/catalogue/staging-and-tents.png","true","GENERATED_FOR_EVENTOS_SIMULATION","Simulator-only fixture; not available for real purchase"
"SIM-BIZ-028","Lighting & AV Test Co 08 [SYNTHETIC]","Supplier","Lighting and audiovisual","Gqeberha","Large","SIM-BIZ-028-CAT-016","SIM-028-016","Compact Truss Arch [SYNTHETIC]","Lighting and audiovisual","Each","QUANTITY","340","11172","14970.48","/simulation/catalogue/staging-and-tents.png","true","GENERATED_FOR_EVENTOS_SIMULATION","Simulator-only fixture; not available for real purchase"
"SIM-BIZ-028","Lighting & AV Test Co 08 [SYNTHETIC]","Supplier","Lighting and audiovisual","Gqeberha","Large","SIM-BIZ-028-CAT-017","SIM-028-017","Crowd-Control Barrier [SYNTHETIC]","Lighting and audiovisual","Each","QUANTITY","340","11360","15222.4","/simulation/catalogue/staging-and-tents.png","true","GENERATED_FOR_EVENTOS_SIMULATION","Simulator-only fixture; not available for real purchase"
"SIM-BIZ-028","Lighting & AV Test Co 08 [SYNTHETIC]","Supplier","Lighting and audiovisual","Gqeberha","Large","SIM-BIZ-028-CAT-018","SIM-028-018","White Stretch Tent [SYNTHETIC]","Lighting and audiovisual","Each","QUANTITY","340","11372","15693.36","/simulation/catalogue/staging-and-tents.png","true","GENERATED_FOR_EVENTOS_SIMULATION","Simulator-only fixture; not available for real purchase"
"SIM-BIZ-028","Lighting & AV Test Co 08 [SYNTHETIC]","Supplier","Lighting and audiovisual","Gqeberha","Large","SIM-BIZ-028-CAT-019","SIM-028-019","White Frame Marquee [SYNTHETIC]","Lighting and audiovisual","Each","QUANTITY","340","11560","15952.8","/simulation/catalogue/staging-and-tents.png","true","GENERATED_FOR_EVENTOS_SIMULATION","Simulator-only fixture; not available for real purchase"
"SIM-BIZ-028","Lighting & AV Test Co 08 [SYNTHETIC]","Supplier","Lighting and audiovisual","Gqeberha","Large","SIM-BIZ-028-CAT-020","SIM-028-020","Compact Event Gazebo [SYNTHETIC]","Lighting and audiovisual","Each","QUANTITY","340","11748","16212.24","/simulation/catalogue/staging-and-tents.png","true","GENERATED_FOR_EVENTOS_SIMULATION","Simulator-only fixture; not available for real purchase"
"SIM-BIZ-028","Lighting & AV Test Co 08 [SYNTHETIC]","Supplier","Lighting and audiovisual","Gqeberha","Large","SIM-BIZ-028-CAT-021","SIM-028-021","Weighted Tent Base [SYNTHETIC]","Lighting and audiovisual","Each","QUANTITY","340","11936","16471.68","/simulation/catalogue/staging-and-tents.png","true","GENERATED_FOR_EVENTOS_SIMULATION","Simulator-only fixture; not available for real purchase"
"SIM-BIZ-029","Lighting & AV Test Co 09 [SYNTHETIC]","Supplier","Lighting and audiovisual","Cape Town","Micro","SIM-BIZ-029-CAT-001","SIM-029-001","Battery Pillar Candle Set [SYNTHETIC]","Lighting and audiovisual","Each","QUANTITY","100","2152","2625.44","/simulation/catalogue/decorative-lighting.png","true","GENERATED_FOR_EVENTOS_SIMULATION","Simulator-only fixture; not available for real purchase"
"SIM-BIZ-029","Lighting & AV Test Co 09 [SYNTHETIC]","Supplier","Lighting and audiovisual","Cape Town","Micro","SIM-BIZ-029-CAT-002","SIM-029-002","Dinner Candle and Holder Set [SYNTHETIC]","Lighting and audiovisual","Each","QUANTITY","100","2199","2682.78","/simulation/catalogue/decorative-lighting.png","true","GENERATED_FOR_EVENTOS_SIMULATION","Simulator-only fixture; not available for real purchase"
"SIM-BIZ-029","Lighting & AV Test Co 09 [SYNTHETIC]","Supplier","Lighting and audiovisual","Cape Town","Micro","SIM-BIZ-029-CAT-003","SIM-029-003","Wireless Uplight [SYNTHETIC]","Lighting and audiovisual","Each","QUANTITY","100","2246","2740.12","/simulation/catalogue/products/wireless-uplight.png","true","GENERATED_FOR_EVENTOS_SIMULATION","Simulator-only fixture; not available for real purchase"
"SIM-BIZ-029","Lighting & AV Test Co 09 [SYNTHETIC]","Supplier","Lighting and audiovisual","Cape Town","Micro","SIM-BIZ-029-CAT-004","SIM-029-004","Compact Pinspot [SYNTHETIC]","Lighting and audiovisual","Each","QUANTITY","100","2293","2797.46","/simulation/catalogue/decorative-lighting.png","true","GENERATED_FOR_EVENTOS_SIMULATION","Simulator-only fixture; not available for real purchase"
"SIM-BIZ-029","Lighting & AV Test Co 09 [SYNTHETIC]","Supplier","Lighting and audiovisual","Cape Town","Micro","SIM-BIZ-029-CAT-005","SIM-029-005","Illuminated Cube Seat [SYNTHETIC]","Lighting and audiovisual","Each","QUANTITY","100","2340","2854.8","/simulation/catalogue/decorative-lighting.png","true","GENERATED_FOR_EVENTOS_SIMULATION","Simulator-only fixture; not available for real purchase"
"SIM-BIZ-029","Lighting & AV Test Co 09 [SYNTHETIC]","Supplier","Lighting and audiovisual","Cape Town","Micro","SIM-BIZ-029-CAT-006","SIM-029-006","Illuminated Cylinder Plinth [SYNTHETIC]","Lighting and audiovisual","Each","QUANTITY","100","2387","2912.14","/simulation/catalogue/decorative-lighting.png","true","GENERATED_FOR_EVENTOS_SIMULATION","Simulator-only fixture; not available for real purchase"
"SIM-BIZ-029","Lighting & AV Test Co 09 [SYNTHETIC]","Supplier","Lighting and audiovisual","Cape Town","Micro","SIM-BIZ-029-CAT-007","SIM-029-007","Ambient Sphere Light [SYNTHETIC]","Lighting and audiovisual","Each","QUANTITY","100","2434","2969.48","/simulation/catalogue/decorative-lighting.png","true","GENERATED_FOR_EVENTOS_SIMULATION","Simulator-only fixture; not available for real purchase"
"SIM-BIZ-029","Lighting & AV Test Co 09 [SYNTHETIC]","Supplier","Lighting and audiovisual","Cape Town","Micro","SIM-BIZ-029-CAT-008","SIM-029-008","Compact Crystal Chandelier [SYNTHETIC]","Lighting and audiovisual","Each","QUANTITY","100","2481","3026.82","/simulation/catalogue/decorative-lighting.png","true","GENERATED_FOR_EVENTOS_SIMULATION","Simulator-only fixture; not available for real purchase"
"SIM-BIZ-029","Lighting & AV Test Co 09 [SYNTHETIC]","Supplier","Lighting and audiovisual","Cape Town","Micro","SIM-BIZ-029-CAT-009","SIM-029-009","Wireless Table Lamp [SYNTHETIC]","Lighting and audiovisual","Each","QUANTITY","100","2528","3084.16","/simulation/catalogue/products/wireless-table-lamp.png","true","GENERATED_FOR_EVENTOS_SIMULATION","Simulator-only fixture; not available for real purchase"
"SIM-BIZ-029","Lighting & AV Test Co 09 [SYNTHETIC]","Supplier","Lighting and audiovisual","Cape Town","Micro","SIM-BIZ-029-CAT-010","SIM-029-010","Stanchion Light [SYNTHETIC]","Lighting and audiovisual","Each","QUANTITY","100","2575","3141.5","/simulation/catalogue/decorative-lighting.png","true","GENERATED_FOR_EVENTOS_SIMULATION","Simulator-only fixture; not available for real purchase"
"SIM-BIZ-029","Lighting & AV Test Co 09 [SYNTHETIC]","Supplier","Lighting and audiovisual","Cape Town","Micro","SIM-BIZ-029-CAT-011","SIM-029-011","Audio Package [SYNTHETIC]","Lighting and audiovisual","Each","QUANTITY","100","2343","2952.18","/simulation/catalogue/supplier.webp","true","GENERATED_FOR_EVENTOS_SIMULATION","Simulator-only fixture; not available for real purchase"
"SIM-BIZ-029","Lighting & AV Test Co 09 [SYNTHETIC]","Supplier","Lighting and audiovisual","Cape Town","Micro","SIM-BIZ-029-CAT-012","SIM-029-012","Screens Package [SYNTHETIC]","Lighting and audiovisual","Each","QUANTITY","100","2534","3294.2","/simulation/catalogue/supplier.webp","true","GENERATED_FOR_EVENTOS_SIMULATION","Simulator-only fixture; not available for real purchase"
"SIM-BIZ-029","Lighting & AV Test Co 09 [SYNTHETIC]","Supplier","Lighting and audiovisual","Cape Town","Micro","SIM-BIZ-029-CAT-013","SIM-029-013","Modular Stage Deck [SYNTHETIC]","Lighting and audiovisual","Each","QUANTITY","100","2725","3651.5","/simulation/catalogue/staging-and-tents.png","true","GENERATED_FOR_EVENTOS_SIMULATION","Simulator-only fixture; not available for real purchase"
"SIM-BIZ-029","Lighting & AV Test Co 09 [SYNTHETIC]","Supplier","Lighting and audiovisual","Cape Town","Micro","SIM-BIZ-029-CAT-014","SIM-029-014","Stage Step Unit [SYNTHETIC]","Lighting and audiovisual","Each","QUANTITY","100","2772","3714.48","/simulation/catalogue/staging-and-tents.png","true","GENERATED_FOR_EVENTOS_SIMULATION","Simulator-only fixture; not available for real purchase"
"SIM-BIZ-029","Lighting & AV Test Co 09 [SYNTHETIC]","Supplier","Lighting and audiovisual","Cape Town","Micro","SIM-BIZ-029-CAT-015","SIM-029-015","Stage Safety Rail [SYNTHETIC]","Lighting and audiovisual","Each","QUANTITY","100","2819","3777.46","/simulation/catalogue/staging-and-tents.png","true","GENERATED_FOR_EVENTOS_SIMULATION","Simulator-only fixture; not available for real purchase"
"SIM-BIZ-029","Lighting & AV Test Co 09 [SYNTHETIC]","Supplier","Lighting and audiovisual","Cape Town","Micro","SIM-BIZ-029-CAT-016","SIM-029-016","Compact Truss Arch [SYNTHETIC]","Lighting and audiovisual","Each","QUANTITY","100","2866","3840.44","/simulation/catalogue/staging-and-tents.png","true","GENERATED_FOR_EVENTOS_SIMULATION","Simulator-only fixture; not available for real purchase"
"SIM-BIZ-029","Lighting & AV Test Co 09 [SYNTHETIC]","Supplier","Lighting and audiovisual","Cape Town","Micro","SIM-BIZ-029-CAT-017","SIM-029-017","Crowd-Control Barrier [SYNTHETIC]","Lighting and audiovisual","Each","QUANTITY","100","2913","3903.42","/simulation/catalogue/staging-and-tents.png","true","GENERATED_FOR_EVENTOS_SIMULATION","Simulator-only fixture; not available for real purchase"
"SIM-BIZ-029","Lighting & AV Test Co 09 [SYNTHETIC]","Supplier","Lighting and audiovisual","Cape Town","Micro","SIM-BIZ-029-CAT-018","SIM-029-018","White Stretch Tent [SYNTHETIC]","Lighting and audiovisual","Each","QUANTITY","100","2916","4024.08","/simulation/catalogue/staging-and-tents.png","true","GENERATED_FOR_EVENTOS_SIMULATION","Simulator-only fixture; not available for real purchase"
"SIM-BIZ-029","Lighting & AV Test Co 09 [SYNTHETIC]","Supplier","Lighting and audiovisual","Cape Town","Micro","SIM-BIZ-029-CAT-019","SIM-029-019","White Frame Marquee [SYNTHETIC]","Lighting and audiovisual","Each","QUANTITY","100","2963","4088.94","/simulation/catalogue/staging-and-tents.png","true","GENERATED_FOR_EVENTOS_SIMULATION","Simulator-only fixture; not available for real purchase"
"SIM-BIZ-029","Lighting & AV Test Co 09 [SYNTHETIC]","Supplier","Lighting and audiovisual","Cape Town","Micro","SIM-BIZ-029-CAT-020","SIM-029-020","Compact Event Gazebo [SYNTHETIC]","Lighting and audiovisual","Each","QUANTITY","100","3010","4153.8","/simulation/catalogue/staging-and-tents.png","true","GENERATED_FOR_EVENTOS_SIMULATION","Simulator-only fixture; not available for real purchase"
"SIM-BIZ-029","Lighting & AV Test Co 09 [SYNTHETIC]","Supplier","Lighting and audiovisual","Cape Town","Micro","SIM-BIZ-029-CAT-021","SIM-029-021","Weighted Tent Base [SYNTHETIC]","Lighting and audiovisual","Each","QUANTITY","100","3057","4218.66","/simulation/catalogue/staging-and-tents.png","true","GENERATED_FOR_EVENTOS_SIMULATION","Simulator-only fixture; not available for real purchase"
"SIM-BIZ-030","Lighting & AV Test Co 10 [SYNTHETIC]","Supplier","Lighting and audiovisual","Johannesburg","Small","SIM-BIZ-030-CAT-001","SIM-030-001","Battery Pillar Candle Set [SYNTHETIC]","Lighting and audiovisual","Each","QUANTITY","140","3337.5","4071.75","/simulation/catalogue/decorative-lighting.png","true","GENERATED_FOR_EVENTOS_SIMULATION","Simulator-only fixture; not available for real purchase"
"SIM-BIZ-030","Lighting & AV Test Co 10 [SYNTHETIC]","Supplier","Lighting and audiovisual","Johannesburg","Small","SIM-BIZ-030-CAT-002","SIM-030-002","Dinner Candle and Holder Set [SYNTHETIC]","Lighting and audiovisual","Each","QUANTITY","140","3408","4157.76","/simulation/catalogue/decorative-lighting.png","true","GENERATED_FOR_EVENTOS_SIMULATION","Simulator-only fixture; not available for real purchase"
"SIM-BIZ-030","Lighting & AV Test Co 10 [SYNTHETIC]","Supplier","Lighting and audiovisual","Johannesburg","Small","SIM-BIZ-030-CAT-003","SIM-030-003","Wireless Uplight [SYNTHETIC]","Lighting and audiovisual","Each","QUANTITY","140","3478.5","4243.77","/simulation/catalogue/products/wireless-uplight.png","true","GENERATED_FOR_EVENTOS_SIMULATION","Simulator-only fixture; not available for real purchase"
"SIM-BIZ-030","Lighting & AV Test Co 10 [SYNTHETIC]","Supplier","Lighting and audiovisual","Johannesburg","Small","SIM-BIZ-030-CAT-004","SIM-030-004","Compact Pinspot [SYNTHETIC]","Lighting and audiovisual","Each","QUANTITY","140","3549","4329.78","/simulation/catalogue/decorative-lighting.png","true","GENERATED_FOR_EVENTOS_SIMULATION","Simulator-only fixture; not available for real purchase"
"SIM-BIZ-030","Lighting & AV Test Co 10 [SYNTHETIC]","Supplier","Lighting and audiovisual","Johannesburg","Small","SIM-BIZ-030-CAT-005","SIM-030-005","Illuminated Cube Seat [SYNTHETIC]","Lighting and audiovisual","Each","QUANTITY","140","3619.5","4415.79","/simulation/catalogue/decorative-lighting.png","true","GENERATED_FOR_EVENTOS_SIMULATION","Simulator-only fixture; not available for real purchase"
"SIM-BIZ-030","Lighting & AV Test Co 10 [SYNTHETIC]","Supplier","Lighting and audiovisual","Johannesburg","Small","SIM-BIZ-030-CAT-006","SIM-030-006","Illuminated Cylinder Plinth [SYNTHETIC]","Lighting and audiovisual","Each","QUANTITY","140","3690","4501.8","/simulation/catalogue/decorative-lighting.png","true","GENERATED_FOR_EVENTOS_SIMULATION","Simulator-only fixture; not available for real purchase"
"SIM-BIZ-030","Lighting & AV Test Co 10 [SYNTHETIC]","Supplier","Lighting and audiovisual","Johannesburg","Small","SIM-BIZ-030-CAT-007","SIM-030-007","Ambient Sphere Light [SYNTHETIC]","Lighting and audiovisual","Each","QUANTITY","140","3760.5","4587.81","/simulation/catalogue/decorative-lighting.png","true","GENERATED_FOR_EVENTOS_SIMULATION","Simulator-only fixture; not available for real purchase"
"SIM-BIZ-030","Lighting & AV Test Co 10 [SYNTHETIC]","Supplier","Lighting and audiovisual","Johannesburg","Small","SIM-BIZ-030-CAT-008","SIM-030-008","Compact Crystal Chandelier [SYNTHETIC]","Lighting and audiovisual","Each","QUANTITY","140","3831","4673.82","/simulation/catalogue/decorative-lighting.png","true","GENERATED_FOR_EVENTOS_SIMULATION","Simulator-only fixture; not available for real purchase"
"SIM-BIZ-030","Lighting & AV Test Co 10 [SYNTHETIC]","Supplier","Lighting and audiovisual","Johannesburg","Small","SIM-BIZ-030-CAT-009","SIM-030-009","Wireless Table Lamp [SYNTHETIC]","Lighting and audiovisual","Each","QUANTITY","140","3901.5","4759.83","/simulation/catalogue/products/wireless-table-lamp.png","true","GENERATED_FOR_EVENTOS_SIMULATION","Simulator-only fixture; not available for real purchase"
"SIM-BIZ-030","Lighting & AV Test Co 10 [SYNTHETIC]","Supplier","Lighting and audiovisual","Johannesburg","Small","SIM-BIZ-030-CAT-010","SIM-030-010","Stanchion Light [SYNTHETIC]","Lighting and audiovisual","Each","QUANTITY","140","3972","4845.84","/simulation/catalogue/decorative-lighting.png","true","GENERATED_FOR_EVENTOS_SIMULATION","Simulator-only fixture; not available for real purchase"
"SIM-BIZ-030","Lighting & AV Test Co 10 [SYNTHETIC]","Supplier","Lighting and audiovisual","Johannesburg","Small","SIM-BIZ-030-CAT-011","SIM-030-011","Audio Package [SYNTHETIC]","Lighting and audiovisual","Each","QUANTITY","140","3624","4566.24","/simulation/catalogue/supplier.webp","true","GENERATED_FOR_EVENTOS_SIMULATION","Simulator-only fixture; not available for real purchase"
"SIM-BIZ-030","Lighting & AV Test Co 10 [SYNTHETIC]","Supplier","Lighting and audiovisual","Johannesburg","Small","SIM-BIZ-030-CAT-012","SIM-030-012","Screens Package [SYNTHETIC]","Lighting and audiovisual","Each","QUANTITY","140","3910.5","5083.65","/simulation/catalogue/supplier.webp","true","GENERATED_FOR_EVENTOS_SIMULATION","Simulator-only fixture; not available for real purchase"
"SIM-BIZ-030","Lighting & AV Test Co 10 [SYNTHETIC]","Supplier","Lighting and audiovisual","Johannesburg","Small","SIM-BIZ-030-CAT-013","SIM-030-013","Modular Stage Deck [SYNTHETIC]","Lighting and audiovisual","Each","QUANTITY","140","4197","5623.98","/simulation/catalogue/staging-and-tents.png","true","GENERATED_FOR_EVENTOS_SIMULATION","Simulator-only fixture; not available for real purchase"
"SIM-BIZ-030","Lighting & AV Test Co 10 [SYNTHETIC]","Supplier","Lighting and audiovisual","Johannesburg","Small","SIM-BIZ-030-CAT-014","SIM-030-014","Stage Step Unit [SYNTHETIC]","Lighting and audiovisual","Each","QUANTITY","140","4267.5","5718.45","/simulation/catalogue/staging-and-tents.png","true","GENERATED_FOR_EVENTOS_SIMULATION","Simulator-only fixture; not available for real purchase"
"SIM-BIZ-030","Lighting & AV Test Co 10 [SYNTHETIC]","Supplier","Lighting and audiovisual","Johannesburg","Small","SIM-BIZ-030-CAT-015","SIM-030-015","Stage Safety Rail [SYNTHETIC]","Lighting and audiovisual","Each","QUANTITY","140","4338","5812.92","/simulation/catalogue/staging-and-tents.png","true","GENERATED_FOR_EVENTOS_SIMULATION","Simulator-only fixture; not available for real purchase"
"SIM-BIZ-030","Lighting & AV Test Co 10 [SYNTHETIC]","Supplier","Lighting and audiovisual","Johannesburg","Small","SIM-BIZ-030-CAT-016","SIM-030-016","Compact Truss Arch [SYNTHETIC]","Lighting and audiovisual","Each","QUANTITY","140","4408.5","5907.39","/simulation/catalogue/staging-and-tents.png","true","GENERATED_FOR_EVENTOS_SIMULATION","Simulator-only fixture; not available for real purchase"
"SIM-BIZ-030","Lighting & AV Test Co 10 [SYNTHETIC]","Supplier","Lighting and audiovisual","Johannesburg","Small","SIM-BIZ-030-CAT-017","SIM-030-017","Crowd-Control Barrier [SYNTHETIC]","Lighting and audiovisual","Each","QUANTITY","140","4479","6001.86","/simulation/catalogue/staging-and-tents.png","true","GENERATED_FOR_EVENTOS_SIMULATION","Simulator-only fixture; not available for real purchase"
"SIM-BIZ-030","Lighting & AV Test Co 10 [SYNTHETIC]","Supplier","Lighting and audiovisual","Johannesburg","Small","SIM-BIZ-030-CAT-018","SIM-030-018","White Stretch Tent [SYNTHETIC]","Lighting and audiovisual","Each","QUANTITY","140","4483.5","6187.23","/simulation/catalogue/staging-and-tents.png","true","GENERATED_FOR_EVENTOS_SIMULATION","Simulator-only fixture; not available for real purchase"
"SIM-BIZ-030","Lighting & AV Test Co 10 [SYNTHETIC]","Supplier","Lighting and audiovisual","Johannesburg","Small","SIM-BIZ-030-CAT-019","SIM-030-019","White Frame Marquee [SYNTHETIC]","Lighting and audiovisual","Each","QUANTITY","140","4554","6284.52","/simulation/catalogue/staging-and-tents.png","true","GENERATED_FOR_EVENTOS_SIMULATION","Simulator-only fixture; not available for real purchase"
"SIM-BIZ-030","Lighting & AV Test Co 10 [SYNTHETIC]","Supplier","Lighting and audiovisual","Johannesburg","Small","SIM-BIZ-030-CAT-020","SIM-030-020","Compact Event Gazebo [SYNTHETIC]","Lighting and audiovisual","Each","QUANTITY","140","4624.5","6381.81","/simulation/catalogue/staging-and-tents.png","true","GENERATED_FOR_EVENTOS_SIMULATION","Simulator-only fixture; not available for real purchase"
"SIM-BIZ-030","Lighting & AV Test Co 10 [SYNTHETIC]","Supplier","Lighting and audiovisual","Johannesburg","Small","SIM-BIZ-030-CAT-021","SIM-030-021","Weighted Tent Base [SYNTHETIC]","Lighting and audiovisual","Each","QUANTITY","140","4695","6479.1","/simulation/catalogue/staging-and-tents.png","true","GENERATED_FOR_EVENTOS_SIMULATION","Simulator-only fixture; not available for real purchase"
"SIM-BIZ-031","Catering Test Co 01 [SYNTHETIC]","Supplier","Catering and beverages","Durban","Micro","SIM-BIZ-031-CAT-001","SIM-031-001","Menus Package [SYNTHETIC]","Catering and beverages","Each","QUANTITY","100","2298","2803.56","/simulation/catalogue/supplier.webp","true","GENERATED_FOR_EVENTOS_SIMULATION","Simulator-only fixture; not available for real purchase"
"SIM-BIZ-031","Catering Test Co 01 [SYNTHETIC]","Supplier","Catering and beverages","Durban","Micro","SIM-BIZ-031-CAT-002","SIM-031-002","Beverages Package [SYNTHETIC]","Catering and beverages","Each","QUANTITY","100","2489","3136.14","/simulation/catalogue/supplier.webp","true","GENERATED_FOR_EVENTOS_SIMULATION","Simulator-only fixture; not available for real purchase"
"SIM-BIZ-031","Catering Test Co 01 [SYNTHETIC]","Supplier","Catering and beverages","Durban","Micro","SIM-BIZ-031-CAT-003","SIM-031-003","Service Staff Package [SYNTHETIC]","Catering and beverages","Each","QUANTITY","100","2680","3484","/simulation/catalogue/supplier.webp","true","GENERATED_FOR_EVENTOS_SIMULATION","Simulator-only fixture; not available for real purchase"
"SIM-BIZ-031","Catering Test Co 01 [SYNTHETIC]","Supplier","Catering and beverages","Durban","Micro","SIM-BIZ-031-CAT-004","SIM-031-004","Stainless Chafing Dish [SYNTHETIC]","Catering and beverages","Each","QUANTITY","100","2871","3847.14","/simulation/catalogue/products/stainless-chafing-dish.png","true","GENERATED_FOR_EVENTOS_SIMULATION","Simulator-only fixture; not available for real purchase"
"SIM-BIZ-031","Catering Test Co 01 [SYNTHETIC]","Supplier","Catering and beverages","Durban","Micro","SIM-BIZ-031-CAT-005","SIM-031-005","Commercial Soup Kettle [SYNTHETIC]","Catering and beverages","Each","QUANTITY","100","2918","3910.12","/simulation/catalogue/catering-equipment.png","true","GENERATED_FOR_EVENTOS_SIMULATION","Simulator-only fixture; not available for real purchase"
"SIM-BIZ-031","Catering Test Co 01 [SYNTHETIC]","Supplier","Catering and beverages","Durban","Micro","SIM-BIZ-031-CAT-006","SIM-031-006","Beverage Urn [SYNTHETIC]","Catering and beverages","Each","QUANTITY","100","2965","3973.1","/simulation/catalogue/catering-equipment.png","true","GENERATED_FOR_EVENTOS_SIMULATION","Simulator-only fixture; not available for real purchase"
"SIM-BIZ-031","Catering Test Co 01 [SYNTHETIC]","Supplier","Catering and beverages","Durban","Micro","SIM-BIZ-031-CAT-007","SIM-031-007","Insulated Food Carrier [SYNTHETIC]","Catering and beverages","Each","QUANTITY","100","3012","4036.08","/simulation/catalogue/catering-equipment.png","true","GENERATED_FOR_EVENTOS_SIMULATION","Simulator-only fixture; not available for real purchase"
"SIM-BIZ-031","Catering Test Co 01 [SYNTHETIC]","Supplier","Catering and beverages","Durban","Micro","SIM-BIZ-031-CAT-008","SIM-031-008","Portable Serving Counter [SYNTHETIC]","Catering and beverages","Each","QUANTITY","100","3059","4099.06","/simulation/catalogue/catering-equipment.png","true","GENERATED_FOR_EVENTOS_SIMULATION","Simulator-only fixture; not available for real purchase"
"SIM-BIZ-031","Catering Test Co 01 [SYNTHETIC]","Supplier","Catering and beverages","Durban","Micro","SIM-BIZ-031-CAT-009","SIM-031-009","Mobile Bar Counter [SYNTHETIC]","Catering and beverages","Each","QUANTITY","100","3106","4162.04","/simulation/catalogue/catering-equipment.png","true","GENERATED_FOR_EVENTOS_SIMULATION","Simulator-only fixture; not available for real purchase"
"SIM-BIZ-031","Catering Test Co 01 [SYNTHETIC]","Supplier","Catering and beverages","Durban","Micro","SIM-BIZ-031-CAT-010","SIM-031-010","Plate Transport Rack [SYNTHETIC]","Catering and beverages","Each","QUANTITY","100","3153","4225.02","/simulation/catalogue/catering-equipment.png","true","GENERATED_FOR_EVENTOS_SIMULATION","Simulator-only fixture; not available for real purchase"
"SIM-BIZ-031","Catering Test Co 01 [SYNTHETIC]","Supplier","Catering and beverages","Durban","Micro","SIM-BIZ-031-CAT-011","SIM-031-011","Glass Transport Rack [SYNTHETIC]","Catering and beverages","Each","QUANTITY","100","3200","4288","/simulation/catalogue/catering-equipment.png","true","GENERATED_FOR_EVENTOS_SIMULATION","Simulator-only fixture; not available for real purchase"
"SIM-BIZ-031","Catering Test Co 01 [SYNTHETIC]","Supplier","Catering and beverages","Durban","Micro","SIM-BIZ-031-CAT-012","SIM-031-012","Compact Refrigerated Display [SYNTHETIC]","Catering and beverages","Each","QUANTITY","100","3247","4350.98","/simulation/catalogue/catering-equipment.png","true","GENERATED_FOR_EVENTOS_SIMULATION","Simulator-only fixture; not available for real purchase"
"SIM-BIZ-032","Catering Test Co 02 [SYNTHETIC]","Supplier","Catering and beverages","Gqeberha","Small","SIM-BIZ-032-CAT-001","SIM-032-001","Menus Package [SYNTHETIC]","Catering and beverages","Each","QUANTITY","140","3556.5","4338.93","/simulation/catalogue/supplier.webp","true","GENERATED_FOR_EVENTOS_SIMULATION","Simulator-only fixture; not available for real purchase"
"SIM-BIZ-032","Catering Test Co 02 [SYNTHETIC]","Supplier","Catering and beverages","Gqeberha","Small","SIM-BIZ-032-CAT-002","SIM-032-002","Beverages Package [SYNTHETIC]","Catering and beverages","Each","QUANTITY","140","3843","4842.18","/simulation/catalogue/supplier.webp","true","GENERATED_FOR_EVENTOS_SIMULATION","Simulator-only fixture; not available for real purchase"
"SIM-BIZ-032","Catering Test Co 02 [SYNTHETIC]","Supplier","Catering and beverages","Gqeberha","Small","SIM-BIZ-032-CAT-003","SIM-032-003","Service Staff Package [SYNTHETIC]","Catering and beverages","Each","QUANTITY","140","4129.5","5368.35","/simulation/catalogue/supplier.webp","true","GENERATED_FOR_EVENTOS_SIMULATION","Simulator-only fixture; not available for real purchase"
"SIM-BIZ-032","Catering Test Co 02 [SYNTHETIC]","Supplier","Catering and beverages","Gqeberha","Small","SIM-BIZ-032-CAT-004","SIM-032-004","Stainless Chafing Dish [SYNTHETIC]","Catering and beverages","Each","QUANTITY","140","4416","5917.44","/simulation/catalogue/products/stainless-chafing-dish.png","true","GENERATED_FOR_EVENTOS_SIMULATION","Simulator-only fixture; not available for real purchase"
"SIM-BIZ-032","Catering Test Co 02 [SYNTHETIC]","Supplier","Catering and beverages","Gqeberha","Small","SIM-BIZ-032-CAT-005","SIM-032-005","Commercial Soup Kettle [SYNTHETIC]","Catering and beverages","Each","QUANTITY","140","4486.5","6011.91","/simulation/catalogue/catering-equipment.png","true","GENERATED_FOR_EVENTOS_SIMULATION","Simulator-only fixture; not available for real purchase"
"SIM-BIZ-032","Catering Test Co 02 [SYNTHETIC]","Supplier","Catering and beverages","Gqeberha","Small","SIM-BIZ-032-CAT-006","SIM-032-006","Beverage Urn [SYNTHETIC]","Catering and beverages","Each","QUANTITY","140","4557","6106.38","/simulation/catalogue/catering-equipment.png","true","GENERATED_FOR_EVENTOS_SIMULATION","Simulator-only fixture; not available for real purchase"
"SIM-BIZ-032","Catering Test Co 02 [SYNTHETIC]","Supplier","Catering and beverages","Gqeberha","Small","SIM-BIZ-032-CAT-007","SIM-032-007","Insulated Food Carrier [SYNTHETIC]","Catering and beverages","Each","QUANTITY","140","4627.5","6200.85","/simulation/catalogue/catering-equipment.png","true","GENERATED_FOR_EVENTOS_SIMULATION","Simulator-only fixture; not available for real purchase"
"SIM-BIZ-032","Catering Test Co 02 [SYNTHETIC]","Supplier","Catering and beverages","Gqeberha","Small","SIM-BIZ-032-CAT-008","SIM-032-008","Portable Serving Counter [SYNTHETIC]","Catering and beverages","Each","QUANTITY","140","4698","6295.32","/simulation/catalogue/catering-equipment.png","true","GENERATED_FOR_EVENTOS_SIMULATION","Simulator-only fixture; not available for real purchase"
"SIM-BIZ-032","Catering Test Co 02 [SYNTHETIC]","Supplier","Catering and beverages","Gqeberha","Small","SIM-BIZ-032-CAT-009","SIM-032-009","Mobile Bar Counter [SYNTHETIC]","Catering and beverages","Each","QUANTITY","140","4768.5","6389.79","/simulation/catalogue/catering-equipment.png","true","GENERATED_FOR_EVENTOS_SIMULATION","Simulator-only fixture; not available for real purchase"
"SIM-BIZ-032","Catering Test Co 02 [SYNTHETIC]","Supplier","Catering and beverages","Gqeberha","Small","SIM-BIZ-032-CAT-010","SIM-032-010","Plate Transport Rack [SYNTHETIC]","Catering and beverages","Each","QUANTITY","140","4839","6484.26","/simulation/catalogue/catering-equipment.png","true","GENERATED_FOR_EVENTOS_SIMULATION","Simulator-only fixture; not available for real purchase"
"SIM-BIZ-032","Catering Test Co 02 [SYNTHETIC]","Supplier","Catering and beverages","Gqeberha","Small","SIM-BIZ-032-CAT-011","SIM-032-011","Glass Transport Rack [SYNTHETIC]","Catering and beverages","Each","QUANTITY","140","4909.5","6578.73","/simulation/catalogue/catering-equipment.png","true","GENERATED_FOR_EVENTOS_SIMULATION","Simulator-only fixture; not available for real purchase"
"SIM-BIZ-032","Catering Test Co 02 [SYNTHETIC]","Supplier","Catering and beverages","Gqeberha","Small","SIM-BIZ-032-CAT-012","SIM-032-012","Compact Refrigerated Display [SYNTHETIC]","Catering and beverages","Each","QUANTITY","140","4980","6673.2","/simulation/catalogue/catering-equipment.png","true","GENERATED_FOR_EVENTOS_SIMULATION","Simulator-only fixture; not available for real purchase"
"SIM-BIZ-033","Catering Test Co 03 [SYNTHETIC]","Supplier","Catering and beverages","Cape Town","Medium","SIM-BIZ-033-CAT-001","SIM-033-001","Menus Package [SYNTHETIC]","Catering and beverages","Each","QUANTITY","220","6110","7454.2","/simulation/catalogue/supplier.webp","true","GENERATED_FOR_EVENTOS_SIMULATION","Simulator-only fixture; not available for real purchase"
"SIM-BIZ-033","Catering Test Co 03 [SYNTHETIC]","Supplier","Catering and beverages","Cape Town","Medium","SIM-BIZ-033-CAT-002","SIM-033-002","Beverages Package [SYNTHETIC]","Catering and beverages","Each","QUANTITY","220","6587.5","8300.25","/simulation/catalogue/supplier.webp","true","GENERATED_FOR_EVENTOS_SIMULATION","Simulator-only fixture; not available for real purchase"
"SIM-BIZ-033","Catering Test Co 03 [SYNTHETIC]","Supplier","Catering and beverages","Cape Town","Medium","SIM-BIZ-033-CAT-003","SIM-033-003","Service Staff Package [SYNTHETIC]","Catering and beverages","Each","QUANTITY","220","7065","9184.5","/simulation/catalogue/supplier.webp","true","GENERATED_FOR_EVENTOS_SIMULATION","Simulator-only fixture; not available for real purchase"
"SIM-BIZ-033","Catering Test Co 03 [SYNTHETIC]","Supplier","Catering and beverages","Cape Town","Medium","SIM-BIZ-033-CAT-004","SIM-033-004","Stainless Chafing Dish [SYNTHETIC]","Catering and beverages","Each","QUANTITY","220","7542.5","10106.95","/simulation/catalogue/products/stainless-chafing-dish.png","true","GENERATED_FOR_EVENTOS_SIMULATION","Simulator-only fixture; not available for real purchase"
"SIM-BIZ-033","Catering Test Co 03 [SYNTHETIC]","Supplier","Catering and beverages","Cape Town","Medium","SIM-BIZ-033-CAT-005","SIM-033-005","Commercial Soup Kettle [SYNTHETIC]","Catering and beverages","Each","QUANTITY","220","7660","10264.4","/simulation/catalogue/catering-equipment.png","true","GENERATED_FOR_EVENTOS_SIMULATION","Simulator-only fixture; not available for real purchase"
"SIM-BIZ-033","Catering Test Co 03 [SYNTHETIC]","Supplier","Catering and beverages","Cape Town","Medium","SIM-BIZ-033-CAT-006","SIM-033-006","Beverage Urn [SYNTHETIC]","Catering and beverages","Each","QUANTITY","220","7777.5","10421.85","/simulation/catalogue/catering-equipment.png","true","GENERATED_FOR_EVENTOS_SIMULATION","Simulator-only fixture; not available for real purchase"
"SIM-BIZ-033","Catering Test Co 03 [SYNTHETIC]","Supplier","Catering and beverages","Cape Town","Medium","SIM-BIZ-033-CAT-007","SIM-033-007","Insulated Food Carrier [SYNTHETIC]","Catering and beverages","Each","QUANTITY","220","7895","10579.3","/simulation/catalogue/catering-equipment.png","true","GENERATED_FOR_EVENTOS_SIMULATION","Simulator-only fixture; not available for real purchase"
"SIM-BIZ-033","Catering Test Co 03 [SYNTHETIC]","Supplier","Catering and beverages","Cape Town","Medium","SIM-BIZ-033-CAT-008","SIM-033-008","Portable Serving Counter [SYNTHETIC]","Catering and beverages","Each","QUANTITY","220","8012.5","10736.75","/simulation/catalogue/catering-equipment.png","true","GENERATED_FOR_EVENTOS_SIMULATION","Simulator-only fixture; not available for real purchase"
"SIM-BIZ-033","Catering Test Co 03 [SYNTHETIC]","Supplier","Catering and beverages","Cape Town","Medium","SIM-BIZ-033-CAT-009","SIM-033-009","Mobile Bar Counter [SYNTHETIC]","Catering and beverages","Each","QUANTITY","220","8130","10894.2","/simulation/catalogue/catering-equipment.png","true","GENERATED_FOR_EVENTOS_SIMULATION","Simulator-only fixture; not available for real purchase"
"SIM-BIZ-033","Catering Test Co 03 [SYNTHETIC]","Supplier","Catering and beverages","Cape Town","Medium","SIM-BIZ-033-CAT-010","SIM-033-010","Plate Transport Rack [SYNTHETIC]","Catering and beverages","Each","QUANTITY","220","8247.5","11051.65","/simulation/catalogue/catering-equipment.png","true","GENERATED_FOR_EVENTOS_SIMULATION","Simulator-only fixture; not available for real purchase"
"SIM-BIZ-033","Catering Test Co 03 [SYNTHETIC]","Supplier","Catering and beverages","Cape Town","Medium","SIM-BIZ-033-CAT-011","SIM-033-011","Glass Transport Rack [SYNTHETIC]","Catering and beverages","Each","QUANTITY","220","8365","11209.1","/simulation/catalogue/catering-equipment.png","true","GENERATED_FOR_EVENTOS_SIMULATION","Simulator-only fixture; not available for real purchase"
"SIM-BIZ-033","Catering Test Co 03 [SYNTHETIC]","Supplier","Catering and beverages","Cape Town","Medium","SIM-BIZ-033-CAT-012","SIM-033-012","Compact Refrigerated Display [SYNTHETIC]","Catering and beverages","Each","QUANTITY","220","8482.5","11366.55","/simulation/catalogue/catering-equipment.png","true","GENERATED_FOR_EVENTOS_SIMULATION","Simulator-only fixture; not available for real purchase"
"SIM-BIZ-034","Catering Test Co 04 [SYNTHETIC]","Supplier","Catering and beverages","Johannesburg","Large","SIM-BIZ-034-CAT-001","SIM-034-001","Menus Package [SYNTHETIC]","Catering and beverages","Each","QUANTITY","340","10068","12282.96","/simulation/catalogue/supplier.webp","true","GENERATED_FOR_EVENTOS_SIMULATION","Simulator-only fixture; not available for real purchase"
"SIM-BIZ-034","Catering Test Co 04 [SYNTHETIC]","Supplier","Catering and beverages","Johannesburg","Large","SIM-BIZ-034-CAT-002","SIM-034-002","Beverages Package [SYNTHETIC]","Catering and beverages","Each","QUANTITY","340","10832","13648.32","/simulation/catalogue/supplier.webp","true","GENERATED_FOR_EVENTOS_SIMULATION","Simulator-only fixture; not available for real purchase"
"SIM-BIZ-034","Catering Test Co 04 [SYNTHETIC]","Supplier","Catering and beverages","Johannesburg","Large","SIM-BIZ-034-CAT-003","SIM-034-003","Service Staff Package [SYNTHETIC]","Catering and beverages","Each","QUANTITY","340","11596","15074.8","/simulation/catalogue/supplier.webp","true","GENERATED_FOR_EVENTOS_SIMULATION","Simulator-only fixture; not available for real purchase"
"SIM-BIZ-034","Catering Test Co 04 [SYNTHETIC]","Supplier","Catering and beverages","Johannesburg","Large","SIM-BIZ-034-CAT-004","SIM-034-004","Stainless Chafing Dish [SYNTHETIC]","Catering and beverages","Each","QUANTITY","340","12360","16562.4","/simulation/catalogue/products/stainless-chafing-dish.png","true","GENERATED_FOR_EVENTOS_SIMULATION","Simulator-only fixture; not available for real purchase"
"SIM-BIZ-034","Catering Test Co 04 [SYNTHETIC]","Supplier","Catering and beverages","Johannesburg","Large","SIM-BIZ-034-CAT-005","SIM-034-005","Commercial Soup Kettle [SYNTHETIC]","Catering and beverages","Each","QUANTITY","340","12548","16814.32","/simulation/catalogue/catering-equipment.png","true","GENERATED_FOR_EVENTOS_SIMULATION","Simulator-only fixture; not available for real purchase"
"SIM-BIZ-034","Catering Test Co 04 [SYNTHETIC]","Supplier","Catering and beverages","Johannesburg","Large","SIM-BIZ-034-CAT-006","SIM-034-006","Beverage Urn [SYNTHETIC]","Catering and beverages","Each","QUANTITY","340","12736","17066.24","/simulation/catalogue/catering-equipment.png","true","GENERATED_FOR_EVENTOS_SIMULATION","Simulator-only fixture; not available for real purchase"
"SIM-BIZ-034","Catering Test Co 04 [SYNTHETIC]","Supplier","Catering and beverages","Johannesburg","Large","SIM-BIZ-034-CAT-007","SIM-034-007","Insulated Food Carrier [SYNTHETIC]","Catering and beverages","Each","QUANTITY","340","12924","17318.16","/simulation/catalogue/catering-equipment.png","true","GENERATED_FOR_EVENTOS_SIMULATION","Simulator-only fixture; not available for real purchase"
"SIM-BIZ-034","Catering Test Co 04 [SYNTHETIC]","Supplier","Catering and beverages","Johannesburg","Large","SIM-BIZ-034-CAT-008","SIM-034-008","Portable Serving Counter [SYNTHETIC]","Catering and beverages","Each","QUANTITY","340","13112","17570.08","/simulation/catalogue/catering-equipment.png","true","GENERATED_FOR_EVENTOS_SIMULATION","Simulator-only fixture; not available for real purchase"
"SIM-BIZ-034","Catering Test Co 04 [SYNTHETIC]","Supplier","Catering and beverages","Johannesburg","Large","SIM-BIZ-034-CAT-009","SIM-034-009","Mobile Bar Counter [SYNTHETIC]","Catering and beverages","Each","QUANTITY","340","13300","17822","/simulation/catalogue/catering-equipment.png","true","GENERATED_FOR_EVENTOS_SIMULATION","Simulator-only fixture; not available for real purchase"
"SIM-BIZ-034","Catering Test Co 04 [SYNTHETIC]","Supplier","Catering and beverages","Johannesburg","Large","SIM-BIZ-034-CAT-010","SIM-034-010","Plate Transport Rack [SYNTHETIC]","Catering and beverages","Each","QUANTITY","340","13488","18073.92","/simulation/catalogue/catering-equipment.png","true","GENERATED_FOR_EVENTOS_SIMULATION","Simulator-only fixture; not available for real purchase"
"SIM-BIZ-034","Catering Test Co 04 [SYNTHETIC]","Supplier","Catering and beverages","Johannesburg","Large","SIM-BIZ-034-CAT-011","SIM-034-011","Glass Transport Rack [SYNTHETIC]","Catering and beverages","Each","QUANTITY","340","13676","18325.84","/simulation/catalogue/catering-equipment.png","true","GENERATED_FOR_EVENTOS_SIMULATION","Simulator-only fixture; not available for real purchase"
"SIM-BIZ-034","Catering Test Co 04 [SYNTHETIC]","Supplier","Catering and beverages","Johannesburg","Large","SIM-BIZ-034-CAT-012","SIM-034-012","Compact Refrigerated Display [SYNTHETIC]","Catering and beverages","Each","QUANTITY","340","13864","18577.76","/simulation/catalogue/catering-equipment.png","true","GENERATED_FOR_EVENTOS_SIMULATION","Simulator-only fixture; not available for real purchase"
"SIM-BIZ-035","Catering Test Co 05 [SYNTHETIC]","Supplier","Catering and beverages","Pretoria","Micro","SIM-BIZ-035-CAT-001","SIM-035-001","Menus Package [SYNTHETIC]","Catering and beverages","Each","QUANTITY","100","2590","3159.8","/simulation/catalogue/supplier.webp","true","GENERATED_FOR_EVENTOS_SIMULATION","Simulator-only fixture; not available for real purchase"
"SIM-BIZ-035","Catering Test Co 05 [SYNTHETIC]","Supplier","Catering and beverages","Pretoria","Micro","SIM-BIZ-035-CAT-002","SIM-035-002","Beverages Package [SYNTHETIC]","Catering and beverages","Each","QUANTITY","100","2781","3504.06","/simulation/catalogue/supplier.webp","true","GENERATED_FOR_EVENTOS_SIMULATION","Simulator-only fixture; not available for real purchase"
"SIM-BIZ-035","Catering Test Co 05 [SYNTHETIC]","Supplier","Catering and beverages","Pretoria","Micro","SIM-BIZ-035-CAT-003","SIM-035-003","Service Staff Package [SYNTHETIC]","Catering and beverages","Each","QUANTITY","100","2972","3863.6","/simulation/catalogue/supplier.webp","true","GENERATED_FOR_EVENTOS_SIMULATION","Simulator-only fixture; not available for real purchase"
"SIM-BIZ-035","Catering Test Co 05 [SYNTHETIC]","Supplier","Catering and beverages","Pretoria","Micro","SIM-BIZ-035-CAT-004","SIM-035-004","Stainless Chafing Dish [SYNTHETIC]","Catering and beverages","Each","QUANTITY","100","3163","4238.42","/simulation/catalogue/products/stainless-chafing-dish.png","true","GENERATED_FOR_EVENTOS_SIMULATION","Simulator-only fixture; not available for real purchase"
"SIM-BIZ-035","Catering Test Co 05 [SYNTHETIC]","Supplier","Catering and beverages","Pretoria","Micro","SIM-BIZ-035-CAT-005","SIM-035-005","Commercial Soup Kettle [SYNTHETIC]","Catering and beverages","Each","QUANTITY","100","3210","4301.4","/simulation/catalogue/catering-equipment.png","true","GENERATED_FOR_EVENTOS_SIMULATION","Simulator-only fixture; not available for real purchase"
"SIM-BIZ-035","Catering Test Co 05 [SYNTHETIC]","Supplier","Catering and beverages","Pretoria","Micro","SIM-BIZ-035-CAT-006","SIM-035-006","Beverage Urn [SYNTHETIC]","Catering and beverages","Each","QUANTITY","100","3257","4364.38","/simulation/catalogue/catering-equipment.png","true","GENERATED_FOR_EVENTOS_SIMULATION","Simulator-only fixture; not available for real purchase"
"SIM-BIZ-035","Catering Test Co 05 [SYNTHETIC]","Supplier","Catering and beverages","Pretoria","Micro","SIM-BIZ-035-CAT-007","SIM-035-007","Insulated Food Carrier [SYNTHETIC]","Catering and beverages","Each","QUANTITY","100","3304","4427.36","/simulation/catalogue/catering-equipment.png","true","GENERATED_FOR_EVENTOS_SIMULATION","Simulator-only fixture; not available for real purchase"
"SIM-BIZ-035","Catering Test Co 05 [SYNTHETIC]","Supplier","Catering and beverages","Pretoria","Micro","SIM-BIZ-035-CAT-008","SIM-035-008","Portable Serving Counter [SYNTHETIC]","Catering and beverages","Each","QUANTITY","100","3351","4490.34","/simulation/catalogue/catering-equipment.png","true","GENERATED_FOR_EVENTOS_SIMULATION","Simulator-only fixture; not available for real purchase"
"SIM-BIZ-035","Catering Test Co 05 [SYNTHETIC]","Supplier","Catering and beverages","Pretoria","Micro","SIM-BIZ-035-CAT-009","SIM-035-009","Mobile Bar Counter [SYNTHETIC]","Catering and beverages","Each","QUANTITY","100","3398","4553.32","/simulation/catalogue/catering-equipment.png","true","GENERATED_FOR_EVENTOS_SIMULATION","Simulator-only fixture; not available for real purchase"
"SIM-BIZ-035","Catering Test Co 05 [SYNTHETIC]","Supplier","Catering and beverages","Pretoria","Micro","SIM-BIZ-035-CAT-010","SIM-035-010","Plate Transport Rack [SYNTHETIC]","Catering and beverages","Each","QUANTITY","100","3445","4616.3","/simulation/catalogue/catering-equipment.png","true","GENERATED_FOR_EVENTOS_SIMULATION","Simulator-only fixture; not available for real purchase"
"SIM-BIZ-035","Catering Test Co 05 [SYNTHETIC]","Supplier","Catering and beverages","Pretoria","Micro","SIM-BIZ-035-CAT-011","SIM-035-011","Glass Transport Rack [SYNTHETIC]","Catering and beverages","Each","QUANTITY","100","3492","4679.28","/simulation/catalogue/catering-equipment.png","true","GENERATED_FOR_EVENTOS_SIMULATION","Simulator-only fixture; not available for real purchase"
"SIM-BIZ-035","Catering Test Co 05 [SYNTHETIC]","Supplier","Catering and beverages","Pretoria","Micro","SIM-BIZ-035-CAT-012","SIM-035-012","Compact Refrigerated Display [SYNTHETIC]","Catering and beverages","Each","QUANTITY","100","3539","4742.26","/simulation/catalogue/catering-equipment.png","true","GENERATED_FOR_EVENTOS_SIMULATION","Simulator-only fixture; not available for real purchase"
"SIM-BIZ-036","Catering Test Co 06 [SYNTHETIC]","Supplier","Catering and beverages","Durban","Small","SIM-BIZ-036-CAT-001","SIM-036-001","Menus Package [SYNTHETIC]","Catering and beverages","Each","QUANTITY","140","3994.5","4873.29","/simulation/catalogue/supplier.webp","true","GENERATED_FOR_EVENTOS_SIMULATION","Simulator-only fixture; not available for real purchase"
"SIM-BIZ-036","Catering Test Co 06 [SYNTHETIC]","Supplier","Catering and beverages","Durban","Small","SIM-BIZ-036-CAT-002","SIM-036-002","Beverages Package [SYNTHETIC]","Catering and beverages","Each","QUANTITY","140","4281","5394.06","/simulation/catalogue/supplier.webp","true","GENERATED_FOR_EVENTOS_SIMULATION","Simulator-only fixture; not available for real purchase"
"SIM-BIZ-036","Catering Test Co 06 [SYNTHETIC]","Supplier","Catering and beverages","Durban","Small","SIM-BIZ-036-CAT-003","SIM-036-003","Service Staff Package [SYNTHETIC]","Catering and beverages","Each","QUANTITY","140","4567.5","5937.75","/simulation/catalogue/supplier.webp","true","GENERATED_FOR_EVENTOS_SIMULATION","Simulator-only fixture; not available for real purchase"
"SIM-BIZ-036","Catering Test Co 06 [SYNTHETIC]","Supplier","Catering and beverages","Durban","Small","SIM-BIZ-036-CAT-004","SIM-036-004","Stainless Chafing Dish [SYNTHETIC]","Catering and beverages","Each","QUANTITY","140","4854","6504.36","/simulation/catalogue/products/stainless-chafing-dish.png","true","GENERATED_FOR_EVENTOS_SIMULATION","Simulator-only fixture; not available for real purchase"
"SIM-BIZ-036","Catering Test Co 06 [SYNTHETIC]","Supplier","Catering and beverages","Durban","Small","SIM-BIZ-036-CAT-005","SIM-036-005","Commercial Soup Kettle [SYNTHETIC]","Catering and beverages","Each","QUANTITY","140","4924.5","6598.83","/simulation/catalogue/catering-equipment.png","true","GENERATED_FOR_EVENTOS_SIMULATION","Simulator-only fixture; not available for real purchase"
"SIM-BIZ-036","Catering Test Co 06 [SYNTHETIC]","Supplier","Catering and beverages","Durban","Small","SIM-BIZ-036-CAT-006","SIM-036-006","Beverage Urn [SYNTHETIC]","Catering and beverages","Each","QUANTITY","140","4995","6693.3","/simulation/catalogue/catering-equipment.png","true","GENERATED_FOR_EVENTOS_SIMULATION","Simulator-only fixture; not available for real purchase"
"SIM-BIZ-036","Catering Test Co 06 [SYNTHETIC]","Supplier","Catering and beverages","Durban","Small","SIM-BIZ-036-CAT-007","SIM-036-007","Insulated Food Carrier [SYNTHETIC]","Catering and beverages","Each","QUANTITY","140","5065.5","6787.77","/simulation/catalogue/catering-equipment.png","true","GENERATED_FOR_EVENTOS_SIMULATION","Simulator-only fixture; not available for real purchase"
"SIM-BIZ-036","Catering Test Co 06 [SYNTHETIC]","Supplier","Catering and beverages","Durban","Small","SIM-BIZ-036-CAT-008","SIM-036-008","Portable Serving Counter [SYNTHETIC]","Catering and beverages","Each","QUANTITY","140","5136","6882.24","/simulation/catalogue/catering-equipment.png","true","GENERATED_FOR_EVENTOS_SIMULATION","Simulator-only fixture; not available for real purchase"
"SIM-BIZ-036","Catering Test Co 06 [SYNTHETIC]","Supplier","Catering and beverages","Durban","Small","SIM-BIZ-036-CAT-009","SIM-036-009","Mobile Bar Counter [SYNTHETIC]","Catering and beverages","Each","QUANTITY","140","5206.5","6976.71","/simulation/catalogue/catering-equipment.png","true","GENERATED_FOR_EVENTOS_SIMULATION","Simulator-only fixture; not available for real purchase"
"SIM-BIZ-036","Catering Test Co 06 [SYNTHETIC]","Supplier","Catering and beverages","Durban","Small","SIM-BIZ-036-CAT-010","SIM-036-010","Plate Transport Rack [SYNTHETIC]","Catering and beverages","Each","QUANTITY","140","5277","7071.18","/simulation/catalogue/catering-equipment.png","true","GENERATED_FOR_EVENTOS_SIMULATION","Simulator-only fixture; not available for real purchase"
"SIM-BIZ-036","Catering Test Co 06 [SYNTHETIC]","Supplier","Catering and beverages","Durban","Small","SIM-BIZ-036-CAT-011","SIM-036-011","Glass Transport Rack [SYNTHETIC]","Catering and beverages","Each","QUANTITY","140","5347.5","7165.65","/simulation/catalogue/catering-equipment.png","true","GENERATED_FOR_EVENTOS_SIMULATION","Simulator-only fixture; not available for real purchase"
"SIM-BIZ-036","Catering Test Co 06 [SYNTHETIC]","Supplier","Catering and beverages","Durban","Small","SIM-BIZ-036-CAT-012","SIM-036-012","Compact Refrigerated Display [SYNTHETIC]","Catering and beverages","Each","QUANTITY","140","5418","7260.12","/simulation/catalogue/catering-equipment.png","true","GENERATED_FOR_EVENTOS_SIMULATION","Simulator-only fixture; not available for real purchase"
"SIM-BIZ-037","Catering Test Co 07 [SYNTHETIC]","Supplier","Catering and beverages","Gqeberha","Medium","SIM-BIZ-037-CAT-001","SIM-037-001","Menus Package [SYNTHETIC]","Catering and beverages","Each","QUANTITY","220","6840","8344.8","/simulation/catalogue/supplier.webp","true","GENERATED_FOR_EVENTOS_SIMULATION","Simulator-only fixture; not available for real purchase"
"SIM-BIZ-037","Catering Test Co 07 [SYNTHETIC]","Supplier","Catering and beverages","Gqeberha","Medium","SIM-BIZ-037-CAT-002","SIM-037-002","Beverages Package [SYNTHETIC]","Catering and beverages","Each","QUANTITY","220","7317.5","9220.05","/simulation/catalogue/supplier.webp","true","GENERATED_FOR_EVENTOS_SIMULATION","Simulator-only fixture; not available for real purchase"
"SIM-BIZ-037","Catering Test Co 07 [SYNTHETIC]","Supplier","Catering and beverages","Gqeberha","Medium","SIM-BIZ-037-CAT-003","SIM-037-003","Service Staff Package [SYNTHETIC]","Catering and beverages","Each","QUANTITY","220","7795","10133.5","/simulation/catalogue/supplier.webp","true","GENERATED_FOR_EVENTOS_SIMULATION","Simulator-only fixture; not available for real purchase"
"SIM-BIZ-037","Catering Test Co 07 [SYNTHETIC]","Supplier","Catering and beverages","Gqeberha","Medium","SIM-BIZ-037-CAT-004","SIM-037-004","Stainless Chafing Dish [SYNTHETIC]","Catering and beverages","Each","QUANTITY","220","8272.5","11085.15","/simulation/catalogue/products/stainless-chafing-dish.png","true","GENERATED_FOR_EVENTOS_SIMULATION","Simulator-only fixture; not available for real purchase"
"SIM-BIZ-037","Catering Test Co 07 [SYNTHETIC]","Supplier","Catering and beverages","Gqeberha","Medium","SIM-BIZ-037-CAT-005","SIM-037-005","Commercial Soup Kettle [SYNTHETIC]","Catering and beverages","Each","QUANTITY","220","8390","11242.6","/simulation/catalogue/catering-equipment.png","true","GENERATED_FOR_EVENTOS_SIMULATION","Simulator-only fixture; not available for real purchase"
"SIM-BIZ-037","Catering Test Co 07 [SYNTHETIC]","Supplier","Catering and beverages","Gqeberha","Medium","SIM-BIZ-037-CAT-006","SIM-037-006","Beverage Urn [SYNTHETIC]","Catering and beverages","Each","QUANTITY","220","8507.5","11400.05","/simulation/catalogue/catering-equipment.png","true","GENERATED_FOR_EVENTOS_SIMULATION","Simulator-only fixture; not available for real purchase"
"SIM-BIZ-037","Catering Test Co 07 [SYNTHETIC]","Supplier","Catering and beverages","Gqeberha","Medium","SIM-BIZ-037-CAT-007","SIM-037-007","Insulated Food Carrier [SYNTHETIC]","Catering and beverages","Each","QUANTITY","220","8625","11557.5","/simulation/catalogue/catering-equipment.png","true","GENERATED_FOR_EVENTOS_SIMULATION","Simulator-only fixture; not available for real purchase"
"SIM-BIZ-037","Catering Test Co 07 [SYNTHETIC]","Supplier","Catering and beverages","Gqeberha","Medium","SIM-BIZ-037-CAT-008","SIM-037-008","Portable Serving Counter [SYNTHETIC]","Catering and beverages","Each","QUANTITY","220","8742.5","11714.95","/simulation/catalogue/catering-equipment.png","true","GENERATED_FOR_EVENTOS_SIMULATION","Simulator-only fixture; not available for real purchase"
"SIM-BIZ-037","Catering Test Co 07 [SYNTHETIC]","Supplier","Catering and beverages","Gqeberha","Medium","SIM-BIZ-037-CAT-009","SIM-037-009","Mobile Bar Counter [SYNTHETIC]","Catering and beverages","Each","QUANTITY","220","8860","11872.4","/simulation/catalogue/catering-equipment.png","true","GENERATED_FOR_EVENTOS_SIMULATION","Simulator-only fixture; not available for real purchase"
"SIM-BIZ-037","Catering Test Co 07 [SYNTHETIC]","Supplier","Catering and beverages","Gqeberha","Medium","SIM-BIZ-037-CAT-010","SIM-037-010","Plate Transport Rack [SYNTHETIC]","Catering and beverages","Each","QUANTITY","220","8977.5","12029.85","/simulation/catalogue/catering-equipment.png","true","GENERATED_FOR_EVENTOS_SIMULATION","Simulator-only fixture; not available for real purchase"
"SIM-BIZ-037","Catering Test Co 07 [SYNTHETIC]","Supplier","Catering and beverages","Gqeberha","Medium","SIM-BIZ-037-CAT-011","SIM-037-011","Glass Transport Rack [SYNTHETIC]","Catering and beverages","Each","QUANTITY","220","9095","12187.3","/simulation/catalogue/catering-equipment.png","true","GENERATED_FOR_EVENTOS_SIMULATION","Simulator-only fixture; not available for real purchase"
"SIM-BIZ-037","Catering Test Co 07 [SYNTHETIC]","Supplier","Catering and beverages","Gqeberha","Medium","SIM-BIZ-037-CAT-012","SIM-037-012","Compact Refrigerated Display [SYNTHETIC]","Catering and beverages","Each","QUANTITY","220","9212.5","12344.75","/simulation/catalogue/catering-equipment.png","true","GENERATED_FOR_EVENTOS_SIMULATION","Simulator-only fixture; not available for real purchase"
"SIM-BIZ-038","Catering Test Co 08 [SYNTHETIC]","Supplier","Catering and beverages","Cape Town","Large","SIM-BIZ-038-CAT-001","SIM-038-001","Menus Package [SYNTHETIC]","Catering and beverages","Each","QUANTITY","340","11236","13707.92","/simulation/catalogue/supplier.webp","true","GENERATED_FOR_EVENTOS_SIMULATION","Simulator-only fixture; not available for real purchase"
"SIM-BIZ-038","Catering Test Co 08 [SYNTHETIC]","Supplier","Catering and beverages","Cape Town","Large","SIM-BIZ-038-CAT-002","SIM-038-002","Beverages Package [SYNTHETIC]","Catering and beverages","Each","QUANTITY","340","12000","15120","/simulation/catalogue/supplier.webp","true","GENERATED_FOR_EVENTOS_SIMULATION","Simulator-only fixture; not available for real purchase"
"SIM-BIZ-038","Catering Test Co 08 [SYNTHETIC]","Supplier","Catering and beverages","Cape Town","Large","SIM-BIZ-038-CAT-003","SIM-038-003","Service Staff Package [SYNTHETIC]","Catering and beverages","Each","QUANTITY","340","12764","16593.2","/simulation/catalogue/supplier.webp","true","GENERATED_FOR_EVENTOS_SIMULATION","Simulator-only fixture; not available for real purchase"
"SIM-BIZ-038","Catering Test Co 08 [SYNTHETIC]","Supplier","Catering and beverages","Cape Town","Large","SIM-BIZ-038-CAT-004","SIM-038-004","Stainless Chafing Dish [SYNTHETIC]","Catering and beverages","Each","QUANTITY","340","13528","18127.52","/simulation/catalogue/products/stainless-chafing-dish.png","true","GENERATED_FOR_EVENTOS_SIMULATION","Simulator-only fixture; not available for real purchase"
"SIM-BIZ-038","Catering Test Co 08 [SYNTHETIC]","Supplier","Catering and beverages","Cape Town","Large","SIM-BIZ-038-CAT-005","SIM-038-005","Commercial Soup Kettle [SYNTHETIC]","Catering and beverages","Each","QUANTITY","340","13716","18379.44","/simulation/catalogue/catering-equipment.png","true","GENERATED_FOR_EVENTOS_SIMULATION","Simulator-only fixture; not available for real purchase"
"SIM-BIZ-038","Catering Test Co 08 [SYNTHETIC]","Supplier","Catering and beverages","Cape Town","Large","SIM-BIZ-038-CAT-006","SIM-038-006","Beverage Urn [SYNTHETIC]","Catering and beverages","Each","QUANTITY","340","13904","18631.36","/simulation/catalogue/catering-equipment.png","true","GENERATED_FOR_EVENTOS_SIMULATION","Simulator-only fixture; not available for real purchase"
"SIM-BIZ-038","Catering Test Co 08 [SYNTHETIC]","Supplier","Catering and beverages","Cape Town","Large","SIM-BIZ-038-CAT-007","SIM-038-007","Insulated Food Carrier [SYNTHETIC]","Catering and beverages","Each","QUANTITY","340","14092","18883.28","/simulation/catalogue/catering-equipment.png","true","GENERATED_FOR_EVENTOS_SIMULATION","Simulator-only fixture; not available for real purchase"
"SIM-BIZ-038","Catering Test Co 08 [SYNTHETIC]","Supplier","Catering and beverages","Cape Town","Large","SIM-BIZ-038-CAT-008","SIM-038-008","Portable Serving Counter [SYNTHETIC]","Catering and beverages","Each","QUANTITY","340","14280","19135.2","/simulation/catalogue/catering-equipment.png","true","GENERATED_FOR_EVENTOS_SIMULATION","Simulator-only fixture; not available for real purchase"
"SIM-BIZ-038","Catering Test Co 08 [SYNTHETIC]","Supplier","Catering and beverages","Cape Town","Large","SIM-BIZ-038-CAT-009","SIM-038-009","Mobile Bar Counter [SYNTHETIC]","Catering and beverages","Each","QUANTITY","340","14468","19387.12","/simulation/catalogue/catering-equipment.png","true","GENERATED_FOR_EVENTOS_SIMULATION","Simulator-only fixture; not available for real purchase"
"SIM-BIZ-038","Catering Test Co 08 [SYNTHETIC]","Supplier","Catering and beverages","Cape Town","Large","SIM-BIZ-038-CAT-010","SIM-038-010","Plate Transport Rack [SYNTHETIC]","Catering and beverages","Each","QUANTITY","340","14656","19639.04","/simulation/catalogue/catering-equipment.png","true","GENERATED_FOR_EVENTOS_SIMULATION","Simulator-only fixture; not available for real purchase"
"SIM-BIZ-038","Catering Test Co 08 [SYNTHETIC]","Supplier","Catering and beverages","Cape Town","Large","SIM-BIZ-038-CAT-011","SIM-038-011","Glass Transport Rack [SYNTHETIC]","Catering and beverages","Each","QUANTITY","340","14844","19890.96","/simulation/catalogue/catering-equipment.png","true","GENERATED_FOR_EVENTOS_SIMULATION","Simulator-only fixture; not available for real purchase"
"SIM-BIZ-038","Catering Test Co 08 [SYNTHETIC]","Supplier","Catering and beverages","Cape Town","Large","SIM-BIZ-038-CAT-012","SIM-038-012","Compact Refrigerated Display [SYNTHETIC]","Catering and beverages","Each","QUANTITY","340","15032","20142.88","/simulation/catalogue/catering-equipment.png","true","GENERATED_FOR_EVENTOS_SIMULATION","Simulator-only fixture; not available for real purchase"
"SIM-BIZ-039","Catering Test Co 09 [SYNTHETIC]","Supplier","Catering and beverages","Johannesburg","Micro","SIM-BIZ-039-CAT-001","SIM-039-001","Menus Package [SYNTHETIC]","Catering and beverages","Each","QUANTITY","100","2882","3516.04","/simulation/catalogue/supplier.webp","true","GENERATED_FOR_EVENTOS_SIMULATION","Simulator-only fixture; not available for real purchase"
"SIM-BIZ-039","Catering Test Co 09 [SYNTHETIC]","Supplier","Catering and beverages","Johannesburg","Micro","SIM-BIZ-039-CAT-002","SIM-039-002","Beverages Package [SYNTHETIC]","Catering and beverages","Each","QUANTITY","100","3073","3871.98","/simulation/catalogue/supplier.webp","true","GENERATED_FOR_EVENTOS_SIMULATION","Simulator-only fixture; not available for real purchase"
"SIM-BIZ-039","Catering Test Co 09 [SYNTHETIC]","Supplier","Catering and beverages","Johannesburg","Micro","SIM-BIZ-039-CAT-003","SIM-039-003","Service Staff Package [SYNTHETIC]","Catering and beverages","Each","QUANTITY","100","3264","4243.2","/simulation/catalogue/supplier.webp","true","GENERATED_FOR_EVENTOS_SIMULATION","Simulator-only fixture; not available for real purchase"
"SIM-BIZ-039","Catering Test Co 09 [SYNTHETIC]","Supplier","Catering and beverages","Johannesburg","Micro","SIM-BIZ-039-CAT-004","SIM-039-004","Stainless Chafing Dish [SYNTHETIC]","Catering and beverages","Each","QUANTITY","100","3455","4629.7","/simulation/catalogue/products/stainless-chafing-dish.png","true","GENERATED_FOR_EVENTOS_SIMULATION","Simulator-only fixture; not available for real purchase"
"SIM-BIZ-039","Catering Test Co 09 [SYNTHETIC]","Supplier","Catering and beverages","Johannesburg","Micro","SIM-BIZ-039-CAT-005","SIM-039-005","Commercial Soup Kettle [SYNTHETIC]","Catering and beverages","Each","QUANTITY","100","3502","4692.68","/simulation/catalogue/catering-equipment.png","true","GENERATED_FOR_EVENTOS_SIMULATION","Simulator-only fixture; not available for real purchase"
"SIM-BIZ-039","Catering Test Co 09 [SYNTHETIC]","Supplier","Catering and beverages","Johannesburg","Micro","SIM-BIZ-039-CAT-006","SIM-039-006","Beverage Urn [SYNTHETIC]","Catering and beverages","Each","QUANTITY","100","3549","4755.66","/simulation/catalogue/catering-equipment.png","true","GENERATED_FOR_EVENTOS_SIMULATION","Simulator-only fixture; not available for real purchase"
"SIM-BIZ-039","Catering Test Co 09 [SYNTHETIC]","Supplier","Catering and beverages","Johannesburg","Micro","SIM-BIZ-039-CAT-007","SIM-039-007","Insulated Food Carrier [SYNTHETIC]","Catering and beverages","Each","QUANTITY","100","3596","4818.64","/simulation/catalogue/catering-equipment.png","true","GENERATED_FOR_EVENTOS_SIMULATION","Simulator-only fixture; not available for real purchase"
"SIM-BIZ-039","Catering Test Co 09 [SYNTHETIC]","Supplier","Catering and beverages","Johannesburg","Micro","SIM-BIZ-039-CAT-008","SIM-039-008","Portable Serving Counter [SYNTHETIC]","Catering and beverages","Each","QUANTITY","100","3643","4881.62","/simulation/catalogue/catering-equipment.png","true","GENERATED_FOR_EVENTOS_SIMULATION","Simulator-only fixture; not available for real purchase"
"SIM-BIZ-039","Catering Test Co 09 [SYNTHETIC]","Supplier","Catering and beverages","Johannesburg","Micro","SIM-BIZ-039-CAT-009","SIM-039-009","Mobile Bar Counter [SYNTHETIC]","Catering and beverages","Each","QUANTITY","100","3690","4944.6","/simulation/catalogue/catering-equipment.png","true","GENERATED_FOR_EVENTOS_SIMULATION","Simulator-only fixture; not available for real purchase"
"SIM-BIZ-039","Catering Test Co 09 [SYNTHETIC]","Supplier","Catering and beverages","Johannesburg","Micro","SIM-BIZ-039-CAT-010","SIM-039-010","Plate Transport Rack [SYNTHETIC]","Catering and beverages","Each","QUANTITY","100","3737","5007.58","/simulation/catalogue/catering-equipment.png","true","GENERATED_FOR_EVENTOS_SIMULATION","Simulator-only fixture; not available for real purchase"
"SIM-BIZ-039","Catering Test Co 09 [SYNTHETIC]","Supplier","Catering and beverages","Johannesburg","Micro","SIM-BIZ-039-CAT-011","SIM-039-011","Glass Transport Rack [SYNTHETIC]","Catering and beverages","Each","QUANTITY","100","3784","5070.56","/simulation/catalogue/catering-equipment.png","true","GENERATED_FOR_EVENTOS_SIMULATION","Simulator-only fixture; not available for real purchase"
"SIM-BIZ-039","Catering Test Co 09 [SYNTHETIC]","Supplier","Catering and beverages","Johannesburg","Micro","SIM-BIZ-039-CAT-012","SIM-039-012","Compact Refrigerated Display [SYNTHETIC]","Catering and beverages","Each","QUANTITY","100","3831","5133.54","/simulation/catalogue/catering-equipment.png","true","GENERATED_FOR_EVENTOS_SIMULATION","Simulator-only fixture; not available for real purchase"
"SIM-BIZ-040","Catering Test Co 10 [SYNTHETIC]","Supplier","Catering and beverages","Pretoria","Small","SIM-BIZ-040-CAT-001","SIM-040-001","Menus Package [SYNTHETIC]","Catering and beverages","Each","QUANTITY","140","4432.5","5407.65","/simulation/catalogue/supplier.webp","true","GENERATED_FOR_EVENTOS_SIMULATION","Simulator-only fixture; not available for real purchase"
"SIM-BIZ-040","Catering Test Co 10 [SYNTHETIC]","Supplier","Catering and beverages","Pretoria","Small","SIM-BIZ-040-CAT-002","SIM-040-002","Beverages Package [SYNTHETIC]","Catering and beverages","Each","QUANTITY","140","4719","5945.94","/simulation/catalogue/supplier.webp","true","GENERATED_FOR_EVENTOS_SIMULATION","Simulator-only fixture; not available for real purchase"
"SIM-BIZ-040","Catering Test Co 10 [SYNTHETIC]","Supplier","Catering and beverages","Pretoria","Small","SIM-BIZ-040-CAT-003","SIM-040-003","Service Staff Package [SYNTHETIC]","Catering and beverages","Each","QUANTITY","140","5005.5","6507.15","/simulation/catalogue/supplier.webp","true","GENERATED_FOR_EVENTOS_SIMULATION","Simulator-only fixture; not available for real purchase"
"SIM-BIZ-040","Catering Test Co 10 [SYNTHETIC]","Supplier","Catering and beverages","Pretoria","Small","SIM-BIZ-040-CAT-004","SIM-040-004","Stainless Chafing Dish [SYNTHETIC]","Catering and beverages","Each","QUANTITY","140","5292","7091.28","/simulation/catalogue/products/stainless-chafing-dish.png","true","GENERATED_FOR_EVENTOS_SIMULATION","Simulator-only fixture; not available for real purchase"
"SIM-BIZ-040","Catering Test Co 10 [SYNTHETIC]","Supplier","Catering and beverages","Pretoria","Small","SIM-BIZ-040-CAT-005","SIM-040-005","Commercial Soup Kettle [SYNTHETIC]","Catering and beverages","Each","QUANTITY","140","5362.5","7185.75","/simulation/catalogue/catering-equipment.png","true","GENERATED_FOR_EVENTOS_SIMULATION","Simulator-only fixture; not available for real purchase"
"SIM-BIZ-040","Catering Test Co 10 [SYNTHETIC]","Supplier","Catering and beverages","Pretoria","Small","SIM-BIZ-040-CAT-006","SIM-040-006","Beverage Urn [SYNTHETIC]","Catering and beverages","Each","QUANTITY","140","5433","7280.22","/simulation/catalogue/catering-equipment.png","true","GENERATED_FOR_EVENTOS_SIMULATION","Simulator-only fixture; not available for real purchase"
"SIM-BIZ-040","Catering Test Co 10 [SYNTHETIC]","Supplier","Catering and beverages","Pretoria","Small","SIM-BIZ-040-CAT-007","SIM-040-007","Insulated Food Carrier [SYNTHETIC]","Catering and beverages","Each","QUANTITY","140","5503.5","7374.69","/simulation/catalogue/catering-equipment.png","true","GENERATED_FOR_EVENTOS_SIMULATION","Simulator-only fixture; not available for real purchase"
"SIM-BIZ-040","Catering Test Co 10 [SYNTHETIC]","Supplier","Catering and beverages","Pretoria","Small","SIM-BIZ-040-CAT-008","SIM-040-008","Portable Serving Counter [SYNTHETIC]","Catering and beverages","Each","QUANTITY","140","5574","7469.16","/simulation/catalogue/catering-equipment.png","true","GENERATED_FOR_EVENTOS_SIMULATION","Simulator-only fixture; not available for real purchase"
"SIM-BIZ-040","Catering Test Co 10 [SYNTHETIC]","Supplier","Catering and beverages","Pretoria","Small","SIM-BIZ-040-CAT-009","SIM-040-009","Mobile Bar Counter [SYNTHETIC]","Catering and beverages","Each","QUANTITY","140","5644.5","7563.63","/simulation/catalogue/catering-equipment.png","true","GENERATED_FOR_EVENTOS_SIMULATION","Simulator-only fixture; not available for real purchase"
"SIM-BIZ-040","Catering Test Co 10 [SYNTHETIC]","Supplier","Catering and beverages","Pretoria","Small","SIM-BIZ-040-CAT-010","SIM-040-010","Plate Transport Rack [SYNTHETIC]","Catering and beverages","Each","QUANTITY","140","5715","7658.1","/simulation/catalogue/catering-equipment.png","true","GENERATED_FOR_EVENTOS_SIMULATION","Simulator-only fixture; not available for real purchase"
"SIM-BIZ-040","Catering Test Co 10 [SYNTHETIC]","Supplier","Catering and beverages","Pretoria","Small","SIM-BIZ-040-CAT-011","SIM-040-011","Glass Transport Rack [SYNTHETIC]","Catering and beverages","Each","QUANTITY","140","5785.5","7752.57","/simulation/catalogue/catering-equipment.png","true","GENERATED_FOR_EVENTOS_SIMULATION","Simulator-only fixture; not available for real purchase"
"SIM-BIZ-040","Catering Test Co 10 [SYNTHETIC]","Supplier","Catering and beverages","Pretoria","Small","SIM-BIZ-040-CAT-012","SIM-040-012","Compact Refrigerated Display [SYNTHETIC]","Catering and beverages","Each","QUANTITY","140","5856","7847.04","/simulation/catalogue/catering-equipment.png","true","GENERATED_FOR_EVENTOS_SIMULATION","Simulator-only fixture; not available for real purchase"
"SIM-BIZ-041","Entertainment Test Co 01 [SYNTHETIC]","Supplier","Entertainment","Gqeberha","Micro","SIM-BIZ-041-CAT-001","SIM-041-001","DJs Package [SYNTHETIC]","Entertainment","Each","QUANTITY","100","3028","3694.16","/simulation/catalogue/supplier.webp","true","GENERATED_FOR_EVENTOS_SIMULATION","Simulator-only fixture; not available for real purchase"
"SIM-BIZ-041","Entertainment Test Co 01 [SYNTHETIC]","Supplier","Entertainment","Gqeberha","Micro","SIM-BIZ-041-CAT-002","SIM-041-002","Musicians Package [SYNTHETIC]","Entertainment","Each","QUANTITY","100","3219","4055.94","/simulation/catalogue/supplier.webp","true","GENERATED_FOR_EVENTOS_SIMULATION","Simulator-only fixture; not available for real purchase"
"SIM-BIZ-041","Entertainment Test Co 01 [SYNTHETIC]","Supplier","Entertainment","Gqeberha","Micro","SIM-BIZ-041-CAT-003","SIM-041-003","Performers Package [SYNTHETIC]","Entertainment","Each","QUANTITY","100","3410","4433","/simulation/catalogue/supplier.webp","true","GENERATED_FOR_EVENTOS_SIMULATION","Simulator-only fixture; not available for real purchase"
"SIM-BIZ-041","Entertainment Test Co 01 [SYNTHETIC]","Supplier","Entertainment","Gqeberha","Micro","SIM-BIZ-041-CAT-004","SIM-041-004","Sound Support Package [SYNTHETIC]","Entertainment","Each","QUANTITY","100","3601","4825.34","/simulation/catalogue/supplier.webp","true","GENERATED_FOR_EVENTOS_SIMULATION","Simulator-only fixture; not available for real purchase"
"SIM-BIZ-042","Entertainment Test Co 02 [SYNTHETIC]","Supplier","Entertainment","Cape Town","Small","SIM-BIZ-042-CAT-001","SIM-042-001","DJs Package [SYNTHETIC]","Entertainment","Each","QUANTITY","140","4651.5","5674.83","/simulation/catalogue/supplier.webp","true","GENERATED_FOR_EVENTOS_SIMULATION","Simulator-only fixture; not available for real purchase"
"SIM-BIZ-042","Entertainment Test Co 02 [SYNTHETIC]","Supplier","Entertainment","Cape Town","Small","SIM-BIZ-042-CAT-002","SIM-042-002","Musicians Package [SYNTHETIC]","Entertainment","Each","QUANTITY","140","4938","6221.88","/simulation/catalogue/supplier.webp","true","GENERATED_FOR_EVENTOS_SIMULATION","Simulator-only fixture; not available for real purchase"
"SIM-BIZ-042","Entertainment Test Co 02 [SYNTHETIC]","Supplier","Entertainment","Cape Town","Small","SIM-BIZ-042-CAT-003","SIM-042-003","Performers Package [SYNTHETIC]","Entertainment","Each","QUANTITY","140","5224.5","6791.85","/simulation/catalogue/supplier.webp","true","GENERATED_FOR_EVENTOS_SIMULATION","Simulator-only fixture; not available for real purchase"
"SIM-BIZ-042","Entertainment Test Co 02 [SYNTHETIC]","Supplier","Entertainment","Cape Town","Small","SIM-BIZ-042-CAT-004","SIM-042-004","Sound Support Package [SYNTHETIC]","Entertainment","Each","QUANTITY","140","5511","7384.74","/simulation/catalogue/supplier.webp","true","GENERATED_FOR_EVENTOS_SIMULATION","Simulator-only fixture; not available for real purchase"
"SIM-BIZ-043","Entertainment Test Co 03 [SYNTHETIC]","Supplier","Entertainment","Johannesburg","Medium","SIM-BIZ-043-CAT-001","SIM-043-001","DJs Package [SYNTHETIC]","Entertainment","Each","QUANTITY","220","7935","9680.7","/simulation/catalogue/supplier.webp","true","GENERATED_FOR_EVENTOS_SIMULATION","Simulator-only fixture; not available for real purchase"
"SIM-BIZ-043","Entertainment Test Co 03 [SYNTHETIC]","Supplier","Entertainment","Johannesburg","Medium","SIM-BIZ-043-CAT-002","SIM-043-002","Musicians Package [SYNTHETIC]","Entertainment","Each","QUANTITY","220","8412.5","10599.75","/simulation/catalogue/supplier.webp","true","GENERATED_FOR_EVENTOS_SIMULATION","Simulator-only fixture; not available for real purchase"
"SIM-BIZ-043","Entertainment Test Co 03 [SYNTHETIC]","Supplier","Entertainment","Johannesburg","Medium","SIM-BIZ-043-CAT-003","SIM-043-003","Performers Package [SYNTHETIC]","Entertainment","Each","QUANTITY","220","8890","11557","/simulation/catalogue/supplier.webp","true","GENERATED_FOR_EVENTOS_SIMULATION","Simulator-only fixture; not available for real purchase"
"SIM-BIZ-043","Entertainment Test Co 03 [SYNTHETIC]","Supplier","Entertainment","Johannesburg","Medium","SIM-BIZ-043-CAT-004","SIM-043-004","Sound Support Package [SYNTHETIC]","Entertainment","Each","QUANTITY","220","9367.5","12552.45","/simulation/catalogue/supplier.webp","true","GENERATED_FOR_EVENTOS_SIMULATION","Simulator-only fixture; not available for real purchase"
"SIM-BIZ-044","Entertainment Test Co 04 [SYNTHETIC]","Supplier","Entertainment","Pretoria","Large","SIM-BIZ-044-CAT-001","SIM-044-001","DJs Package [SYNTHETIC]","Entertainment","Each","QUANTITY","340","12988","15845.36","/simulation/catalogue/supplier.webp","true","GENERATED_FOR_EVENTOS_SIMULATION","Simulator-only fixture; not available for real purchase"
"SIM-BIZ-044","Entertainment Test Co 04 [SYNTHETIC]","Supplier","Entertainment","Pretoria","Large","SIM-BIZ-044-CAT-002","SIM-044-002","Musicians Package [SYNTHETIC]","Entertainment","Each","QUANTITY","340","13752","17327.52","/simulation/catalogue/supplier.webp","true","GENERATED_FOR_EVENTOS_SIMULATION","Simulator-only fixture; not available for real purchase"
"SIM-BIZ-044","Entertainment Test Co 04 [SYNTHETIC]","Supplier","Entertainment","Pretoria","Large","SIM-BIZ-044-CAT-003","SIM-044-003","Performers Package [SYNTHETIC]","Entertainment","Each","QUANTITY","340","14516","18870.8","/simulation/catalogue/supplier.webp","true","GENERATED_FOR_EVENTOS_SIMULATION","Simulator-only fixture; not available for real purchase"
"SIM-BIZ-044","Entertainment Test Co 04 [SYNTHETIC]","Supplier","Entertainment","Pretoria","Large","SIM-BIZ-044-CAT-004","SIM-044-004","Sound Support Package [SYNTHETIC]","Entertainment","Each","QUANTITY","340","15280","20475.2","/simulation/catalogue/supplier.webp","true","GENERATED_FOR_EVENTOS_SIMULATION","Simulator-only fixture; not available for real purchase"
"SIM-BIZ-045","Entertainment Test Co 05 [SYNTHETIC]","Supplier","Entertainment","Durban","Micro","SIM-BIZ-045-CAT-001","SIM-045-001","DJs Package [SYNTHETIC]","Entertainment","Each","QUANTITY","100","3320","4050.4","/simulation/catalogue/supplier.webp","true","GENERATED_FOR_EVENTOS_SIMULATION","Simulator-only fixture; not available for real purchase"
"SIM-BIZ-045","Entertainment Test Co 05 [SYNTHETIC]","Supplier","Entertainment","Durban","Micro","SIM-BIZ-045-CAT-002","SIM-045-002","Musicians Package [SYNTHETIC]","Entertainment","Each","QUANTITY","100","3511","4423.86","/simulation/catalogue/supplier.webp","true","GENERATED_FOR_EVENTOS_SIMULATION","Simulator-only fixture; not available for real purchase"
"SIM-BIZ-045","Entertainment Test Co 05 [SYNTHETIC]","Supplier","Entertainment","Durban","Micro","SIM-BIZ-045-CAT-003","SIM-045-003","Performers Package [SYNTHETIC]","Entertainment","Each","QUANTITY","100","3702","4812.6","/simulation/catalogue/supplier.webp","true","GENERATED_FOR_EVENTOS_SIMULATION","Simulator-only fixture; not available for real purchase"
"SIM-BIZ-045","Entertainment Test Co 05 [SYNTHETIC]","Supplier","Entertainment","Durban","Micro","SIM-BIZ-045-CAT-004","SIM-045-004","Sound Support Package [SYNTHETIC]","Entertainment","Each","QUANTITY","100","3893","5216.62","/simulation/catalogue/supplier.webp","true","GENERATED_FOR_EVENTOS_SIMULATION","Simulator-only fixture; not available for real purchase"
"SIM-BIZ-046","Entertainment Test Co 06 [SYNTHETIC]","Supplier","Entertainment","Gqeberha","Small","SIM-BIZ-046-CAT-001","SIM-046-001","DJs Package [SYNTHETIC]","Entertainment","Each","QUANTITY","140","5089.5","6209.19","/simulation/catalogue/supplier.webp","true","GENERATED_FOR_EVENTOS_SIMULATION","Simulator-only fixture; not available for real purchase"
"SIM-BIZ-046","Entertainment Test Co 06 [SYNTHETIC]","Supplier","Entertainment","Gqeberha","Small","SIM-BIZ-046-CAT-002","SIM-046-002","Musicians Package [SYNTHETIC]","Entertainment","Each","QUANTITY","140","5376","6773.76","/simulation/catalogue/supplier.webp","true","GENERATED_FOR_EVENTOS_SIMULATION","Simulator-only fixture; not available for real purchase"
"SIM-BIZ-046","Entertainment Test Co 06 [SYNTHETIC]","Supplier","Entertainment","Gqeberha","Small","SIM-BIZ-046-CAT-003","SIM-046-003","Performers Package [SYNTHETIC]","Entertainment","Each","QUANTITY","140","5662.5","7361.25","/simulation/catalogue/supplier.webp","true","GENERATED_FOR_EVENTOS_SIMULATION","Simulator-only fixture; not available for real purchase"
"SIM-BIZ-046","Entertainment Test Co 06 [SYNTHETIC]","Supplier","Entertainment","Gqeberha","Small","SIM-BIZ-046-CAT-004","SIM-046-004","Sound Support Package [SYNTHETIC]","Entertainment","Each","QUANTITY","140","5949","7971.66","/simulation/catalogue/supplier.webp","true","GENERATED_FOR_EVENTOS_SIMULATION","Simulator-only fixture; not available for real purchase"
"SIM-BIZ-047","Entertainment Test Co 07 [SYNTHETIC]","Supplier","Entertainment","Cape Town","Medium","SIM-BIZ-047-CAT-001","SIM-047-001","DJs Package [SYNTHETIC]","Entertainment","Each","QUANTITY","220","8665","10571.3","/simulation/catalogue/supplier.webp","true","GENERATED_FOR_EVENTOS_SIMULATION","Simulator-only fixture; not available for real purchase"
"SIM-BIZ-047","Entertainment Test Co 07 [SYNTHETIC]","Supplier","Entertainment","Cape Town","Medium","SIM-BIZ-047-CAT-002","SIM-047-002","Musicians Package [SYNTHETIC]","Entertainment","Each","QUANTITY","220","9142.5","11519.55","/simulation/catalogue/supplier.webp","true","GENERATED_FOR_EVENTOS_SIMULATION","Simulator-only fixture; not available for real purchase"
"SIM-BIZ-047","Entertainment Test Co 07 [SYNTHETIC]","Supplier","Entertainment","Cape Town","Medium","SIM-BIZ-047-CAT-003","SIM-047-003","Performers Package [SYNTHETIC]","Entertainment","Each","QUANTITY","220","9620","12506","/simulation/catalogue/supplier.webp","true","GENERATED_FOR_EVENTOS_SIMULATION","Simulator-only fixture; not available for real purchase"
"SIM-BIZ-047","Entertainment Test Co 07 [SYNTHETIC]","Supplier","Entertainment","Cape Town","Medium","SIM-BIZ-047-CAT-004","SIM-047-004","Sound Support Package [SYNTHETIC]","Entertainment","Each","QUANTITY","220","10097.5","13530.65","/simulation/catalogue/supplier.webp","true","GENERATED_FOR_EVENTOS_SIMULATION","Simulator-only fixture; not available for real purchase"
"SIM-BIZ-048","Entertainment Test Co 08 [SYNTHETIC]","Supplier","Entertainment","Johannesburg","Large","SIM-BIZ-048-CAT-001","SIM-048-001","DJs Package [SYNTHETIC]","Entertainment","Each","QUANTITY","340","14156","17270.32","/simulation/catalogue/supplier.webp","true","GENERATED_FOR_EVENTOS_SIMULATION","Simulator-only fixture; not available for real purchase"
"SIM-BIZ-048","Entertainment Test Co 08 [SYNTHETIC]","Supplier","Entertainment","Johannesburg","Large","SIM-BIZ-048-CAT-002","SIM-048-002","Musicians Package [SYNTHETIC]","Entertainment","Each","QUANTITY","340","14920","18799.2","/simulation/catalogue/supplier.webp","true","GENERATED_FOR_EVENTOS_SIMULATION","Simulator-only fixture; not available for real purchase"
"SIM-BIZ-048","Entertainment Test Co 08 [SYNTHETIC]","Supplier","Entertainment","Johannesburg","Large","SIM-BIZ-048-CAT-003","SIM-048-003","Performers Package [SYNTHETIC]","Entertainment","Each","QUANTITY","340","15684","20389.2","/simulation/catalogue/supplier.webp","true","GENERATED_FOR_EVENTOS_SIMULATION","Simulator-only fixture; not available for real purchase"
"SIM-BIZ-048","Entertainment Test Co 08 [SYNTHETIC]","Supplier","Entertainment","Johannesburg","Large","SIM-BIZ-048-CAT-004","SIM-048-004","Sound Support Package [SYNTHETIC]","Entertainment","Each","QUANTITY","340","16448","22040.32","/simulation/catalogue/supplier.webp","true","GENERATED_FOR_EVENTOS_SIMULATION","Simulator-only fixture; not available for real purchase"
"SIM-BIZ-049","Entertainment Test Co 09 [SYNTHETIC]","Supplier","Entertainment","Pretoria","Micro","SIM-BIZ-049-CAT-001","SIM-049-001","DJs Package [SYNTHETIC]","Entertainment","Each","QUANTITY","100","3612","4406.64","/simulation/catalogue/supplier.webp","true","GENERATED_FOR_EVENTOS_SIMULATION","Simulator-only fixture; not available for real purchase"
"SIM-BIZ-049","Entertainment Test Co 09 [SYNTHETIC]","Supplier","Entertainment","Pretoria","Micro","SIM-BIZ-049-CAT-002","SIM-049-002","Musicians Package [SYNTHETIC]","Entertainment","Each","QUANTITY","100","3803","4791.78","/simulation/catalogue/supplier.webp","true","GENERATED_FOR_EVENTOS_SIMULATION","Simulator-only fixture; not available for real purchase"
"SIM-BIZ-049","Entertainment Test Co 09 [SYNTHETIC]","Supplier","Entertainment","Pretoria","Micro","SIM-BIZ-049-CAT-003","SIM-049-003","Performers Package [SYNTHETIC]","Entertainment","Each","QUANTITY","100","3994","5192.2","/simulation/catalogue/supplier.webp","true","GENERATED_FOR_EVENTOS_SIMULATION","Simulator-only fixture; not available for real purchase"
"SIM-BIZ-049","Entertainment Test Co 09 [SYNTHETIC]","Supplier","Entertainment","Pretoria","Micro","SIM-BIZ-049-CAT-004","SIM-049-004","Sound Support Package [SYNTHETIC]","Entertainment","Each","QUANTITY","100","4185","5607.9","/simulation/catalogue/supplier.webp","true","GENERATED_FOR_EVENTOS_SIMULATION","Simulator-only fixture; not available for real purchase"
"SIM-BIZ-050","Entertainment Test Co 10 [SYNTHETIC]","Supplier","Entertainment","Durban","Small","SIM-BIZ-050-CAT-001","SIM-050-001","DJs Package [SYNTHETIC]","Entertainment","Each","QUANTITY","140","5527.5","6743.55","/simulation/catalogue/supplier.webp","true","GENERATED_FOR_EVENTOS_SIMULATION","Simulator-only fixture; not available for real purchase"
"SIM-BIZ-050","Entertainment Test Co 10 [SYNTHETIC]","Supplier","Entertainment","Durban","Small","SIM-BIZ-050-CAT-002","SIM-050-002","Musicians Package [SYNTHETIC]","Entertainment","Each","QUANTITY","140","5814","7325.64","/simulation/catalogue/supplier.webp","true","GENERATED_FOR_EVENTOS_SIMULATION","Simulator-only fixture; not available for real purchase"
"SIM-BIZ-050","Entertainment Test Co 10 [SYNTHETIC]","Supplier","Entertainment","Durban","Small","SIM-BIZ-050-CAT-003","SIM-050-003","Performers Package [SYNTHETIC]","Entertainment","Each","QUANTITY","140","6100.5","7930.65","/simulation/catalogue/supplier.webp","true","GENERATED_FOR_EVENTOS_SIMULATION","Simulator-only fixture; not available for real purchase"
"SIM-BIZ-050","Entertainment Test Co 10 [SYNTHETIC]","Supplier","Entertainment","Durban","Small","SIM-BIZ-050-CAT-004","SIM-050-004","Sound Support Package [SYNTHETIC]","Entertainment","Each","QUANTITY","140","87","116.58","/simulation/catalogue/supplier.webp","true","GENERATED_FOR_EVENTOS_SIMULATION","Simulator-only fixture; not available for real purchase"
"SIM-BIZ-051","Media Test Co 01 [SYNTHETIC]","Supplier","Photography and video","Cape Town","Micro","SIM-BIZ-051-CAT-001","SIM-051-001","Photography Package [SYNTHETIC]","Photography and video","Each","QUANTITY","100","3758","4584.76","/simulation/catalogue/supplier.webp","true","GENERATED_FOR_EVENTOS_SIMULATION","Simulator-only fixture; not available for real purchase"
"SIM-BIZ-051","Media Test Co 01 [SYNTHETIC]","Supplier","Photography and video","Cape Town","Micro","SIM-BIZ-051-CAT-002","SIM-051-002","Video Package [SYNTHETIC]","Photography and video","Each","QUANTITY","100","3949","4975.74","/simulation/catalogue/supplier.webp","true","GENERATED_FOR_EVENTOS_SIMULATION","Simulator-only fixture; not available for real purchase"
"SIM-BIZ-051","Media Test Co 01 [SYNTHETIC]","Supplier","Photography and video","Cape Town","Micro","SIM-BIZ-051-CAT-003","SIM-051-003","Photo Booths Package [SYNTHETIC]","Photography and video","Each","QUANTITY","100","4140","5382","/simulation/catalogue/supplier.webp","true","GENERATED_FOR_EVENTOS_SIMULATION","Simulator-only fixture; not available for real purchase"
"SIM-BIZ-051","Media Test Co 01 [SYNTHETIC]","Supplier","Photography and video","Cape Town","Micro","SIM-BIZ-051-CAT-004","SIM-051-004","Editing Package [SYNTHETIC]","Photography and video","Each","QUANTITY","100","131","175.54","/simulation/catalogue/supplier.webp","true","GENERATED_FOR_EVENTOS_SIMULATION","Simulator-only fixture; not available for real purchase"
"SIM-BIZ-052","Media Test Co 02 [SYNTHETIC]","Supplier","Photography and video","Johannesburg","Small","SIM-BIZ-052-CAT-001","SIM-052-001","Photography Package [SYNTHETIC]","Photography and video","Each","QUANTITY","140","5746.5","7010.73","/simulation/catalogue/supplier.webp","true","GENERATED_FOR_EVENTOS_SIMULATION","Simulator-only fixture; not available for real purchase"
"SIM-BIZ-052","Media Test Co 02 [SYNTHETIC]","Supplier","Photography and video","Johannesburg","Small","SIM-BIZ-052-CAT-002","SIM-052-002","Video Package [SYNTHETIC]","Photography and video","Each","QUANTITY","140","6033","7601.58","/simulation/catalogue/supplier.webp","true","GENERATED_FOR_EVENTOS_SIMULATION","Simulator-only fixture; not available for real purchase"
"SIM-BIZ-052","Media Test Co 02 [SYNTHETIC]","Supplier","Photography and video","Johannesburg","Small","SIM-BIZ-052-CAT-003","SIM-052-003","Photo Booths Package [SYNTHETIC]","Photography and video","Each","QUANTITY","140","6319.5","8215.35","/simulation/catalogue/supplier.webp","true","GENERATED_FOR_EVENTOS_SIMULATION","Simulator-only fixture; not available for real purchase"
"SIM-BIZ-052","Media Test Co 02 [SYNTHETIC]","Supplier","Photography and video","Johannesburg","Small","SIM-BIZ-052-CAT-004","SIM-052-004","Editing Package [SYNTHETIC]","Photography and video","Each","QUANTITY","140","306","410.04","/simulation/catalogue/supplier.webp","true","GENERATED_FOR_EVENTOS_SIMULATION","Simulator-only fixture; not available for real purchase"
"SIM-BIZ-053","Media Test Co 03 [SYNTHETIC]","Supplier","Photography and video","Pretoria","Medium","SIM-BIZ-053-CAT-001","SIM-053-001","Photography Package [SYNTHETIC]","Photography and video","Each","QUANTITY","220","9760","11907.2","/simulation/catalogue/supplier.webp","true","GENERATED_FOR_EVENTOS_SIMULATION","Simulator-only fixture; not available for real purchase"
"SIM-BIZ-053","Media Test Co 03 [SYNTHETIC]","Supplier","Photography and video","Pretoria","Medium","SIM-BIZ-053-CAT-002","SIM-053-002","Video Package [SYNTHETIC]","Photography and video","Each","QUANTITY","220","10237.5","12899.25","/simulation/catalogue/supplier.webp","true","GENERATED_FOR_EVENTOS_SIMULATION","Simulator-only fixture; not available for real purchase"
"SIM-BIZ-053","Media Test Co 03 [SYNTHETIC]","Supplier","Photography and video","Pretoria","Medium","SIM-BIZ-053-CAT-003","SIM-053-003","Photo Booths Package [SYNTHETIC]","Photography and video","Each","QUANTITY","220","215","279.5","/simulation/catalogue/supplier.webp","true","GENERATED_FOR_EVENTOS_SIMULATION","Simulator-only fixture; not available for real purchase"
"SIM-BIZ-053","Media Test Co 03 [SYNTHETIC]","Supplier","Photography and video","Pretoria","Medium","SIM-BIZ-053-CAT-004","SIM-053-004","Editing Package [SYNTHETIC]","Photography and video","Each","QUANTITY","220","692.5","927.95","/simulation/catalogue/supplier.webp","true","GENERATED_FOR_EVENTOS_SIMULATION","Simulator-only fixture; not available for real purchase"
"SIM-BIZ-054","Media Test Co 04 [SYNTHETIC]","Supplier","Photography and video","Durban","Large","SIM-BIZ-054-CAT-001","SIM-054-001","Photography Package [SYNTHETIC]","Photography and video","Each","QUANTITY","340","15908","19407.76","/simulation/catalogue/supplier.webp","true","GENERATED_FOR_EVENTOS_SIMULATION","Simulator-only fixture; not available for real purchase"
"SIM-BIZ-054","Media Test Co 04 [SYNTHETIC]","Supplier","Photography and video","Durban","Large","SIM-BIZ-054-CAT-002","SIM-054-002","Video Package [SYNTHETIC]","Photography and video","Each","QUANTITY","340","16672","21006.72","/simulation/catalogue/supplier.webp","true","GENERATED_FOR_EVENTOS_SIMULATION","Simulator-only fixture; not available for real purchase"
"SIM-BIZ-054","Media Test Co 04 [SYNTHETIC]","Supplier","Photography and video","Durban","Large","SIM-BIZ-054-CAT-003","SIM-054-003","Photo Booths Package [SYNTHETIC]","Photography and video","Each","QUANTITY","340","636","826.8","/simulation/catalogue/supplier.webp","true","GENERATED_FOR_EVENTOS_SIMULATION","Simulator-only fixture; not available for real purchase"
"SIM-BIZ-054","Media Test Co 04 [SYNTHETIC]","Supplier","Photography and video","Durban","Large","SIM-BIZ-054-CAT-004","SIM-054-004","Editing Package [SYNTHETIC]","Photography and video","Each","QUANTITY","340","1400","1876","/simulation/catalogue/supplier.webp","true","GENERATED_FOR_EVENTOS_SIMULATION","Simulator-only fixture; not available for real purchase"
"SIM-BIZ-055","Media Test Co 05 [SYNTHETIC]","Supplier","Photography and video","Gqeberha","Micro","SIM-BIZ-055-CAT-001","SIM-055-001","Photography Package [SYNTHETIC]","Photography and video","Each","QUANTITY","100","4050","4941","/simulation/catalogue/supplier.webp","true","GENERATED_FOR_EVENTOS_SIMULATION","Simulator-only fixture; not available for real purchase"
"SIM-BIZ-055","Media Test Co 05 [SYNTHETIC]","Supplier","Photography and video","Gqeberha","Micro","SIM-BIZ-055-CAT-002","SIM-055-002","Video Package [SYNTHETIC]","Photography and video","Each","QUANTITY","100","41","51.66","/simulation/catalogue/supplier.webp","true","GENERATED_FOR_EVENTOS_SIMULATION","Simulator-only fixture; not available for real purchase"
"SIM-BIZ-055","Media Test Co 05 [SYNTHETIC]","Supplier","Photography and video","Gqeberha","Micro","SIM-BIZ-055-CAT-003","SIM-055-003","Photo Booths Package [SYNTHETIC]","Photography and video","Each","QUANTITY","100","232","301.6","/simulation/catalogue/supplier.webp","true","GENERATED_FOR_EVENTOS_SIMULATION","Simulator-only fixture; not available for real purchase"
"SIM-BIZ-055","Media Test Co 05 [SYNTHETIC]","Supplier","Photography and video","Gqeberha","Micro","SIM-BIZ-055-CAT-004","SIM-055-004","Editing Package [SYNTHETIC]","Photography and video","Each","QUANTITY","100","423","566.82","/simulation/catalogue/supplier.webp","true","GENERATED_FOR_EVENTOS_SIMULATION","Simulator-only fixture; not available for real purchase"
"SIM-BIZ-056","Media Test Co 06 [SYNTHETIC]","Supplier","Photography and video","Cape Town","Small","SIM-BIZ-056-CAT-001","SIM-056-001","Photography Package [SYNTHETIC]","Photography and video","Each","QUANTITY","140","6184.5","7545.09","/simulation/catalogue/supplier.webp","true","GENERATED_FOR_EVENTOS_SIMULATION","Simulator-only fixture; not available for real purchase"
"SIM-BIZ-056","Media Test Co 06 [SYNTHETIC]","Supplier","Photography and video","Cape Town","Small","SIM-BIZ-056-CAT-002","SIM-056-002","Video Package [SYNTHETIC]","Photography and video","Each","QUANTITY","140","171","215.46","/simulation/catalogue/supplier.webp","true","GENERATED_FOR_EVENTOS_SIMULATION","Simulator-only fixture; not available for real purchase"
"SIM-BIZ-056","Media Test Co 06 [SYNTHETIC]","Supplier","Photography and video","Cape Town","Small","SIM-BIZ-056-CAT-003","SIM-056-003","Photo Booths Package [SYNTHETIC]","Photography and video","Each","QUANTITY","140","457.5","594.75","/simulation/catalogue/supplier.webp","true","GENERATED_FOR_EVENTOS_SIMULATION","Simulator-only fixture; not available for real purchase"
"SIM-BIZ-056","Media Test Co 06 [SYNTHETIC]","Supplier","Photography and video","Cape Town","Small","SIM-BIZ-056-CAT-004","SIM-056-004","Editing Package [SYNTHETIC]","Photography and video","Each","QUANTITY","140","744","996.96","/simulation/catalogue/supplier.webp","true","GENERATED_FOR_EVENTOS_SIMULATION","Simulator-only fixture; not available for real purchase"
"SIM-BIZ-057","Media Test Co 07 [SYNTHETIC]","Supplier","Photography and video","Johannesburg","Medium","SIM-BIZ-057-CAT-001","SIM-057-001","Photography Package [SYNTHETIC]","Photography and video","Each","QUANTITY","220","10490","12797.8","/simulation/catalogue/supplier.webp","true","GENERATED_FOR_EVENTOS_SIMULATION","Simulator-only fixture; not available for real purchase"
"SIM-BIZ-057","Media Test Co 07 [SYNTHETIC]","Supplier","Photography and video","Johannesburg","Medium","SIM-BIZ-057-CAT-002","SIM-057-002","Video Package [SYNTHETIC]","Photography and video","Each","QUANTITY","220","467.5","589.05","/simulation/catalogue/supplier.webp","true","GENERATED_FOR_EVENTOS_SIMULATION","Simulator-only fixture; not available for real purchase"
"SIM-BIZ-057","Media Test Co 07 [SYNTHETIC]","Supplier","Photography and video","Johannesburg","Medium","SIM-BIZ-057-CAT-003","SIM-057-003","Photo Booths Package [SYNTHETIC]","Photography and video","Each","QUANTITY","220","945","1228.5","/simulation/catalogue/supplier.webp","true","GENERATED_FOR_EVENTOS_SIMULATION","Simulator-only fixture; not available for real purchase"
"SIM-BIZ-057","Media Test Co 07 [SYNTHETIC]","Supplier","Photography and video","Johannesburg","Medium","SIM-BIZ-057-CAT-004","SIM-057-004","Editing Package [SYNTHETIC]","Photography and video","Each","QUANTITY","220","1422.5","1906.15","/simulation/catalogue/supplier.webp","true","GENERATED_FOR_EVENTOS_SIMULATION","Simulator-only fixture; not available for real purchase"
"SIM-BIZ-058","Media Test Co 08 [SYNTHETIC]","Supplier","Photography and video","Pretoria","Large","SIM-BIZ-058-CAT-001","SIM-058-001","Photography Package [SYNTHETIC]","Photography and video","Each","QUANTITY","340","276","336.72","/simulation/catalogue/supplier.webp","true","GENERATED_FOR_EVENTOS_SIMULATION","Simulator-only fixture; not available for real purchase"
"SIM-BIZ-058","Media Test Co 08 [SYNTHETIC]","Supplier","Photography and video","Pretoria","Large","SIM-BIZ-058-CAT-002","SIM-058-002","Video Package [SYNTHETIC]","Photography and video","Each","QUANTITY","340","1040","1310.4","/simulation/catalogue/supplier.webp","true","GENERATED_FOR_EVENTOS_SIMULATION","Simulator-only fixture; not available for real purchase"
"SIM-BIZ-058","Media Test Co 08 [SYNTHETIC]","Supplier","Photography and video","Pretoria","Large","SIM-BIZ-058-CAT-003","SIM-058-003","Photo Booths Package [SYNTHETIC]","Photography and video","Each","QUANTITY","340","1804","2345.2","/simulation/catalogue/supplier.webp","true","GENERATED_FOR_EVENTOS_SIMULATION","Simulator-only fixture; not available for real purchase"
"SIM-BIZ-058","Media Test Co 08 [SYNTHETIC]","Supplier","Photography and video","Pretoria","Large","SIM-BIZ-058-CAT-004","SIM-058-004","Editing Package [SYNTHETIC]","Photography and video","Each","QUANTITY","340","2568","3441.12","/simulation/catalogue/supplier.webp","true","GENERATED_FOR_EVENTOS_SIMULATION","Simulator-only fixture; not available for real purchase"
"SIM-BIZ-059","Media Test Co 09 [SYNTHETIC]","Supplier","Photography and video","Durban","Micro","SIM-BIZ-059-CAT-001","SIM-059-001","Photography Package [SYNTHETIC]","Photography and video","Each","QUANTITY","100","142","173.24","/simulation/catalogue/supplier.webp","true","GENERATED_FOR_EVENTOS_SIMULATION","Simulator-only fixture; not available for real purchase"
"SIM-BIZ-059","Media Test Co 09 [SYNTHETIC]","Supplier","Photography and video","Durban","Micro","SIM-BIZ-059-CAT-002","SIM-059-002","Video Package [SYNTHETIC]","Photography and video","Each","QUANTITY","100","333","419.58","/simulation/catalogue/supplier.webp","true","GENERATED_FOR_EVENTOS_SIMULATION","Simulator-only fixture; not available for real purchase"
"SIM-BIZ-059","Media Test Co 09 [SYNTHETIC]","Supplier","Photography and video","Durban","Micro","SIM-BIZ-059-CAT-003","SIM-059-003","Photo Booths Package [SYNTHETIC]","Photography and video","Each","QUANTITY","100","524","681.2","/simulation/catalogue/supplier.webp","true","GENERATED_FOR_EVENTOS_SIMULATION","Simulator-only fixture; not available for real purchase"
"SIM-BIZ-059","Media Test Co 09 [SYNTHETIC]","Supplier","Photography and video","Durban","Micro","SIM-BIZ-059-CAT-004","SIM-059-004","Editing Package [SYNTHETIC]","Photography and video","Each","QUANTITY","100","715","958.1","/simulation/catalogue/supplier.webp","true","GENERATED_FOR_EVENTOS_SIMULATION","Simulator-only fixture; not available for real purchase"
"SIM-BIZ-060","Media Test Co 10 [SYNTHETIC]","Supplier","Photography and video","Gqeberha","Small","SIM-BIZ-060-CAT-001","SIM-060-001","Photography Package [SYNTHETIC]","Photography and video","Each","QUANTITY","140","322.5","393.45","/simulation/catalogue/supplier.webp","true","GENERATED_FOR_EVENTOS_SIMULATION","Simulator-only fixture; not available for real purchase"
"SIM-BIZ-060","Media Test Co 10 [SYNTHETIC]","Supplier","Photography and video","Gqeberha","Small","SIM-BIZ-060-CAT-002","SIM-060-002","Video Package [SYNTHETIC]","Photography and video","Each","QUANTITY","140","609","767.34","/simulation/catalogue/supplier.webp","true","GENERATED_FOR_EVENTOS_SIMULATION","Simulator-only fixture; not available for real purchase"
"SIM-BIZ-060","Media Test Co 10 [SYNTHETIC]","Supplier","Photography and video","Gqeberha","Small","SIM-BIZ-060-CAT-003","SIM-060-003","Photo Booths Package [SYNTHETIC]","Photography and video","Each","QUANTITY","140","895.5","1164.15","/simulation/catalogue/supplier.webp","true","GENERATED_FOR_EVENTOS_SIMULATION","Simulator-only fixture; not available for real purchase"
"SIM-BIZ-060","Media Test Co 10 [SYNTHETIC]","Supplier","Photography and video","Gqeberha","Small","SIM-BIZ-060-CAT-004","SIM-060-004","Editing Package [SYNTHETIC]","Photography and video","Each","QUANTITY","140","1182","1583.88","/simulation/catalogue/supplier.webp","true","GENERATED_FOR_EVENTOS_SIMULATION","Simulator-only fixture; not available for real purchase"
"SIM-BIZ-061","Event Logistics Test Co 01 [SYNTHETIC]","Supplier","Transport and logistics","Johannesburg","Micro","SIM-BIZ-061-CAT-001","SIM-061-001","Transport Package [SYNTHETIC]","Transport and logistics","Each","QUANTITY","100","288","351.36","/simulation/catalogue/supplier.webp","true","GENERATED_FOR_EVENTOS_SIMULATION","Simulator-only fixture; not available for real purchase"
"SIM-BIZ-061","Event Logistics Test Co 01 [SYNTHETIC]","Supplier","Transport and logistics","Johannesburg","Micro","SIM-BIZ-061-CAT-002","SIM-061-002","Delivery Package [SYNTHETIC]","Transport and logistics","Each","QUANTITY","100","479","603.54","/simulation/catalogue/supplier.webp","true","GENERATED_FOR_EVENTOS_SIMULATION","Simulator-only fixture; not available for real purchase"
"SIM-BIZ-061","Event Logistics Test Co 01 [SYNTHETIC]","Supplier","Transport and logistics","Johannesburg","Micro","SIM-BIZ-061-CAT-003","SIM-061-003","Rigging Package [SYNTHETIC]","Transport and logistics","Each","QUANTITY","100","670","871","/simulation/catalogue/supplier.webp","true","GENERATED_FOR_EVENTOS_SIMULATION","Simulator-only fixture; not available for real purchase"
"SIM-BIZ-061","Event Logistics Test Co 01 [SYNTHETIC]","Supplier","Transport and logistics","Johannesburg","Micro","SIM-BIZ-061-CAT-004","SIM-061-004","Crew Logistics Package [SYNTHETIC]","Transport and logistics","Each","QUANTITY","100","861","1153.74","/simulation/catalogue/supplier.webp","true","GENERATED_FOR_EVENTOS_SIMULATION","Simulator-only fixture; not available for real purchase"
"SIM-BIZ-062","Event Logistics Test Co 02 [SYNTHETIC]","Supplier","Transport and logistics","Pretoria","Small","SIM-BIZ-062-CAT-001","SIM-062-001","Transport Package [SYNTHETIC]","Transport and logistics","Each","QUANTITY","140","541.5","660.63","/simulation/catalogue/supplier.webp","true","GENERATED_FOR_EVENTOS_SIMULATION","Simulator-only fixture; not available for real purchase"
"SIM-BIZ-062","Event Logistics Test Co 02 [SYNTHETIC]","Supplier","Transport and logistics","Pretoria","Small","SIM-BIZ-062-CAT-002","SIM-062-002","Delivery Package [SYNTHETIC]","Transport and logistics","Each","QUANTITY","140","828","1043.28","/simulation/catalogue/supplier.webp","true","GENERATED_FOR_EVENTOS_SIMULATION","Simulator-only fixture; not available for real purchase"
"SIM-BIZ-062","Event Logistics Test Co 02 [SYNTHETIC]","Supplier","Transport and logistics","Pretoria","Small","SIM-BIZ-062-CAT-003","SIM-062-003","Rigging Package [SYNTHETIC]","Transport and logistics","Each","QUANTITY","140","1114.5","1448.85","/simulation/catalogue/supplier.webp","true","GENERATED_FOR_EVENTOS_SIMULATION","Simulator-only fixture; not available for real purchase"
"SIM-BIZ-062","Event Logistics Test Co 02 [SYNTHETIC]","Supplier","Transport and logistics","Pretoria","Small","SIM-BIZ-062-CAT-004","SIM-062-004","Crew Logistics Package [SYNTHETIC]","Transport and logistics","Each","QUANTITY","140","1401","1877.34","/simulation/catalogue/supplier.webp","true","GENERATED_FOR_EVENTOS_SIMULATION","Simulator-only fixture; not available for real purchase"
"SIM-BIZ-063","Event Logistics Test Co 03 [SYNTHETIC]","Supplier","Transport and logistics","Durban","Medium","SIM-BIZ-063-CAT-001","SIM-063-001","Transport Package [SYNTHETIC]","Transport and logistics","Each","QUANTITY","220","1085","1323.7","/simulation/catalogue/supplier.webp","true","GENERATED_FOR_EVENTOS_SIMULATION","Simulator-only fixture; not available for real purchase"
"SIM-BIZ-063","Event Logistics Test Co 03 [SYNTHETIC]","Supplier","Transport and logistics","Durban","Medium","SIM-BIZ-063-CAT-002","SIM-063-002","Delivery Package [SYNTHETIC]","Transport and logistics","Each","QUANTITY","220","1562.5","1968.75","/simulation/catalogue/supplier.webp","true","GENERATED_FOR_EVENTOS_SIMULATION","Simulator-only fixture; not available for real purchase"
"SIM-BIZ-063","Event Logistics Test Co 03 [SYNTHETIC]","Supplier","Transport and logistics","Durban","Medium","SIM-BIZ-063-CAT-003","SIM-063-003","Rigging Package [SYNTHETIC]","Transport and logistics","Each","QUANTITY","220","2040","2652","/simulation/catalogue/supplier.webp","true","GENERATED_FOR_EVENTOS_SIMULATION","Simulator-only fixture; not available for real purchase"
"SIM-BIZ-063","Event Logistics Test Co 03 [SYNTHETIC]","Supplier","Transport and logistics","Durban","Medium","SIM-BIZ-063-CAT-004","SIM-063-004","Crew Logistics Package [SYNTHETIC]","Transport and logistics","Each","QUANTITY","220","2517.5","3373.45","/simulation/catalogue/supplier.webp","true","GENERATED_FOR_EVENTOS_SIMULATION","Simulator-only fixture; not available for real purchase"
"SIM-BIZ-064","Event Logistics Test Co 04 [SYNTHETIC]","Supplier","Transport and logistics","Gqeberha","Large","SIM-BIZ-064-CAT-001","SIM-064-001","Transport Package [SYNTHETIC]","Transport and logistics","Each","QUANTITY","340","2028","2474.16","/simulation/catalogue/supplier.webp","true","GENERATED_FOR_EVENTOS_SIMULATION","Simulator-only fixture; not available for real purchase"
"SIM-BIZ-064","Event Logistics Test Co 04 [SYNTHETIC]","Supplier","Transport and logistics","Gqeberha","Large","SIM-BIZ-064-CAT-002","SIM-064-002","Delivery Package [SYNTHETIC]","Transport and logistics","Each","QUANTITY","340","2792","3517.92","/simulation/catalogue/supplier.webp","true","GENERATED_FOR_EVENTOS_SIMULATION","Simulator-only fixture; not available for real purchase"
"SIM-BIZ-064","Event Logistics Test Co 04 [SYNTHETIC]","Supplier","Transport and logistics","Gqeberha","Large","SIM-BIZ-064-CAT-003","SIM-064-003","Rigging Package [SYNTHETIC]","Transport and logistics","Each","QUANTITY","340","3556","4622.8","/simulation/catalogue/supplier.webp","true","GENERATED_FOR_EVENTOS_SIMULATION","Simulator-only fixture; not available for real purchase"
"SIM-BIZ-064","Event Logistics Test Co 04 [SYNTHETIC]","Supplier","Transport and logistics","Gqeberha","Large","SIM-BIZ-064-CAT-004","SIM-064-004","Crew Logistics Package [SYNTHETIC]","Transport and logistics","Each","QUANTITY","340","4320","5788.8","/simulation/catalogue/supplier.webp","true","GENERATED_FOR_EVENTOS_SIMULATION","Simulator-only fixture; not available for real purchase"
"SIM-BIZ-065","Event Logistics Test Co 05 [SYNTHETIC]","Supplier","Transport and logistics","Cape Town","Micro","SIM-BIZ-065-CAT-001","SIM-065-001","Transport Package [SYNTHETIC]","Transport and logistics","Each","QUANTITY","100","580","707.6","/simulation/catalogue/supplier.webp","true","GENERATED_FOR_EVENTOS_SIMULATION","Simulator-only fixture; not available for real purchase"
"SIM-BIZ-065","Event Logistics Test Co 05 [SYNTHETIC]","Supplier","Transport and logistics","Cape Town","Micro","SIM-BIZ-065-CAT-002","SIM-065-002","Delivery Package [SYNTHETIC]","Transport and logistics","Each","QUANTITY","100","771","971.46","/simulation/catalogue/supplier.webp","true","GENERATED_FOR_EVENTOS_SIMULATION","Simulator-only fixture; not available for real purchase"
"SIM-BIZ-065","Event Logistics Test Co 05 [SYNTHETIC]","Supplier","Transport and logistics","Cape Town","Micro","SIM-BIZ-065-CAT-003","SIM-065-003","Rigging Package [SYNTHETIC]","Transport and logistics","Each","QUANTITY","100","962","1250.6","/simulation/catalogue/supplier.webp","true","GENERATED_FOR_EVENTOS_SIMULATION","Simulator-only fixture; not available for real purchase"
"SIM-BIZ-065","Event Logistics Test Co 05 [SYNTHETIC]","Supplier","Transport and logistics","Cape Town","Micro","SIM-BIZ-065-CAT-004","SIM-065-004","Crew Logistics Package [SYNTHETIC]","Transport and logistics","Each","QUANTITY","100","1153","1545.02","/simulation/catalogue/supplier.webp","true","GENERATED_FOR_EVENTOS_SIMULATION","Simulator-only fixture; not available for real purchase"
"SIM-BIZ-066","Event Logistics Test Co 06 [SYNTHETIC]","Supplier","Transport and logistics","Johannesburg","Small","SIM-BIZ-066-CAT-001","SIM-066-001","Transport Package [SYNTHETIC]","Transport and logistics","Each","QUANTITY","140","979.5","1194.99","/simulation/catalogue/supplier.webp","true","GENERATED_FOR_EVENTOS_SIMULATION","Simulator-only fixture; not available for real purchase"
"SIM-BIZ-066","Event Logistics Test Co 06 [SYNTHETIC]","Supplier","Transport and logistics","Johannesburg","Small","SIM-BIZ-066-CAT-002","SIM-066-002","Delivery Package [SYNTHETIC]","Transport and logistics","Each","QUANTITY","140","1266","1595.16","/simulation/catalogue/supplier.webp","true","GENERATED_FOR_EVENTOS_SIMULATION","Simulator-only fixture; not available for real purchase"
"SIM-BIZ-066","Event Logistics Test Co 06 [SYNTHETIC]","Supplier","Transport and logistics","Johannesburg","Small","SIM-BIZ-066-CAT-003","SIM-066-003","Rigging Package [SYNTHETIC]","Transport and logistics","Each","QUANTITY","140","1552.5","2018.25","/simulation/catalogue/supplier.webp","true","GENERATED_FOR_EVENTOS_SIMULATION","Simulator-only fixture; not available for real purchase"
"SIM-BIZ-066","Event Logistics Test Co 06 [SYNTHETIC]","Supplier","Transport and logistics","Johannesburg","Small","SIM-BIZ-066-CAT-004","SIM-066-004","Crew Logistics Package [SYNTHETIC]","Transport and logistics","Each","QUANTITY","140","1839","2464.26","/simulation/catalogue/supplier.webp","true","GENERATED_FOR_EVENTOS_SIMULATION","Simulator-only fixture; not available for real purchase"
"SIM-BIZ-067","Event Logistics Test Co 07 [SYNTHETIC]","Supplier","Transport and logistics","Pretoria","Medium","SIM-BIZ-067-CAT-001","SIM-067-001","Transport Package [SYNTHETIC]","Transport and logistics","Each","QUANTITY","220","1815","2214.3","/simulation/catalogue/supplier.webp","true","GENERATED_FOR_EVENTOS_SIMULATION","Simulator-only fixture; not available for real purchase"
"SIM-BIZ-067","Event Logistics Test Co 07 [SYNTHETIC]","Supplier","Transport and logistics","Pretoria","Medium","SIM-BIZ-067-CAT-002","SIM-067-002","Delivery Package [SYNTHETIC]","Transport and logistics","Each","QUANTITY","220","2292.5","2888.55","/simulation/catalogue/supplier.webp","true","GENERATED_FOR_EVENTOS_SIMULATION","Simulator-only fixture; not available for real purchase"
"SIM-BIZ-067","Event Logistics Test Co 07 [SYNTHETIC]","Supplier","Transport and logistics","Pretoria","Medium","SIM-BIZ-067-CAT-003","SIM-067-003","Rigging Package [SYNTHETIC]","Transport and logistics","Each","QUANTITY","220","2770","3601","/simulation/catalogue/supplier.webp","true","GENERATED_FOR_EVENTOS_SIMULATION","Simulator-only fixture; not available for real purchase"
"SIM-BIZ-067","Event Logistics Test Co 07 [SYNTHETIC]","Supplier","Transport and logistics","Pretoria","Medium","SIM-BIZ-067-CAT-004","SIM-067-004","Crew Logistics Package [SYNTHETIC]","Transport and logistics","Each","QUANTITY","220","3247.5","4351.65","/simulation/catalogue/supplier.webp","true","GENERATED_FOR_EVENTOS_SIMULATION","Simulator-only fixture; not available for real purchase"
"SIM-BIZ-068","Event Logistics Test Co 08 [SYNTHETIC]","Supplier","Transport and logistics","Durban","Large","SIM-BIZ-068-CAT-001","SIM-068-001","Transport Package [SYNTHETIC]","Transport and logistics","Each","QUANTITY","340","3196","3899.12","/simulation/catalogue/supplier.webp","true","GENERATED_FOR_EVENTOS_SIMULATION","Simulator-only fixture; not available for real purchase"
"SIM-BIZ-068","Event Logistics Test Co 08 [SYNTHETIC]","Supplier","Transport and logistics","Durban","Large","SIM-BIZ-068-CAT-002","SIM-068-002","Delivery Package [SYNTHETIC]","Transport and logistics","Each","QUANTITY","340","3960","4989.6","/simulation/catalogue/supplier.webp","true","GENERATED_FOR_EVENTOS_SIMULATION","Simulator-only fixture; not available for real purchase"
"SIM-BIZ-068","Event Logistics Test Co 08 [SYNTHETIC]","Supplier","Transport and logistics","Durban","Large","SIM-BIZ-068-CAT-003","SIM-068-003","Rigging Package [SYNTHETIC]","Transport and logistics","Each","QUANTITY","340","4724","6141.2","/simulation/catalogue/supplier.webp","true","GENERATED_FOR_EVENTOS_SIMULATION","Simulator-only fixture; not available for real purchase"
"SIM-BIZ-068","Event Logistics Test Co 08 [SYNTHETIC]","Supplier","Transport and logistics","Durban","Large","SIM-BIZ-068-CAT-004","SIM-068-004","Crew Logistics Package [SYNTHETIC]","Transport and logistics","Each","QUANTITY","340","5488","7353.92","/simulation/catalogue/supplier.webp","true","GENERATED_FOR_EVENTOS_SIMULATION","Simulator-only fixture; not available for real purchase"
"SIM-BIZ-069","Event Logistics Test Co 09 [SYNTHETIC]","Supplier","Transport and logistics","Gqeberha","Micro","SIM-BIZ-069-CAT-001","SIM-069-001","Transport Package [SYNTHETIC]","Transport and logistics","Each","QUANTITY","100","872","1063.84","/simulation/catalogue/supplier.webp","true","GENERATED_FOR_EVENTOS_SIMULATION","Simulator-only fixture; not available for real purchase"
"SIM-BIZ-069","Event Logistics Test Co 09 [SYNTHETIC]","Supplier","Transport and logistics","Gqeberha","Micro","SIM-BIZ-069-CAT-002","SIM-069-002","Delivery Package [SYNTHETIC]","Transport and logistics","Each","QUANTITY","100","1063","1339.38","/simulation/catalogue/supplier.webp","true","GENERATED_FOR_EVENTOS_SIMULATION","Simulator-only fixture; not available for real purchase"
"SIM-BIZ-069","Event Logistics Test Co 09 [SYNTHETIC]","Supplier","Transport and logistics","Gqeberha","Micro","SIM-BIZ-069-CAT-003","SIM-069-003","Rigging Package [SYNTHETIC]","Transport and logistics","Each","QUANTITY","100","1254","1630.2","/simulation/catalogue/supplier.webp","true","GENERATED_FOR_EVENTOS_SIMULATION","Simulator-only fixture; not available for real purchase"
"SIM-BIZ-069","Event Logistics Test Co 09 [SYNTHETIC]","Supplier","Transport and logistics","Gqeberha","Micro","SIM-BIZ-069-CAT-004","SIM-069-004","Crew Logistics Package [SYNTHETIC]","Transport and logistics","Each","QUANTITY","100","1445","1936.3","/simulation/catalogue/supplier.webp","true","GENERATED_FOR_EVENTOS_SIMULATION","Simulator-only fixture; not available for real purchase"
"SIM-BIZ-070","Event Logistics Test Co 10 [SYNTHETIC]","Supplier","Transport and logistics","Cape Town","Small","SIM-BIZ-070-CAT-001","SIM-070-001","Transport Package [SYNTHETIC]","Transport and logistics","Each","QUANTITY","140","1417.5","1729.35","/simulation/catalogue/supplier.webp","true","GENERATED_FOR_EVENTOS_SIMULATION","Simulator-only fixture; not available for real purchase"
"SIM-BIZ-070","Event Logistics Test Co 10 [SYNTHETIC]","Supplier","Transport and logistics","Cape Town","Small","SIM-BIZ-070-CAT-002","SIM-070-002","Delivery Package [SYNTHETIC]","Transport and logistics","Each","QUANTITY","140","1704","2147.04","/simulation/catalogue/supplier.webp","true","GENERATED_FOR_EVENTOS_SIMULATION","Simulator-only fixture; not available for real purchase"
"SIM-BIZ-070","Event Logistics Test Co 10 [SYNTHETIC]","Supplier","Transport and logistics","Cape Town","Small","SIM-BIZ-070-CAT-003","SIM-070-003","Rigging Package [SYNTHETIC]","Transport and logistics","Each","QUANTITY","140","1990.5","2587.65","/simulation/catalogue/supplier.webp","true","GENERATED_FOR_EVENTOS_SIMULATION","Simulator-only fixture; not available for real purchase"
"SIM-BIZ-070","Event Logistics Test Co 10 [SYNTHETIC]","Supplier","Transport and logistics","Cape Town","Small","SIM-BIZ-070-CAT-004","SIM-070-004","Crew Logistics Package [SYNTHETIC]","Transport and logistics","Each","QUANTITY","140","2277","3051.18","/simulation/catalogue/supplier.webp","true","GENERATED_FOR_EVENTOS_SIMULATION","Simulator-only fixture; not available for real purchase"
"SIM-BIZ-071","Event Staffing Test Co 01 [SYNTHETIC]","Supplier","Staffing and security","Pretoria","Micro","SIM-BIZ-071-CAT-001","SIM-071-001","Event Staff Package [SYNTHETIC]","Staffing and security","Each","QUANTITY","100","1018","1241.96","/simulation/catalogue/supplier.webp","true","GENERATED_FOR_EVENTOS_SIMULATION","Simulator-only fixture; not available for real purchase"
"SIM-BIZ-071","Event Staffing Test Co 01 [SYNTHETIC]","Supplier","Staffing and security","Pretoria","Micro","SIM-BIZ-071-CAT-002","SIM-071-002","Security Package [SYNTHETIC]","Staffing and security","Each","QUANTITY","100","1209","1523.34","/simulation/catalogue/supplier.webp","true","GENERATED_FOR_EVENTOS_SIMULATION","Simulator-only fixture; not available for real purchase"
"SIM-BIZ-071","Event Staffing Test Co 01 [SYNTHETIC]","Supplier","Staffing and security","Pretoria","Micro","SIM-BIZ-071-CAT-003","SIM-071-003","Hosts Package [SYNTHETIC]","Staffing and security","Each","QUANTITY","100","1400","1820","/simulation/catalogue/supplier.webp","true","GENERATED_FOR_EVENTOS_SIMULATION","Simulator-only fixture; not available for real purchase"
"SIM-BIZ-071","Event Staffing Test Co 01 [SYNTHETIC]","Supplier","Staffing and security","Pretoria","Micro","SIM-BIZ-071-CAT-004","SIM-071-004","Cleaning Package [SYNTHETIC]","Staffing and security","Each","QUANTITY","100","1591","2131.94","/simulation/catalogue/supplier.webp","true","GENERATED_FOR_EVENTOS_SIMULATION","Simulator-only fixture; not available for real purchase"
"SIM-BIZ-072","Event Staffing Test Co 02 [SYNTHETIC]","Supplier","Staffing and security","Durban","Small","SIM-BIZ-072-CAT-001","SIM-072-001","Event Staff Package [SYNTHETIC]","Staffing and security","Each","QUANTITY","140","1636.5","1996.53","/simulation/catalogue/supplier.webp","true","GENERATED_FOR_EVENTOS_SIMULATION","Simulator-only fixture; not available for real purchase"
"SIM-BIZ-072","Event Staffing Test Co 02 [SYNTHETIC]","Supplier","Staffing and security","Durban","Small","SIM-BIZ-072-CAT-002","SIM-072-002","Security Package [SYNTHETIC]","Staffing and security","Each","QUANTITY","140","1923","2422.98","/simulation/catalogue/supplier.webp","true","GENERATED_FOR_EVENTOS_SIMULATION","Simulator-only fixture; not available for real purchase"
"SIM-BIZ-072","Event Staffing Test Co 02 [SYNTHETIC]","Supplier","Staffing and security","Durban","Small","SIM-BIZ-072-CAT-003","SIM-072-003","Hosts Package [SYNTHETIC]","Staffing and security","Each","QUANTITY","140","2209.5","2872.35","/simulation/catalogue/supplier.webp","true","GENERATED_FOR_EVENTOS_SIMULATION","Simulator-only fixture; not available for real purchase"
"SIM-BIZ-072","Event Staffing Test Co 02 [SYNTHETIC]","Supplier","Staffing and security","Durban","Small","SIM-BIZ-072-CAT-004","SIM-072-004","Cleaning Package [SYNTHETIC]","Staffing and security","Each","QUANTITY","140","2496","3344.64","/simulation/catalogue/supplier.webp","true","GENERATED_FOR_EVENTOS_SIMULATION","Simulator-only fixture; not available for real purchase"
"SIM-BIZ-073","Event Staffing Test Co 03 [SYNTHETIC]","Supplier","Staffing and security","Gqeberha","Medium","SIM-BIZ-073-CAT-001","SIM-073-001","Event Staff Package [SYNTHETIC]","Staffing and security","Each","QUANTITY","220","2910","3550.2","/simulation/catalogue/supplier.webp","true","GENERATED_FOR_EVENTOS_SIMULATION","Simulator-only fixture; not available for real purchase"
"SIM-BIZ-073","Event Staffing Test Co 03 [SYNTHETIC]","Supplier","Staffing and security","Gqeberha","Medium","SIM-BIZ-073-CAT-002","SIM-073-002","Security Package [SYNTHETIC]","Staffing and security","Each","QUANTITY","220","3387.5","4268.25","/simulation/catalogue/supplier.webp","true","GENERATED_FOR_EVENTOS_SIMULATION","Simulator-only fixture; not available for real purchase"
"SIM-BIZ-073","Event Staffing Test Co 03 [SYNTHETIC]","Supplier","Staffing and security","Gqeberha","Medium","SIM-BIZ-073-CAT-003","SIM-073-003","Hosts Package [SYNTHETIC]","Staffing and security","Each","QUANTITY","220","3865","5024.5","/simulation/catalogue/supplier.webp","true","GENERATED_FOR_EVENTOS_SIMULATION","Simulator-only fixture; not available for real purchase"
"SIM-BIZ-073","Event Staffing Test Co 03 [SYNTHETIC]","Supplier","Staffing and security","Gqeberha","Medium","SIM-BIZ-073-CAT-004","SIM-073-004","Cleaning Package [SYNTHETIC]","Staffing and security","Each","QUANTITY","220","4342.5","5818.95","/simulation/catalogue/supplier.webp","true","GENERATED_FOR_EVENTOS_SIMULATION","Simulator-only fixture; not available for real purchase"
"SIM-BIZ-074","Event Staffing Test Co 04 [SYNTHETIC]","Supplier","Staffing and security","Cape Town","Large","SIM-BIZ-074-CAT-001","SIM-074-001","Event Staff Package [SYNTHETIC]","Staffing and security","Each","QUANTITY","340","4948","6036.56","/simulation/catalogue/supplier.webp","true","GENERATED_FOR_EVENTOS_SIMULATION","Simulator-only fixture; not available for real purchase"
"SIM-BIZ-074","Event Staffing Test Co 04 [SYNTHETIC]","Supplier","Staffing and security","Cape Town","Large","SIM-BIZ-074-CAT-002","SIM-074-002","Security Package [SYNTHETIC]","Staffing and security","Each","QUANTITY","340","5712","7197.12","/simulation/catalogue/supplier.webp","true","GENERATED_FOR_EVENTOS_SIMULATION","Simulator-only fixture; not available for real purchase"
"SIM-BIZ-074","Event Staffing Test Co 04 [SYNTHETIC]","Supplier","Staffing and security","Cape Town","Large","SIM-BIZ-074-CAT-003","SIM-074-003","Hosts Package [SYNTHETIC]","Staffing and security","Each","QUANTITY","340","6476","8418.8","/simulation/catalogue/supplier.webp","true","GENERATED_FOR_EVENTOS_SIMULATION","Simulator-only fixture; not available for real purchase"
"SIM-BIZ-074","Event Staffing Test Co 04 [SYNTHETIC]","Supplier","Staffing and security","Cape Town","Large","SIM-BIZ-074-CAT-004","SIM-074-004","Cleaning Package [SYNTHETIC]","Staffing and security","Each","QUANTITY","340","7240","9701.6","/simulation/catalogue/supplier.webp","true","GENERATED_FOR_EVENTOS_SIMULATION","Simulator-only fixture; not available for real purchase"
"SIM-BIZ-075","Event Staffing Test Co 05 [SYNTHETIC]","Supplier","Staffing and security","Johannesburg","Micro","SIM-BIZ-075-CAT-001","SIM-075-001","Event Staff Package [SYNTHETIC]","Staffing and security","Each","QUANTITY","100","1310","1598.2","/simulation/catalogue/supplier.webp","true","GENERATED_FOR_EVENTOS_SIMULATION","Simulator-only fixture; not available for real purchase"
"SIM-BIZ-075","Event Staffing Test Co 05 [SYNTHETIC]","Supplier","Staffing and security","Johannesburg","Micro","SIM-BIZ-075-CAT-002","SIM-075-002","Security Package [SYNTHETIC]","Staffing and security","Each","QUANTITY","100","1501","1891.26","/simulation/catalogue/supplier.webp","true","GENERATED_FOR_EVENTOS_SIMULATION","Simulator-only fixture; not available for real purchase"
"SIM-BIZ-075","Event Staffing Test Co 05 [SYNTHETIC]","Supplier","Staffing and security","Johannesburg","Micro","SIM-BIZ-075-CAT-003","SIM-075-003","Hosts Package [SYNTHETIC]","Staffing and security","Each","QUANTITY","100","1692","2199.6","/simulation/catalogue/supplier.webp","true","GENERATED_FOR_EVENTOS_SIMULATION","Simulator-only fixture; not available for real purchase"
"SIM-BIZ-075","Event Staffing Test Co 05 [SYNTHETIC]","Supplier","Staffing and security","Johannesburg","Micro","SIM-BIZ-075-CAT-004","SIM-075-004","Cleaning Package [SYNTHETIC]","Staffing and security","Each","QUANTITY","100","1883","2523.22","/simulation/catalogue/supplier.webp","true","GENERATED_FOR_EVENTOS_SIMULATION","Simulator-only fixture; not available for real purchase"
"SIM-BIZ-076","Event Staffing Test Co 06 [SYNTHETIC]","Supplier","Staffing and security","Pretoria","Small","SIM-BIZ-076-CAT-001","SIM-076-001","Event Staff Package [SYNTHETIC]","Staffing and security","Each","QUANTITY","140","2074.5","2530.89","/simulation/catalogue/supplier.webp","true","GENERATED_FOR_EVENTOS_SIMULATION","Simulator-only fixture; not available for real purchase"
"SIM-BIZ-076","Event Staffing Test Co 06 [SYNTHETIC]","Supplier","Staffing and security","Pretoria","Small","SIM-BIZ-076-CAT-002","SIM-076-002","Security Package [SYNTHETIC]","Staffing and security","Each","QUANTITY","140","2361","2974.86","/simulation/catalogue/supplier.webp","true","GENERATED_FOR_EVENTOS_SIMULATION","Simulator-only fixture; not available for real purchase"
"SIM-BIZ-076","Event Staffing Test Co 06 [SYNTHETIC]","Supplier","Staffing and security","Pretoria","Small","SIM-BIZ-076-CAT-003","SIM-076-003","Hosts Package [SYNTHETIC]","Staffing and security","Each","QUANTITY","140","2647.5","3441.75","/simulation/catalogue/supplier.webp","true","GENERATED_FOR_EVENTOS_SIMULATION","Simulator-only fixture; not available for real purchase"
"SIM-BIZ-076","Event Staffing Test Co 06 [SYNTHETIC]","Supplier","Staffing and security","Pretoria","Small","SIM-BIZ-076-CAT-004","SIM-076-004","Cleaning Package [SYNTHETIC]","Staffing and security","Each","QUANTITY","140","2934","3931.56","/simulation/catalogue/supplier.webp","true","GENERATED_FOR_EVENTOS_SIMULATION","Simulator-only fixture; not available for real purchase"
"SIM-BIZ-077","Event Staffing Test Co 07 [SYNTHETIC]","Supplier","Staffing and security","Durban","Medium","SIM-BIZ-077-CAT-001","SIM-077-001","Event Staff Package [SYNTHETIC]","Staffing and security","Each","QUANTITY","220","3640","4440.8","/simulation/catalogue/supplier.webp","true","GENERATED_FOR_EVENTOS_SIMULATION","Simulator-only fixture; not available for real purchase"
"SIM-BIZ-077","Event Staffing Test Co 07 [SYNTHETIC]","Supplier","Staffing and security","Durban","Medium","SIM-BIZ-077-CAT-002","SIM-077-002","Security Package [SYNTHETIC]","Staffing and security","Each","QUANTITY","220","4117.5","5188.05","/simulation/catalogue/supplier.webp","true","GENERATED_FOR_EVENTOS_SIMULATION","Simulator-only fixture; not available for real purchase"
"SIM-BIZ-077","Event Staffing Test Co 07 [SYNTHETIC]","Supplier","Staffing and security","Durban","Medium","SIM-BIZ-077-CAT-003","SIM-077-003","Hosts Package [SYNTHETIC]","Staffing and security","Each","QUANTITY","220","4595","5973.5","/simulation/catalogue/supplier.webp","true","GENERATED_FOR_EVENTOS_SIMULATION","Simulator-only fixture; not available for real purchase"
"SIM-BIZ-077","Event Staffing Test Co 07 [SYNTHETIC]","Supplier","Staffing and security","Durban","Medium","SIM-BIZ-077-CAT-004","SIM-077-004","Cleaning Package [SYNTHETIC]","Staffing and security","Each","QUANTITY","220","5072.5","6797.15","/simulation/catalogue/supplier.webp","true","GENERATED_FOR_EVENTOS_SIMULATION","Simulator-only fixture; not available for real purchase"
"SIM-BIZ-078","Event Staffing Test Co 08 [SYNTHETIC]","Supplier","Staffing and security","Gqeberha","Large","SIM-BIZ-078-CAT-001","SIM-078-001","Event Staff Package [SYNTHETIC]","Staffing and security","Each","QUANTITY","340","6116","7461.52","/simulation/catalogue/supplier.webp","true","GENERATED_FOR_EVENTOS_SIMULATION","Simulator-only fixture; not available for real purchase"
"SIM-BIZ-078","Event Staffing Test Co 08 [SYNTHETIC]","Supplier","Staffing and security","Gqeberha","Large","SIM-BIZ-078-CAT-002","SIM-078-002","Security Package [SYNTHETIC]","Staffing and security","Each","QUANTITY","340","6880","8668.8","/simulation/catalogue/supplier.webp","true","GENERATED_FOR_EVENTOS_SIMULATION","Simulator-only fixture; not available for real purchase"
"SIM-BIZ-078","Event Staffing Test Co 08 [SYNTHETIC]","Supplier","Staffing and security","Gqeberha","Large","SIM-BIZ-078-CAT-003","SIM-078-003","Hosts Package [SYNTHETIC]","Staffing and security","Each","QUANTITY","340","7644","9937.2","/simulation/catalogue/supplier.webp","true","GENERATED_FOR_EVENTOS_SIMULATION","Simulator-only fixture; not available for real purchase"
"SIM-BIZ-078","Event Staffing Test Co 08 [SYNTHETIC]","Supplier","Staffing and security","Gqeberha","Large","SIM-BIZ-078-CAT-004","SIM-078-004","Cleaning Package [SYNTHETIC]","Staffing and security","Each","QUANTITY","340","8408","11266.72","/simulation/catalogue/supplier.webp","true","GENERATED_FOR_EVENTOS_SIMULATION","Simulator-only fixture; not available for real purchase"
"SIM-BIZ-079","Event Staffing Test Co 09 [SYNTHETIC]","Supplier","Staffing and security","Cape Town","Micro","SIM-BIZ-079-CAT-001","SIM-079-001","Event Staff Package [SYNTHETIC]","Staffing and security","Each","QUANTITY","100","1602","1954.44","/simulation/catalogue/supplier.webp","true","GENERATED_FOR_EVENTOS_SIMULATION","Simulator-only fixture; not available for real purchase"
"SIM-BIZ-079","Event Staffing Test Co 09 [SYNTHETIC]","Supplier","Staffing and security","Cape Town","Micro","SIM-BIZ-079-CAT-002","SIM-079-002","Security Package [SYNTHETIC]","Staffing and security","Each","QUANTITY","100","1793","2259.18","/simulation/catalogue/supplier.webp","true","GENERATED_FOR_EVENTOS_SIMULATION","Simulator-only fixture; not available for real purchase"
"SIM-BIZ-079","Event Staffing Test Co 09 [SYNTHETIC]","Supplier","Staffing and security","Cape Town","Micro","SIM-BIZ-079-CAT-003","SIM-079-003","Hosts Package [SYNTHETIC]","Staffing and security","Each","QUANTITY","100","1984","2579.2","/simulation/catalogue/supplier.webp","true","GENERATED_FOR_EVENTOS_SIMULATION","Simulator-only fixture; not available for real purchase"
"SIM-BIZ-079","Event Staffing Test Co 09 [SYNTHETIC]","Supplier","Staffing and security","Cape Town","Micro","SIM-BIZ-079-CAT-004","SIM-079-004","Cleaning Package [SYNTHETIC]","Staffing and security","Each","QUANTITY","100","2175","2914.5","/simulation/catalogue/supplier.webp","true","GENERATED_FOR_EVENTOS_SIMULATION","Simulator-only fixture; not available for real purchase"
"SIM-BIZ-080","Event Staffing Test Co 10 [SYNTHETIC]","Supplier","Staffing and security","Johannesburg","Small","SIM-BIZ-080-CAT-001","SIM-080-001","Event Staff Package [SYNTHETIC]","Staffing and security","Each","QUANTITY","140","2512.5","3065.25","/simulation/catalogue/supplier.webp","true","GENERATED_FOR_EVENTOS_SIMULATION","Simulator-only fixture; not available for real purchase"
"SIM-BIZ-080","Event Staffing Test Co 10 [SYNTHETIC]","Supplier","Staffing and security","Johannesburg","Small","SIM-BIZ-080-CAT-002","SIM-080-002","Security Package [SYNTHETIC]","Staffing and security","Each","QUANTITY","140","2799","3526.74","/simulation/catalogue/supplier.webp","true","GENERATED_FOR_EVENTOS_SIMULATION","Simulator-only fixture; not available for real purchase"
"SIM-BIZ-080","Event Staffing Test Co 10 [SYNTHETIC]","Supplier","Staffing and security","Johannesburg","Small","SIM-BIZ-080-CAT-003","SIM-080-003","Hosts Package [SYNTHETIC]","Staffing and security","Each","QUANTITY","140","3085.5","4011.15","/simulation/catalogue/supplier.webp","true","GENERATED_FOR_EVENTOS_SIMULATION","Simulator-only fixture; not available for real purchase"
"SIM-BIZ-080","Event Staffing Test Co 10 [SYNTHETIC]","Supplier","Staffing and security","Johannesburg","Small","SIM-BIZ-080-CAT-004","SIM-080-004","Cleaning Package [SYNTHETIC]","Staffing and security","Each","QUANTITY","140","3372","4518.48","/simulation/catalogue/supplier.webp","true","GENERATED_FOR_EVENTOS_SIMULATION","Simulator-only fixture; not available for real purchase"
"SIM-BIZ-081","Private Events Test Planner 01 [SYNTHETIC]","Planner","Private event planning","Durban","Micro","SIM-BIZ-081-CAT-001","SIM-081-001","Birthdays Package [SYNTHETIC]","Private event planning","Service","UNLIMITED","","1748","2132.56","/simulation/catalogue/planner.webp","true","GENERATED_FOR_EVENTOS_SIMULATION","Simulator-only fixture; not available for real purchase"
"SIM-BIZ-081","Private Events Test Planner 01 [SYNTHETIC]","Planner","Private event planning","Durban","Micro","SIM-BIZ-081-CAT-002","SIM-081-002","Mountain Ceremony Lawn [SYNTHETIC]","Private event planning","Service","UNLIMITED","","1939","2443.14","/simulation/catalogue/venues.png","true","GENERATED_FOR_EVENTOS_SIMULATION","Simulator-only fixture; not available for real purchase"
"SIM-BIZ-081","Private Events Test Planner 01 [SYNTHETIC]","Planner","Private event planning","Durban","Micro","SIM-BIZ-081-CAT-003","SIM-081-003","Celebrations Package [SYNTHETIC]","Private event planning","Service","UNLIMITED","","2130","2769","/simulation/catalogue/planner.webp","true","GENERATED_FOR_EVENTOS_SIMULATION","Simulator-only fixture; not available for real purchase"
"SIM-BIZ-081","Private Events Test Planner 01 [SYNTHETIC]","Planner","Private event planning","Durban","Micro","SIM-BIZ-081-CAT-004","SIM-081-004","Intimate Glass Garden Venue [SYNTHETIC]","Private event planning","Service","UNLIMITED","","2321","3110.14","/simulation/catalogue/venues.png","true","GENERATED_FOR_EVENTOS_SIMULATION","Simulator-only fixture; not available for real purchase"
"SIM-BIZ-082","Private Events Test Planner 02 [SYNTHETIC]","Planner","Private event planning","Gqeberha","Small","SIM-BIZ-082-CAT-001","SIM-082-001","Birthdays Package [SYNTHETIC]","Private event planning","Service","UNLIMITED","","2731.5","3332.43","/simulation/catalogue/planner.webp","true","GENERATED_FOR_EVENTOS_SIMULATION","Simulator-only fixture; not available for real purchase"
"SIM-BIZ-082","Private Events Test Planner 02 [SYNTHETIC]","Planner","Private event planning","Gqeberha","Small","SIM-BIZ-082-CAT-002","SIM-082-002","Mountain Ceremony Lawn [SYNTHETIC]","Private event planning","Service","UNLIMITED","","3018","3802.68","/simulation/catalogue/venues.png","true","GENERATED_FOR_EVENTOS_SIMULATION","Simulator-only fixture; not available for real purchase"
"SIM-BIZ-082","Private Events Test Planner 02 [SYNTHETIC]","Planner","Private event planning","Gqeberha","Small","SIM-BIZ-082-CAT-003","SIM-082-003","Celebrations Package [SYNTHETIC]","Private event planning","Service","UNLIMITED","","3304.5","4295.85","/simulation/catalogue/planner.webp","true","GENERATED_FOR_EVENTOS_SIMULATION","Simulator-only fixture; not available for real purchase"
"SIM-BIZ-082","Private Events Test Planner 02 [SYNTHETIC]","Planner","Private event planning","Gqeberha","Small","SIM-BIZ-082-CAT-004","SIM-082-004","Intimate Glass Garden Venue [SYNTHETIC]","Private event planning","Service","UNLIMITED","","3591","4811.94","/simulation/catalogue/venues.png","true","GENERATED_FOR_EVENTOS_SIMULATION","Simulator-only fixture; not available for real purchase"
"SIM-BIZ-083","Private Events Test Planner 03 [SYNTHETIC]","Planner","Private event planning","Cape Town","Medium","SIM-BIZ-083-CAT-001","SIM-083-001","Birthdays Package [SYNTHETIC]","Private event planning","Service","UNLIMITED","","4735","5776.7","/simulation/catalogue/planner.webp","true","GENERATED_FOR_EVENTOS_SIMULATION","Simulator-only fixture; not available for real purchase"
"SIM-BIZ-083","Private Events Test Planner 03 [SYNTHETIC]","Planner","Private event planning","Cape Town","Medium","SIM-BIZ-083-CAT-002","SIM-083-002","Mountain Ceremony Lawn [SYNTHETIC]","Private event planning","Service","UNLIMITED","","5212.5","6567.75","/simulation/catalogue/venues.png","true","GENERATED_FOR_EVENTOS_SIMULATION","Simulator-only fixture; not available for real purchase"
"SIM-BIZ-083","Private Events Test Planner 03 [SYNTHETIC]","Planner","Private event planning","Cape Town","Medium","SIM-BIZ-083-CAT-003","SIM-083-003","Celebrations Package [SYNTHETIC]","Private event planning","Service","UNLIMITED","","5690","7397","/simulation/catalogue/planner.webp","true","GENERATED_FOR_EVENTOS_SIMULATION","Simulator-only fixture; not available for real purchase"
"SIM-BIZ-083","Private Events Test Planner 03 [SYNTHETIC]","Planner","Private event planning","Cape Town","Medium","SIM-BIZ-083-CAT-004","SIM-083-004","Intimate Glass Garden Venue [SYNTHETIC]","Private event planning","Service","UNLIMITED","","6167.5","8264.45","/simulation/catalogue/venues.png","true","GENERATED_FOR_EVENTOS_SIMULATION","Simulator-only fixture; not available for real purchase"
"SIM-BIZ-084","Private Events Test Planner 04 [SYNTHETIC]","Planner","Private event planning","Johannesburg","Large","SIM-BIZ-084-CAT-001","SIM-084-001","Birthdays Package [SYNTHETIC]","Private event planning","Service","UNLIMITED","","7868","9598.96","/simulation/catalogue/planner.webp","true","GENERATED_FOR_EVENTOS_SIMULATION","Simulator-only fixture; not available for real purchase"
"SIM-BIZ-084","Private Events Test Planner 04 [SYNTHETIC]","Planner","Private event planning","Johannesburg","Large","SIM-BIZ-084-CAT-002","SIM-084-002","Mountain Ceremony Lawn [SYNTHETIC]","Private event planning","Service","UNLIMITED","","8632","10876.32","/simulation/catalogue/venues.png","true","GENERATED_FOR_EVENTOS_SIMULATION","Simulator-only fixture; not available for real purchase"
"SIM-BIZ-084","Private Events Test Planner 04 [SYNTHETIC]","Planner","Private event planning","Johannesburg","Large","SIM-BIZ-084-CAT-003","SIM-084-003","Celebrations Package [SYNTHETIC]","Private event planning","Service","UNLIMITED","","9396","12214.8","/simulation/catalogue/planner.webp","true","GENERATED_FOR_EVENTOS_SIMULATION","Simulator-only fixture; not available for real purchase"
"SIM-BIZ-084","Private Events Test Planner 04 [SYNTHETIC]","Planner","Private event planning","Johannesburg","Large","SIM-BIZ-084-CAT-004","SIM-084-004","Intimate Glass Garden Venue [SYNTHETIC]","Private event planning","Service","UNLIMITED","","10160","13614.4","/simulation/catalogue/venues.png","true","GENERATED_FOR_EVENTOS_SIMULATION","Simulator-only fixture; not available for real purchase"
"SIM-BIZ-085","Private Events Test Planner 05 [SYNTHETIC]","Planner","Private event planning","Pretoria","Micro","SIM-BIZ-085-CAT-001","SIM-085-001","Birthdays Package [SYNTHETIC]","Private event planning","Service","UNLIMITED","","2040","2488.8","/simulation/catalogue/planner.webp","true","GENERATED_FOR_EVENTOS_SIMULATION","Simulator-only fixture; not available for real purchase"
"SIM-BIZ-085","Private Events Test Planner 05 [SYNTHETIC]","Planner","Private event planning","Pretoria","Micro","SIM-BIZ-085-CAT-002","SIM-085-002","Mountain Ceremony Lawn [SYNTHETIC]","Private event planning","Service","UNLIMITED","","2231","2811.06","/simulation/catalogue/venues.png","true","GENERATED_FOR_EVENTOS_SIMULATION","Simulator-only fixture; not available for real purchase"
"SIM-BIZ-085","Private Events Test Planner 05 [SYNTHETIC]","Planner","Private event planning","Pretoria","Micro","SIM-BIZ-085-CAT-003","SIM-085-003","Celebrations Package [SYNTHETIC]","Private event planning","Service","UNLIMITED","","2422","3148.6","/simulation/catalogue/planner.webp","true","GENERATED_FOR_EVENTOS_SIMULATION","Simulator-only fixture; not available for real purchase"
"SIM-BIZ-085","Private Events Test Planner 05 [SYNTHETIC]","Planner","Private event planning","Pretoria","Micro","SIM-BIZ-085-CAT-004","SIM-085-004","Intimate Glass Garden Venue [SYNTHETIC]","Private event planning","Service","UNLIMITED","","2613","3501.42","/simulation/catalogue/venues.png","true","GENERATED_FOR_EVENTOS_SIMULATION","Simulator-only fixture; not available for real purchase"
"SIM-BIZ-086","Private Events Test Planner 06 [SYNTHETIC]","Planner","Private event planning","Durban","Small","SIM-BIZ-086-CAT-001","SIM-086-001","Birthdays Package [SYNTHETIC]","Private event planning","Service","UNLIMITED","","3169.5","3866.79","/simulation/catalogue/planner.webp","true","GENERATED_FOR_EVENTOS_SIMULATION","Simulator-only fixture; not available for real purchase"
"SIM-BIZ-086","Private Events Test Planner 06 [SYNTHETIC]","Planner","Private event planning","Durban","Small","SIM-BIZ-086-CAT-002","SIM-086-002","Mountain Ceremony Lawn [SYNTHETIC]","Private event planning","Service","UNLIMITED","","3456","4354.56","/simulation/catalogue/venues.png","true","GENERATED_FOR_EVENTOS_SIMULATION","Simulator-only fixture; not available for real purchase"
"SIM-BIZ-086","Private Events Test Planner 06 [SYNTHETIC]","Planner","Private event planning","Durban","Small","SIM-BIZ-086-CAT-003","SIM-086-003","Celebrations Package [SYNTHETIC]","Private event planning","Service","UNLIMITED","","3742.5","4865.25","/simulation/catalogue/planner.webp","true","GENERATED_FOR_EVENTOS_SIMULATION","Simulator-only fixture; not available for real purchase"
"SIM-BIZ-086","Private Events Test Planner 06 [SYNTHETIC]","Planner","Private event planning","Durban","Small","SIM-BIZ-086-CAT-004","SIM-086-004","Intimate Glass Garden Venue [SYNTHETIC]","Private event planning","Service","UNLIMITED","","4029","5398.86","/simulation/catalogue/venues.png","true","GENERATED_FOR_EVENTOS_SIMULATION","Simulator-only fixture; not available for real purchase"
"SIM-BIZ-087","Private Events Test Planner 07 [SYNTHETIC]","Planner","Private event planning","Gqeberha","Medium","SIM-BIZ-087-CAT-001","SIM-087-001","Birthdays Package [SYNTHETIC]","Private event planning","Service","UNLIMITED","","5465","6667.3","/simulation/catalogue/planner.webp","true","GENERATED_FOR_EVENTOS_SIMULATION","Simulator-only fixture; not available for real purchase"
"SIM-BIZ-087","Private Events Test Planner 07 [SYNTHETIC]","Planner","Private event planning","Gqeberha","Medium","SIM-BIZ-087-CAT-002","SIM-087-002","Mountain Ceremony Lawn [SYNTHETIC]","Private event planning","Service","UNLIMITED","","5942.5","7487.55","/simulation/catalogue/venues.png","true","GENERATED_FOR_EVENTOS_SIMULATION","Simulator-only fixture; not available for real purchase"
"SIM-BIZ-087","Private Events Test Planner 07 [SYNTHETIC]","Planner","Private event planning","Gqeberha","Medium","SIM-BIZ-087-CAT-003","SIM-087-003","Celebrations Package [SYNTHETIC]","Private event planning","Service","UNLIMITED","","6420","8346","/simulation/catalogue/planner.webp","true","GENERATED_FOR_EVENTOS_SIMULATION","Simulator-only fixture; not available for real purchase"
"SIM-BIZ-087","Private Events Test Planner 07 [SYNTHETIC]","Planner","Private event planning","Gqeberha","Medium","SIM-BIZ-087-CAT-004","SIM-087-004","Intimate Glass Garden Venue [SYNTHETIC]","Private event planning","Service","UNLIMITED","","6897.5","9242.65","/simulation/catalogue/venues.png","true","GENERATED_FOR_EVENTOS_SIMULATION","Simulator-only fixture; not available for real purchase"
"SIM-BIZ-088","Private Events Test Planner 08 [SYNTHETIC]","Planner","Private event planning","Cape Town","Large","SIM-BIZ-088-CAT-001","SIM-088-001","Birthdays Package [SYNTHETIC]","Private event planning","Service","UNLIMITED","","9036","11023.92","/simulation/catalogue/planner.webp","true","GENERATED_FOR_EVENTOS_SIMULATION","Simulator-only fixture; not available for real purchase"
"SIM-BIZ-088","Private Events Test Planner 08 [SYNTHETIC]","Planner","Private event planning","Cape Town","Large","SIM-BIZ-088-CAT-002","SIM-088-002","Mountain Ceremony Lawn [SYNTHETIC]","Private event planning","Service","UNLIMITED","","9800","12348","/simulation/catalogue/venues.png","true","GENERATED_FOR_EVENTOS_SIMULATION","Simulator-only fixture; not available for real purchase"
"SIM-BIZ-088","Private Events Test Planner 08 [SYNTHETIC]","Planner","Private event planning","Cape Town","Large","SIM-BIZ-088-CAT-003","SIM-088-003","Celebrations Package [SYNTHETIC]","Private event planning","Service","UNLIMITED","","10564","13733.2","/simulation/catalogue/planner.webp","true","GENERATED_FOR_EVENTOS_SIMULATION","Simulator-only fixture; not available for real purchase"
"SIM-BIZ-088","Private Events Test Planner 08 [SYNTHETIC]","Planner","Private event planning","Cape Town","Large","SIM-BIZ-088-CAT-004","SIM-088-004","Intimate Glass Garden Venue [SYNTHETIC]","Private event planning","Service","UNLIMITED","","11328","15179.52","/simulation/catalogue/venues.png","true","GENERATED_FOR_EVENTOS_SIMULATION","Simulator-only fixture; not available for real purchase"
"SIM-BIZ-089","Private Events Test Planner 09 [SYNTHETIC]","Planner","Private event planning","Johannesburg","Micro","SIM-BIZ-089-CAT-001","SIM-089-001","Birthdays Package [SYNTHETIC]","Private event planning","Service","UNLIMITED","","2332","2845.04","/simulation/catalogue/planner.webp","true","GENERATED_FOR_EVENTOS_SIMULATION","Simulator-only fixture; not available for real purchase"
"SIM-BIZ-089","Private Events Test Planner 09 [SYNTHETIC]","Planner","Private event planning","Johannesburg","Micro","SIM-BIZ-089-CAT-002","SIM-089-002","Mountain Ceremony Lawn [SYNTHETIC]","Private event planning","Service","UNLIMITED","","2523","3178.98","/simulation/catalogue/venues.png","true","GENERATED_FOR_EVENTOS_SIMULATION","Simulator-only fixture; not available for real purchase"
"SIM-BIZ-089","Private Events Test Planner 09 [SYNTHETIC]","Planner","Private event planning","Johannesburg","Micro","SIM-BIZ-089-CAT-003","SIM-089-003","Celebrations Package [SYNTHETIC]","Private event planning","Service","UNLIMITED","","2714","3528.2","/simulation/catalogue/planner.webp","true","GENERATED_FOR_EVENTOS_SIMULATION","Simulator-only fixture; not available for real purchase"
"SIM-BIZ-089","Private Events Test Planner 09 [SYNTHETIC]","Planner","Private event planning","Johannesburg","Micro","SIM-BIZ-089-CAT-004","SIM-089-004","Intimate Glass Garden Venue [SYNTHETIC]","Private event planning","Service","UNLIMITED","","2905","3892.7","/simulation/catalogue/venues.png","true","GENERATED_FOR_EVENTOS_SIMULATION","Simulator-only fixture; not available for real purchase"
"SIM-BIZ-090","Private Events Test Planner 10 [SYNTHETIC]","Planner","Private event planning","Pretoria","Small","SIM-BIZ-090-CAT-001","SIM-090-001","Birthdays Package [SYNTHETIC]","Private event planning","Service","UNLIMITED","","3607.5","4401.15","/simulation/catalogue/planner.webp","true","GENERATED_FOR_EVENTOS_SIMULATION","Simulator-only fixture; not available for real purchase"
"SIM-BIZ-090","Private Events Test Planner 10 [SYNTHETIC]","Planner","Private event planning","Pretoria","Small","SIM-BIZ-090-CAT-002","SIM-090-002","Mountain Ceremony Lawn [SYNTHETIC]","Private event planning","Service","UNLIMITED","","3894","4906.44","/simulation/catalogue/venues.png","true","GENERATED_FOR_EVENTOS_SIMULATION","Simulator-only fixture; not available for real purchase"
"SIM-BIZ-090","Private Events Test Planner 10 [SYNTHETIC]","Planner","Private event planning","Pretoria","Small","SIM-BIZ-090-CAT-003","SIM-090-003","Celebrations Package [SYNTHETIC]","Private event planning","Service","UNLIMITED","","4180.5","5434.65","/simulation/catalogue/planner.webp","true","GENERATED_FOR_EVENTOS_SIMULATION","Simulator-only fixture; not available for real purchase"
"SIM-BIZ-090","Private Events Test Planner 10 [SYNTHETIC]","Planner","Private event planning","Pretoria","Small","SIM-BIZ-090-CAT-004","SIM-090-004","Intimate Glass Garden Venue [SYNTHETIC]","Private event planning","Service","UNLIMITED","","4467","5985.78","/simulation/catalogue/venues.png","true","GENERATED_FOR_EVENTOS_SIMULATION","Simulator-only fixture; not available for real purchase"
"SIM-BIZ-091","Corporate Events Test Planner 01 [SYNTHETIC]","Planner","Corporate event planning","Gqeberha","Micro","SIM-BIZ-091-CAT-001","SIM-091-001","Grand Ballroom Conference Venue [SYNTHETIC]","Corporate event planning","Service","UNLIMITED","","2478","3023.16","/simulation/catalogue/venues.png","true","GENERATED_FOR_EVENTOS_SIMULATION","Simulator-only fixture; not available for real purchase"
"SIM-BIZ-091","Corporate Events Test Planner 01 [SYNTHETIC]","Planner","Corporate event planning","Gqeberha","Micro","SIM-BIZ-091-CAT-002","SIM-091-002","Launches Package [SYNTHETIC]","Corporate event planning","Service","UNLIMITED","","2669","3362.94","/simulation/catalogue/planner.webp","true","GENERATED_FOR_EVENTOS_SIMULATION","Simulator-only fixture; not available for real purchase"
"SIM-BIZ-091","Corporate Events Test Planner 01 [SYNTHETIC]","Planner","Corporate event planning","Gqeberha","Micro","SIM-BIZ-091-CAT-003","SIM-091-003","Grand Ballroom Gala Venue [SYNTHETIC]","Corporate event planning","Service","UNLIMITED","","2860","3718","/simulation/catalogue/venues.png","true","GENERATED_FOR_EVENTOS_SIMULATION","Simulator-only fixture; not available for real purchase"
"SIM-BIZ-091","Corporate Events Test Planner 01 [SYNTHETIC]","Planner","Corporate event planning","Gqeberha","Micro","SIM-BIZ-091-CAT-004","SIM-091-004","Roadshows Package [SYNTHETIC]","Corporate event planning","Service","UNLIMITED","","3051","4088.34","/simulation/catalogue/planner.webp","true","GENERATED_FOR_EVENTOS_SIMULATION","Simulator-only fixture; not available for real purchase"
"SIM-BIZ-092","Corporate Events Test Planner 02 [SYNTHETIC]","Planner","Corporate event planning","Cape Town","Small","SIM-BIZ-092-CAT-001","SIM-092-001","Grand Ballroom Conference Venue [SYNTHETIC]","Corporate event planning","Service","UNLIMITED","","3826.5","4668.33","/simulation/catalogue/venues.png","true","GENERATED_FOR_EVENTOS_SIMULATION","Simulator-only fixture; not available for real purchase"
"SIM-BIZ-092","Corporate Events Test Planner 02 [SYNTHETIC]","Planner","Corporate event planning","Cape Town","Small","SIM-BIZ-092-CAT-002","SIM-092-002","Launches Package [SYNTHETIC]","Corporate event planning","Service","UNLIMITED","","4113","5182.38","/simulation/catalogue/planner.webp","true","GENERATED_FOR_EVENTOS_SIMULATION","Simulator-only fixture; not available for real purchase"
"SIM-BIZ-092","Corporate Events Test Planner 02 [SYNTHETIC]","Planner","Corporate event planning","Cape Town","Small","SIM-BIZ-092-CAT-003","SIM-092-003","Grand Ballroom Gala Venue [SYNTHETIC]","Corporate event planning","Service","UNLIMITED","","4399.5","5719.35","/simulation/catalogue/venues.png","true","GENERATED_FOR_EVENTOS_SIMULATION","Simulator-only fixture; not available for real purchase"
"SIM-BIZ-092","Corporate Events Test Planner 02 [SYNTHETIC]","Planner","Corporate event planning","Cape Town","Small","SIM-BIZ-092-CAT-004","SIM-092-004","Roadshows Package [SYNTHETIC]","Corporate event planning","Service","UNLIMITED","","4686","6279.24","/simulation/catalogue/planner.webp","true","GENERATED_FOR_EVENTOS_SIMULATION","Simulator-only fixture; not available for real purchase"
"SIM-BIZ-093","Corporate Events Test Planner 03 [SYNTHETIC]","Planner","Corporate event planning","Johannesburg","Medium","SIM-BIZ-093-CAT-001","SIM-093-001","Grand Ballroom Conference Venue [SYNTHETIC]","Corporate event planning","Service","UNLIMITED","","6560","8003.2","/simulation/catalogue/venues.png","true","GENERATED_FOR_EVENTOS_SIMULATION","Simulator-only fixture; not available for real purchase"
"SIM-BIZ-093","Corporate Events Test Planner 03 [SYNTHETIC]","Planner","Corporate event planning","Johannesburg","Medium","SIM-BIZ-093-CAT-002","SIM-093-002","Launches Package [SYNTHETIC]","Corporate event planning","Service","UNLIMITED","","7037.5","8867.25","/simulation/catalogue/planner.webp","true","GENERATED_FOR_EVENTOS_SIMULATION","Simulator-only fixture; not available for real purchase"
"SIM-BIZ-093","Corporate Events Test Planner 03 [SYNTHETIC]","Planner","Corporate event planning","Johannesburg","Medium","SIM-BIZ-093-CAT-003","SIM-093-003","Grand Ballroom Gala Venue [SYNTHETIC]","Corporate event planning","Service","UNLIMITED","","7515","9769.5","/simulation/catalogue/venues.png","true","GENERATED_FOR_EVENTOS_SIMULATION","Simulator-only fixture; not available for real purchase"
"SIM-BIZ-093","Corporate Events Test Planner 03 [SYNTHETIC]","Planner","Corporate event planning","Johannesburg","Medium","SIM-BIZ-093-CAT-004","SIM-093-004","Roadshows Package [SYNTHETIC]","Corporate event planning","Service","UNLIMITED","","7992.5","10709.95","/simulation/catalogue/planner.webp","true","GENERATED_FOR_EVENTOS_SIMULATION","Simulator-only fixture; not available for real purchase"
"SIM-BIZ-094","Corporate Events Test Planner 04 [SYNTHETIC]","Planner","Corporate event planning","Pretoria","Large","SIM-BIZ-094-CAT-001","SIM-094-001","Grand Ballroom Conference Venue [SYNTHETIC]","Corporate event planning","Service","UNLIMITED","","10788","13161.36","/simulation/catalogue/venues.png","true","GENERATED_FOR_EVENTOS_SIMULATION","Simulator-only fixture; not available for real purchase"
"SIM-BIZ-094","Corporate Events Test Planner 04 [SYNTHETIC]","Planner","Corporate event planning","Pretoria","Large","SIM-BIZ-094-CAT-002","SIM-094-002","Launches Package [SYNTHETIC]","Corporate event planning","Service","UNLIMITED","","11552","14555.52","/simulation/catalogue/planner.webp","true","GENERATED_FOR_EVENTOS_SIMULATION","Simulator-only fixture; not available for real purchase"
"SIM-BIZ-094","Corporate Events Test Planner 04 [SYNTHETIC]","Planner","Corporate event planning","Pretoria","Large","SIM-BIZ-094-CAT-003","SIM-094-003","Grand Ballroom Gala Venue [SYNTHETIC]","Corporate event planning","Service","UNLIMITED","","12316","16010.8","/simulation/catalogue/venues.png","true","GENERATED_FOR_EVENTOS_SIMULATION","Simulator-only fixture; not available for real purchase"
"SIM-BIZ-094","Corporate Events Test Planner 04 [SYNTHETIC]","Planner","Corporate event planning","Pretoria","Large","SIM-BIZ-094-CAT-004","SIM-094-004","Roadshows Package [SYNTHETIC]","Corporate event planning","Service","UNLIMITED","","13080","17527.2","/simulation/catalogue/planner.webp","true","GENERATED_FOR_EVENTOS_SIMULATION","Simulator-only fixture; not available for real purchase"
"SIM-BIZ-095","Corporate Events Test Planner 05 [SYNTHETIC]","Planner","Corporate event planning","Durban","Micro","SIM-BIZ-095-CAT-001","SIM-095-001","Grand Ballroom Conference Venue [SYNTHETIC]","Corporate event planning","Service","UNLIMITED","","2770","3379.4","/simulation/catalogue/venues.png","true","GENERATED_FOR_EVENTOS_SIMULATION","Simulator-only fixture; not available for real purchase"
"SIM-BIZ-095","Corporate Events Test Planner 05 [SYNTHETIC]","Planner","Corporate event planning","Durban","Micro","SIM-BIZ-095-CAT-002","SIM-095-002","Launches Package [SYNTHETIC]","Corporate event planning","Service","UNLIMITED","","2961","3730.86","/simulation/catalogue/planner.webp","true","GENERATED_FOR_EVENTOS_SIMULATION","Simulator-only fixture; not available for real purchase"
"SIM-BIZ-095","Corporate Events Test Planner 05 [SYNTHETIC]","Planner","Corporate event planning","Durban","Micro","SIM-BIZ-095-CAT-003","SIM-095-003","Grand Ballroom Gala Venue [SYNTHETIC]","Corporate event planning","Service","UNLIMITED","","3152","4097.6","/simulation/catalogue/venues.png","true","GENERATED_FOR_EVENTOS_SIMULATION","Simulator-only fixture; not available for real purchase"
"SIM-BIZ-095","Corporate Events Test Planner 05 [SYNTHETIC]","Planner","Corporate event planning","Durban","Micro","SIM-BIZ-095-CAT-004","SIM-095-004","Roadshows Package [SYNTHETIC]","Corporate event planning","Service","UNLIMITED","","3343","4479.62","/simulation/catalogue/planner.webp","true","GENERATED_FOR_EVENTOS_SIMULATION","Simulator-only fixture; not available for real purchase"
"SIM-BIZ-096","Corporate Events Test Planner 06 [SYNTHETIC]","Planner","Corporate event planning","Gqeberha","Small","SIM-BIZ-096-CAT-001","SIM-096-001","Grand Ballroom Conference Venue [SYNTHETIC]","Corporate event planning","Service","UNLIMITED","","4264.5","5202.69","/simulation/catalogue/venues.png","true","GENERATED_FOR_EVENTOS_SIMULATION","Simulator-only fixture; not available for real purchase"
"SIM-BIZ-096","Corporate Events Test Planner 06 [SYNTHETIC]","Planner","Corporate event planning","Gqeberha","Small","SIM-BIZ-096-CAT-002","SIM-096-002","Launches Package [SYNTHETIC]","Corporate event planning","Service","UNLIMITED","","4551","5734.26","/simulation/catalogue/planner.webp","true","GENERATED_FOR_EVENTOS_SIMULATION","Simulator-only fixture; not available for real purchase"
"SIM-BIZ-096","Corporate Events Test Planner 06 [SYNTHETIC]","Planner","Corporate event planning","Gqeberha","Small","SIM-BIZ-096-CAT-003","SIM-096-003","Grand Ballroom Gala Venue [SYNTHETIC]","Corporate event planning","Service","UNLIMITED","","4837.5","6288.75","/simulation/catalogue/venues.png","true","GENERATED_FOR_EVENTOS_SIMULATION","Simulator-only fixture; not available for real purchase"
"SIM-BIZ-096","Corporate Events Test Planner 06 [SYNTHETIC]","Planner","Corporate event planning","Gqeberha","Small","SIM-BIZ-096-CAT-004","SIM-096-004","Roadshows Package [SYNTHETIC]","Corporate event planning","Service","UNLIMITED","","5124","6866.16","/simulation/catalogue/planner.webp","true","GENERATED_FOR_EVENTOS_SIMULATION","Simulator-only fixture; not available for real purchase"
"SIM-BIZ-097","Corporate Events Test Planner 07 [SYNTHETIC]","Planner","Corporate event planning","Cape Town","Medium","SIM-BIZ-097-CAT-001","SIM-097-001","Grand Ballroom Conference Venue [SYNTHETIC]","Corporate event planning","Service","UNLIMITED","","7290","8893.8","/simulation/catalogue/venues.png","true","GENERATED_FOR_EVENTOS_SIMULATION","Simulator-only fixture; not available for real purchase"
"SIM-BIZ-097","Corporate Events Test Planner 07 [SYNTHETIC]","Planner","Corporate event planning","Cape Town","Medium","SIM-BIZ-097-CAT-002","SIM-097-002","Launches Package [SYNTHETIC]","Corporate event planning","Service","UNLIMITED","","7767.5","9787.05","/simulation/catalogue/planner.webp","true","GENERATED_FOR_EVENTOS_SIMULATION","Simulator-only fixture; not available for real purchase"
"SIM-BIZ-097","Corporate Events Test Planner 07 [SYNTHETIC]","Planner","Corporate event planning","Cape Town","Medium","SIM-BIZ-097-CAT-003","SIM-097-003","Grand Ballroom Gala Venue [SYNTHETIC]","Corporate event planning","Service","UNLIMITED","","8245","10718.5","/simulation/catalogue/venues.png","true","GENERATED_FOR_EVENTOS_SIMULATION","Simulator-only fixture; not available for real purchase"
"SIM-BIZ-097","Corporate Events Test Planner 07 [SYNTHETIC]","Planner","Corporate event planning","Cape Town","Medium","SIM-BIZ-097-CAT-004","SIM-097-004","Roadshows Package [SYNTHETIC]","Corporate event planning","Service","UNLIMITED","","8722.5","11688.15","/simulation/catalogue/planner.webp","true","GENERATED_FOR_EVENTOS_SIMULATION","Simulator-only fixture; not available for real purchase"
"SIM-BIZ-098","Corporate Events Test Planner 08 [SYNTHETIC]","Planner","Corporate event planning","Johannesburg","Large","SIM-BIZ-098-CAT-001","SIM-098-001","Grand Ballroom Conference Venue [SYNTHETIC]","Corporate event planning","Service","UNLIMITED","","11956","14586.32","/simulation/catalogue/venues.png","true","GENERATED_FOR_EVENTOS_SIMULATION","Simulator-only fixture; not available for real purchase"
"SIM-BIZ-098","Corporate Events Test Planner 08 [SYNTHETIC]","Planner","Corporate event planning","Johannesburg","Large","SIM-BIZ-098-CAT-002","SIM-098-002","Launches Package [SYNTHETIC]","Corporate event planning","Service","UNLIMITED","","12720","16027.2","/simulation/catalogue/planner.webp","true","GENERATED_FOR_EVENTOS_SIMULATION","Simulator-only fixture; not available for real purchase"
"SIM-BIZ-098","Corporate Events Test Planner 08 [SYNTHETIC]","Planner","Corporate event planning","Johannesburg","Large","SIM-BIZ-098-CAT-003","SIM-098-003","Grand Ballroom Gala Venue [SYNTHETIC]","Corporate event planning","Service","UNLIMITED","","13484","17529.2","/simulation/catalogue/venues.png","true","GENERATED_FOR_EVENTOS_SIMULATION","Simulator-only fixture; not available for real purchase"
"SIM-BIZ-098","Corporate Events Test Planner 08 [SYNTHETIC]","Planner","Corporate event planning","Johannesburg","Large","SIM-BIZ-098-CAT-004","SIM-098-004","Roadshows Package [SYNTHETIC]","Corporate event planning","Service","UNLIMITED","","14248","19092.32","/simulation/catalogue/planner.webp","true","GENERATED_FOR_EVENTOS_SIMULATION","Simulator-only fixture; not available for real purchase"
"SIM-BIZ-099","Corporate Events Test Planner 09 [SYNTHETIC]","Planner","Corporate event planning","Pretoria","Micro","SIM-BIZ-099-CAT-001","SIM-099-001","Grand Ballroom Conference Venue [SYNTHETIC]","Corporate event planning","Service","UNLIMITED","","3062","3735.64","/simulation/catalogue/venues.png","true","GENERATED_FOR_EVENTOS_SIMULATION","Simulator-only fixture; not available for real purchase"
"SIM-BIZ-099","Corporate Events Test Planner 09 [SYNTHETIC]","Planner","Corporate event planning","Pretoria","Micro","SIM-BIZ-099-CAT-002","SIM-099-002","Launches Package [SYNTHETIC]","Corporate event planning","Service","UNLIMITED","","3253","4098.78","/simulation/catalogue/planner.webp","true","GENERATED_FOR_EVENTOS_SIMULATION","Simulator-only fixture; not available for real purchase"
"SIM-BIZ-099","Corporate Events Test Planner 09 [SYNTHETIC]","Planner","Corporate event planning","Pretoria","Micro","SIM-BIZ-099-CAT-003","SIM-099-003","Grand Ballroom Gala Venue [SYNTHETIC]","Corporate event planning","Service","UNLIMITED","","3444","4477.2","/simulation/catalogue/venues.png","true","GENERATED_FOR_EVENTOS_SIMULATION","Simulator-only fixture; not available for real purchase"
"SIM-BIZ-099","Corporate Events Test Planner 09 [SYNTHETIC]","Planner","Corporate event planning","Pretoria","Micro","SIM-BIZ-099-CAT-004","SIM-099-004","Roadshows Package [SYNTHETIC]","Corporate event planning","Service","UNLIMITED","","3635","4870.9","/simulation/catalogue/planner.webp","true","GENERATED_FOR_EVENTOS_SIMULATION","Simulator-only fixture; not available for real purchase"
"SIM-BIZ-100","Corporate Events Test Planner 10 [SYNTHETIC]","Planner","Corporate event planning","Durban","Small","SIM-BIZ-100-CAT-001","SIM-100-001","Grand Ballroom Conference Venue [SYNTHETIC]","Corporate event planning","Service","UNLIMITED","","4702.5","5737.05","/simulation/catalogue/venues.png","true","GENERATED_FOR_EVENTOS_SIMULATION","Simulator-only fixture; not available for real purchase"
"SIM-BIZ-100","Corporate Events Test Planner 10 [SYNTHETIC]","Planner","Corporate event planning","Durban","Small","SIM-BIZ-100-CAT-002","SIM-100-002","Launches Package [SYNTHETIC]","Corporate event planning","Service","UNLIMITED","","4989","6286.14","/simulation/catalogue/planner.webp","true","GENERATED_FOR_EVENTOS_SIMULATION","Simulator-only fixture; not available for real purchase"
"SIM-BIZ-100","Corporate Events Test Planner 10 [SYNTHETIC]","Planner","Corporate event planning","Durban","Small","SIM-BIZ-100-CAT-003","SIM-100-003","Grand Ballroom Gala Venue [SYNTHETIC]","Corporate event planning","Service","UNLIMITED","","5275.5","6858.15","/simulation/catalogue/venues.png","true","GENERATED_FOR_EVENTOS_SIMULATION","Simulator-only fixture; not available for real purchase"
"SIM-BIZ-100","Corporate Events Test Planner 10 [SYNTHETIC]","Planner","Corporate event planning","Durban","Small","SIM-BIZ-100-CAT-004","SIM-100-004","Roadshows Package [SYNTHETIC]","Corporate event planning","Service","UNLIMITED","","5562","7453.08","/simulation/catalogue/planner.webp","true","GENERATED_FOR_EVENTOS_SIMULATION","Simulator-only fixture; not available for real purchase"
"SIM-BIZ-101","Intimate Test Venue 01 [SYNTHETIC]","Venue","Intimate venue","Cape Town","Micro","SIM-BIZ-101-CAT-001","SIM-101-001","Intimate Glass Garden Venue [SYNTHETIC]","Intimate venue","Day","CAPACITY","130","3208","3913.76","/simulation/catalogue/venues.png","true","GENERATED_FOR_EVENTOS_SIMULATION","Simulator-only fixture; not available for real purchase"
"SIM-BIZ-101","Intimate Test Venue 01 [SYNTHETIC]","Venue","Intimate venue","Cape Town","Micro","SIM-BIZ-101-CAT-002","SIM-101-002","Boutique Garden Wedding Venue [SYNTHETIC]","Intimate venue","Day","CAPACITY","130","3399","4282.74","/simulation/catalogue/venues.png","true","GENERATED_FOR_EVENTOS_SIMULATION","Simulator-only fixture; not available for real purchase"
"SIM-BIZ-101","Intimate Test Venue 01 [SYNTHETIC]","Venue","Intimate venue","Cape Town","Micro","SIM-BIZ-101-CAT-003","SIM-101-003","Boutique Workshop Venue [SYNTHETIC]","Intimate venue","Day","CAPACITY","130","3590","4667","/simulation/catalogue/venues.png","true","GENERATED_FOR_EVENTOS_SIMULATION","Simulator-only fixture; not available for real purchase"
"SIM-BIZ-102","Intimate Test Venue 02 [SYNTHETIC]","Venue","Intimate venue","Johannesburg","Small","SIM-BIZ-102-CAT-001","SIM-102-001","Intimate Glass Garden Venue [SYNTHETIC]","Intimate venue","Day","CAPACITY","175","4921.5","6004.23","/simulation/catalogue/venues.png","true","GENERATED_FOR_EVENTOS_SIMULATION","Simulator-only fixture; not available for real purchase"
"SIM-BIZ-102","Intimate Test Venue 02 [SYNTHETIC]","Venue","Intimate venue","Johannesburg","Small","SIM-BIZ-102-CAT-002","SIM-102-002","Boutique Garden Wedding Venue [SYNTHETIC]","Intimate venue","Day","CAPACITY","175","5208","6562.08","/simulation/catalogue/venues.png","true","GENERATED_FOR_EVENTOS_SIMULATION","Simulator-only fixture; not available for real purchase"
"SIM-BIZ-102","Intimate Test Venue 02 [SYNTHETIC]","Venue","Intimate venue","Johannesburg","Small","SIM-BIZ-102-CAT-003","SIM-102-003","Boutique Workshop Venue [SYNTHETIC]","Intimate venue","Day","CAPACITY","175","5494.5","7142.85","/simulation/catalogue/venues.png","true","GENERATED_FOR_EVENTOS_SIMULATION","Simulator-only fixture; not available for real purchase"
"SIM-BIZ-103","Intimate Test Venue 03 [SYNTHETIC]","Venue","Intimate venue","Pretoria","Medium","SIM-BIZ-103-CAT-001","SIM-103-001","Intimate Glass Garden Venue [SYNTHETIC]","Intimate venue","Day","CAPACITY","265","8385","10229.7","/simulation/catalogue/venues.png","true","GENERATED_FOR_EVENTOS_SIMULATION","Simulator-only fixture; not available for real purchase"
"SIM-BIZ-103","Intimate Test Venue 03 [SYNTHETIC]","Venue","Intimate venue","Pretoria","Medium","SIM-BIZ-103-CAT-002","SIM-103-002","Boutique Garden Wedding Venue [SYNTHETIC]","Intimate venue","Day","CAPACITY","265","8862.5","11166.75","/simulation/catalogue/venues.png","true","GENERATED_FOR_EVENTOS_SIMULATION","Simulator-only fixture; not available for real purchase"
"SIM-BIZ-103","Intimate Test Venue 03 [SYNTHETIC]","Venue","Intimate venue","Pretoria","Medium","SIM-BIZ-103-CAT-003","SIM-103-003","Boutique Workshop Venue [SYNTHETIC]","Intimate venue","Day","CAPACITY","265","9340","12142","/simulation/catalogue/venues.png","true","GENERATED_FOR_EVENTOS_SIMULATION","Simulator-only fixture; not available for real purchase"
"SIM-BIZ-104","Intimate Test Venue 04 [SYNTHETIC]","Venue","Intimate venue","Durban","Large","SIM-BIZ-104-CAT-001","SIM-104-001","Intimate Glass Garden Venue [SYNTHETIC]","Intimate venue","Day","CAPACITY","400","13708","16723.76","/simulation/catalogue/venues.png","true","GENERATED_FOR_EVENTOS_SIMULATION","Simulator-only fixture; not available for real purchase"
"SIM-BIZ-104","Intimate Test Venue 04 [SYNTHETIC]","Venue","Intimate venue","Durban","Large","SIM-BIZ-104-CAT-002","SIM-104-002","Boutique Garden Wedding Venue [SYNTHETIC]","Intimate venue","Day","CAPACITY","400","14472","18234.72","/simulation/catalogue/venues.png","true","GENERATED_FOR_EVENTOS_SIMULATION","Simulator-only fixture; not available for real purchase"
"SIM-BIZ-104","Intimate Test Venue 04 [SYNTHETIC]","Venue","Intimate venue","Durban","Large","SIM-BIZ-104-CAT-003","SIM-104-003","Boutique Workshop Venue [SYNTHETIC]","Intimate venue","Day","CAPACITY","400","15236","19806.8","/simulation/catalogue/venues.png","true","GENERATED_FOR_EVENTOS_SIMULATION","Simulator-only fixture; not available for real purchase"
"SIM-BIZ-105","Intimate Test Venue 05 [SYNTHETIC]","Venue","Intimate venue","Gqeberha","Micro","SIM-BIZ-105-CAT-001","SIM-105-001","Intimate Glass Garden Venue [SYNTHETIC]","Intimate venue","Day","CAPACITY","130","3500","4270","/simulation/catalogue/venues.png","true","GENERATED_FOR_EVENTOS_SIMULATION","Simulator-only fixture; not available for real purchase"
"SIM-BIZ-105","Intimate Test Venue 05 [SYNTHETIC]","Venue","Intimate venue","Gqeberha","Micro","SIM-BIZ-105-CAT-002","SIM-105-002","Boutique Garden Wedding Venue [SYNTHETIC]","Intimate venue","Day","CAPACITY","130","3691","4650.66","/simulation/catalogue/venues.png","true","GENERATED_FOR_EVENTOS_SIMULATION","Simulator-only fixture; not available for real purchase"
"SIM-BIZ-105","Intimate Test Venue 05 [SYNTHETIC]","Venue","Intimate venue","Gqeberha","Micro","SIM-BIZ-105-CAT-003","SIM-105-003","Boutique Workshop Venue [SYNTHETIC]","Intimate venue","Day","CAPACITY","130","3882","5046.6","/simulation/catalogue/venues.png","true","GENERATED_FOR_EVENTOS_SIMULATION","Simulator-only fixture; not available for real purchase"
"SIM-BIZ-106","Intimate Test Venue 06 [SYNTHETIC]","Venue","Intimate venue","Cape Town","Small","SIM-BIZ-106-CAT-001","SIM-106-001","Intimate Glass Garden Venue [SYNTHETIC]","Intimate venue","Day","CAPACITY","175","5359.5","6538.59","/simulation/catalogue/venues.png","true","GENERATED_FOR_EVENTOS_SIMULATION","Simulator-only fixture; not available for real purchase"
"SIM-BIZ-106","Intimate Test Venue 06 [SYNTHETIC]","Venue","Intimate venue","Cape Town","Small","SIM-BIZ-106-CAT-002","SIM-106-002","Boutique Garden Wedding Venue [SYNTHETIC]","Intimate venue","Day","CAPACITY","175","5646","7113.96","/simulation/catalogue/venues.png","true","GENERATED_FOR_EVENTOS_SIMULATION","Simulator-only fixture; not available for real purchase"
"SIM-BIZ-106","Intimate Test Venue 06 [SYNTHETIC]","Venue","Intimate venue","Cape Town","Small","SIM-BIZ-106-CAT-003","SIM-106-003","Boutique Workshop Venue [SYNTHETIC]","Intimate venue","Day","CAPACITY","175","5932.5","7712.25","/simulation/catalogue/venues.png","true","GENERATED_FOR_EVENTOS_SIMULATION","Simulator-only fixture; not available for real purchase"
"SIM-BIZ-107","Intimate Test Venue 07 [SYNTHETIC]","Venue","Intimate venue","Johannesburg","Medium","SIM-BIZ-107-CAT-001","SIM-107-001","Intimate Glass Garden Venue [SYNTHETIC]","Intimate venue","Day","CAPACITY","265","9115","11120.3","/simulation/catalogue/venues.png","true","GENERATED_FOR_EVENTOS_SIMULATION","Simulator-only fixture; not available for real purchase"
"SIM-BIZ-107","Intimate Test Venue 07 [SYNTHETIC]","Venue","Intimate venue","Johannesburg","Medium","SIM-BIZ-107-CAT-002","SIM-107-002","Boutique Garden Wedding Venue [SYNTHETIC]","Intimate venue","Day","CAPACITY","265","9592.5","12086.55","/simulation/catalogue/venues.png","true","GENERATED_FOR_EVENTOS_SIMULATION","Simulator-only fixture; not available for real purchase"
"SIM-BIZ-107","Intimate Test Venue 07 [SYNTHETIC]","Venue","Intimate venue","Johannesburg","Medium","SIM-BIZ-107-CAT-003","SIM-107-003","Boutique Workshop Venue [SYNTHETIC]","Intimate venue","Day","CAPACITY","265","10070","13091","/simulation/catalogue/venues.png","true","GENERATED_FOR_EVENTOS_SIMULATION","Simulator-only fixture; not available for real purchase"
"SIM-BIZ-108","Intimate Test Venue 08 [SYNTHETIC]","Venue","Intimate venue","Pretoria","Large","SIM-BIZ-108-CAT-001","SIM-108-001","Intimate Glass Garden Venue [SYNTHETIC]","Intimate venue","Day","CAPACITY","400","14876","18148.72","/simulation/catalogue/venues.png","true","GENERATED_FOR_EVENTOS_SIMULATION","Simulator-only fixture; not available for real purchase"
"SIM-BIZ-108","Intimate Test Venue 08 [SYNTHETIC]","Venue","Intimate venue","Pretoria","Large","SIM-BIZ-108-CAT-002","SIM-108-002","Boutique Garden Wedding Venue [SYNTHETIC]","Intimate venue","Day","CAPACITY","400","15640","19706.4","/simulation/catalogue/venues.png","true","GENERATED_FOR_EVENTOS_SIMULATION","Simulator-only fixture; not available for real purchase"
"SIM-BIZ-108","Intimate Test Venue 08 [SYNTHETIC]","Venue","Intimate venue","Pretoria","Large","SIM-BIZ-108-CAT-003","SIM-108-003","Boutique Workshop Venue [SYNTHETIC]","Intimate venue","Day","CAPACITY","400","16404","21325.2","/simulation/catalogue/venues.png","true","GENERATED_FOR_EVENTOS_SIMULATION","Simulator-only fixture; not available for real purchase"
"SIM-BIZ-109","Intimate Test Venue 09 [SYNTHETIC]","Venue","Intimate venue","Durban","Micro","SIM-BIZ-109-CAT-001","SIM-109-001","Intimate Glass Garden Venue [SYNTHETIC]","Intimate venue","Day","CAPACITY","130","3792","4626.24","/simulation/catalogue/venues.png","true","GENERATED_FOR_EVENTOS_SIMULATION","Simulator-only fixture; not available for real purchase"
"SIM-BIZ-109","Intimate Test Venue 09 [SYNTHETIC]","Venue","Intimate venue","Durban","Micro","SIM-BIZ-109-CAT-002","SIM-109-002","Boutique Garden Wedding Venue [SYNTHETIC]","Intimate venue","Day","CAPACITY","130","3983","5018.58","/simulation/catalogue/venues.png","true","GENERATED_FOR_EVENTOS_SIMULATION","Simulator-only fixture; not available for real purchase"
"SIM-BIZ-109","Intimate Test Venue 09 [SYNTHETIC]","Venue","Intimate venue","Durban","Micro","SIM-BIZ-109-CAT-003","SIM-109-003","Boutique Workshop Venue [SYNTHETIC]","Intimate venue","Day","CAPACITY","130","4174","5426.2","/simulation/catalogue/venues.png","true","GENERATED_FOR_EVENTOS_SIMULATION","Simulator-only fixture; not available for real purchase"
"SIM-BIZ-110","Intimate Test Venue 10 [SYNTHETIC]","Venue","Intimate venue","Gqeberha","Small","SIM-BIZ-110-CAT-001","SIM-110-001","Intimate Glass Garden Venue [SYNTHETIC]","Intimate venue","Day","CAPACITY","175","5797.5","7072.95","/simulation/catalogue/venues.png","true","GENERATED_FOR_EVENTOS_SIMULATION","Simulator-only fixture; not available for real purchase"
"SIM-BIZ-110","Intimate Test Venue 10 [SYNTHETIC]","Venue","Intimate venue","Gqeberha","Small","SIM-BIZ-110-CAT-002","SIM-110-002","Boutique Garden Wedding Venue [SYNTHETIC]","Intimate venue","Day","CAPACITY","175","6084","7665.84","/simulation/catalogue/venues.png","true","GENERATED_FOR_EVENTOS_SIMULATION","Simulator-only fixture; not available for real purchase"
"SIM-BIZ-110","Intimate Test Venue 10 [SYNTHETIC]","Venue","Intimate venue","Gqeberha","Small","SIM-BIZ-110-CAT-003","SIM-110-003","Boutique Workshop Venue [SYNTHETIC]","Intimate venue","Day","CAPACITY","175","70.5","91.65","/simulation/catalogue/venues.png","true","GENERATED_FOR_EVENTOS_SIMULATION","Simulator-only fixture; not available for real purchase"
"SIM-BIZ-111","Large Test Venue 01 [SYNTHETIC]","Venue","Large event venue","Johannesburg","Micro","SIM-BIZ-111-CAT-001","SIM-111-001","Grand Ballroom Conference Venue [SYNTHETIC]","Large event venue","Day","CAPACITY","130","3938","4804.36","/simulation/catalogue/venues.png","true","GENERATED_FOR_EVENTOS_SIMULATION","Simulator-only fixture; not available for real purchase"
"SIM-BIZ-111","Large Test Venue 01 [SYNTHETIC]","Venue","Large event venue","Johannesburg","Micro","SIM-BIZ-111-CAT-002","SIM-111-002","Large Exhibition Hall [SYNTHETIC]","Large event venue","Day","CAPACITY","130","4129","5202.54","/simulation/catalogue/venues.png","true","GENERATED_FOR_EVENTOS_SIMULATION","Simulator-only fixture; not available for real purchase"
"SIM-BIZ-111","Large Test Venue 01 [SYNTHETIC]","Venue","Large event venue","Johannesburg","Micro","SIM-BIZ-111-CAT-003","SIM-111-003","Indoor Concert Hall [SYNTHETIC]","Large event venue","Day","CAPACITY","130","120","156","/simulation/catalogue/venues.png","true","GENERATED_FOR_EVENTOS_SIMULATION","Simulator-only fixture; not available for real purchase"
"SIM-BIZ-111","Large Test Venue 01 [SYNTHETIC]","Venue","Large event venue","Johannesburg","Micro","SIM-BIZ-111-CAT-004","SIM-111-004","Grand Ballroom Gala Venue [SYNTHETIC]","Large event venue","Day","CAPACITY","130","311","416.74","/simulation/catalogue/venues.png","true","GENERATED_FOR_EVENTOS_SIMULATION","Simulator-only fixture; not available for real purchase"
"SIM-BIZ-112","Large Test Venue 02 [SYNTHETIC]","Venue","Large event venue","Pretoria","Small","SIM-BIZ-112-CAT-001","SIM-112-001","Grand Ballroom Conference Venue [SYNTHETIC]","Large event venue","Day","CAPACITY","175","6016.5","7340.13","/simulation/catalogue/venues.png","true","GENERATED_FOR_EVENTOS_SIMULATION","Simulator-only fixture; not available for real purchase"
"SIM-BIZ-112","Large Test Venue 02 [SYNTHETIC]","Venue","Large event venue","Pretoria","Small","SIM-BIZ-112-CAT-002","SIM-112-002","Large Exhibition Hall [SYNTHETIC]","Large event venue","Day","CAPACITY","175","6303","7941.78","/simulation/catalogue/venues.png","true","GENERATED_FOR_EVENTOS_SIMULATION","Simulator-only fixture; not available for real purchase"
"SIM-BIZ-112","Large Test Venue 02 [SYNTHETIC]","Venue","Large event venue","Pretoria","Small","SIM-BIZ-112-CAT-003","SIM-112-003","Indoor Concert Hall [SYNTHETIC]","Large event venue","Day","CAPACITY","175","289.5","376.35","/simulation/catalogue/venues.png","true","GENERATED_FOR_EVENTOS_SIMULATION","Simulator-only fixture; not available for real purchase"
"SIM-BIZ-112","Large Test Venue 02 [SYNTHETIC]","Venue","Large event venue","Pretoria","Small","SIM-BIZ-112-CAT-004","SIM-112-004","Grand Ballroom Gala Venue [SYNTHETIC]","Large event venue","Day","CAPACITY","175","576","771.84","/simulation/catalogue/venues.png","true","GENERATED_FOR_EVENTOS_SIMULATION","Simulator-only fixture; not available for real purchase"
"SIM-BIZ-113","Large Test Venue 03 [SYNTHETIC]","Venue","Large event venue","Durban","Medium","SIM-BIZ-113-CAT-001","SIM-113-001","Grand Ballroom Conference Venue [SYNTHETIC]","Large event venue","Day","CAPACITY","265","10210","12456.2","/simulation/catalogue/venues.png","true","GENERATED_FOR_EVENTOS_SIMULATION","Simulator-only fixture; not available for real purchase"
"SIM-BIZ-113","Large Test Venue 03 [SYNTHETIC]","Venue","Large event venue","Durban","Medium","SIM-BIZ-113-CAT-002","SIM-113-002","Large Exhibition Hall [SYNTHETIC]","Large event venue","Day","CAPACITY","265","187.5","236.25","/simulation/catalogue/venues.png","true","GENERATED_FOR_EVENTOS_SIMULATION","Simulator-only fixture; not available for real purchase"
"SIM-BIZ-113","Large Test Venue 03 [SYNTHETIC]","Venue","Large event venue","Durban","Medium","SIM-BIZ-113-CAT-003","SIM-113-003","Indoor Concert Hall [SYNTHETIC]","Large event venue","Day","CAPACITY","265","665","864.5","/simulation/catalogue/venues.png","true","GENERATED_FOR_EVENTOS_SIMULATION","Simulator-only fixture; not available for real purchase"
"SIM-BIZ-113","Large Test Venue 03 [SYNTHETIC]","Venue","Large event venue","Durban","Medium","SIM-BIZ-113-CAT-004","SIM-113-004","Grand Ballroom Gala Venue [SYNTHETIC]","Large event venue","Day","CAPACITY","265","1142.5","1530.95","/simulation/catalogue/venues.png","true","GENERATED_FOR_EVENTOS_SIMULATION","Simulator-only fixture; not available for real purchase"
"SIM-BIZ-114","Large Test Venue 04 [SYNTHETIC]","Venue","Large event venue","Gqeberha","Large","SIM-BIZ-114-CAT-001","SIM-114-001","Grand Ballroom Conference Venue [SYNTHETIC]","Large event venue","Day","CAPACITY","400","16628","20286.16","/simulation/catalogue/venues.png","true","GENERATED_FOR_EVENTOS_SIMULATION","Simulator-only fixture; not available for real purchase"
"SIM-BIZ-114","Large Test Venue 04 [SYNTHETIC]","Venue","Large event venue","Gqeberha","Large","SIM-BIZ-114-CAT-002","SIM-114-002","Large Exhibition Hall [SYNTHETIC]","Large event venue","Day","CAPACITY","400","592","745.92","/simulation/catalogue/venues.png","true","GENERATED_FOR_EVENTOS_SIMULATION","Simulator-only fixture; not available for real purchase"
"SIM-BIZ-114","Large Test Venue 04 [SYNTHETIC]","Venue","Large event venue","Gqeberha","Large","SIM-BIZ-114-CAT-003","SIM-114-003","Indoor Concert Hall [SYNTHETIC]","Large event venue","Day","CAPACITY","400","1356","1762.8","/simulation/catalogue/venues.png","true","GENERATED_FOR_EVENTOS_SIMULATION","Simulator-only fixture; not available for real purchase"
"SIM-BIZ-114","Large Test Venue 04 [SYNTHETIC]","Venue","Large event venue","Gqeberha","Large","SIM-BIZ-114-CAT-004","SIM-114-004","Grand Ballroom Gala Venue [SYNTHETIC]","Large event venue","Day","CAPACITY","400","2120","2840.8","/simulation/catalogue/venues.png","true","GENERATED_FOR_EVENTOS_SIMULATION","Simulator-only fixture; not available for real purchase"
"SIM-BIZ-115","Large Test Venue 05 [SYNTHETIC]","Venue","Large event venue","Cape Town","Micro","SIM-BIZ-115-CAT-001","SIM-115-001","Grand Ballroom Conference Venue [SYNTHETIC]","Large event venue","Day","CAPACITY","130","4230","5160.6","/simulation/catalogue/venues.png","true","GENERATED_FOR_EVENTOS_SIMULATION","Simulator-only fixture; not available for real purchase"
"SIM-BIZ-115","Large Test Venue 05 [SYNTHETIC]","Venue","Large event venue","Cape Town","Micro","SIM-BIZ-115-CAT-002","SIM-115-002","Large Exhibition Hall [SYNTHETIC]","Large event venue","Day","CAPACITY","130","221","278.46","/simulation/catalogue/venues.png","true","GENERATED_FOR_EVENTOS_SIMULATION","Simulator-only fixture; not available for real purchase"
"SIM-BIZ-115","Large Test Venue 05 [SYNTHETIC]","Venue","Large event venue","Cape Town","Micro","SIM-BIZ-115-CAT-003","SIM-115-003","Indoor Concert Hall [SYNTHETIC]","Large event venue","Day","CAPACITY","130","412","535.6","/simulation/catalogue/venues.png","true","GENERATED_FOR_EVENTOS_SIMULATION","Simulator-only fixture; not available for real purchase"
"SIM-BIZ-115","Large Test Venue 05 [SYNTHETIC]","Venue","Large event venue","Cape Town","Micro","SIM-BIZ-115-CAT-004","SIM-115-004","Grand Ballroom Gala Venue [SYNTHETIC]","Large event venue","Day","CAPACITY","130","603","808.02","/simulation/catalogue/venues.png","true","GENERATED_FOR_EVENTOS_SIMULATION","Simulator-only fixture; not available for real purchase"
"SIM-BIZ-116","Large Test Venue 06 [SYNTHETIC]","Venue","Large event venue","Johannesburg","Small","SIM-BIZ-116-CAT-001","SIM-116-001","Grand Ballroom Conference Venue [SYNTHETIC]","Large event venue","Day","CAPACITY","175","154.5","188.49","/simulation/catalogue/venues.png","true","GENERATED_FOR_EVENTOS_SIMULATION","Simulator-only fixture; not available for real purchase"
"SIM-BIZ-116","Large Test Venue 06 [SYNTHETIC]","Venue","Large event venue","Johannesburg","Small","SIM-BIZ-116-CAT-002","SIM-116-002","Large Exhibition Hall [SYNTHETIC]","Large event venue","Day","CAPACITY","175","441","555.66","/simulation/catalogue/venues.png","true","GENERATED_FOR_EVENTOS_SIMULATION","Simulator-only fixture; not available for real purchase"
"SIM-BIZ-116","Large Test Venue 06 [SYNTHETIC]","Venue","Large event venue","Johannesburg","Small","SIM-BIZ-116-CAT-003","SIM-116-003","Indoor Concert Hall [SYNTHETIC]","Large event venue","Day","CAPACITY","175","727.5","945.75","/simulation/catalogue/venues.png","true","GENERATED_FOR_EVENTOS_SIMULATION","Simulator-only fixture; not available for real purchase"
"SIM-BIZ-116","Large Test Venue 06 [SYNTHETIC]","Venue","Large event venue","Johannesburg","Small","SIM-BIZ-116-CAT-004","SIM-116-004","Grand Ballroom Gala Venue [SYNTHETIC]","Large event venue","Day","CAPACITY","175","1014","1358.76","/simulation/catalogue/venues.png","true","GENERATED_FOR_EVENTOS_SIMULATION","Simulator-only fixture; not available for real purchase"
"SIM-BIZ-117","Large Test Venue 07 [SYNTHETIC]","Venue","Large event venue","Pretoria","Medium","SIM-BIZ-117-CAT-001","SIM-117-001","Grand Ballroom Conference Venue [SYNTHETIC]","Large event venue","Day","CAPACITY","265","440","536.8","/simulation/catalogue/venues.png","true","GENERATED_FOR_EVENTOS_SIMULATION","Simulator-only fixture; not available for real purchase"
"SIM-BIZ-117","Large Test Venue 07 [SYNTHETIC]","Venue","Large event venue","Pretoria","Medium","SIM-BIZ-117-CAT-002","SIM-117-002","Large Exhibition Hall [SYNTHETIC]","Large event venue","Day","CAPACITY","265","917.5","1156.05","/simulation/catalogue/venues.png","true","GENERATED_FOR_EVENTOS_SIMULATION","Simulator-only fixture; not available for real purchase"
"SIM-BIZ-117","Large Test Venue 07 [SYNTHETIC]","Venue","Large event venue","Pretoria","Medium","SIM-BIZ-117-CAT-003","SIM-117-003","Indoor Concert Hall [SYNTHETIC]","Large event venue","Day","CAPACITY","265","1395","1813.5","/simulation/catalogue/venues.png","true","GENERATED_FOR_EVENTOS_SIMULATION","Simulator-only fixture; not available for real purchase"
"SIM-BIZ-117","Large Test Venue 07 [SYNTHETIC]","Venue","Large event venue","Pretoria","Medium","SIM-BIZ-117-CAT-004","SIM-117-004","Grand Ballroom Gala Venue [SYNTHETIC]","Large event venue","Day","CAPACITY","265","1872.5","2509.15","/simulation/catalogue/venues.png","true","GENERATED_FOR_EVENTOS_SIMULATION","Simulator-only fixture; not available for real purchase"
"SIM-BIZ-118","Large Test Venue 08 [SYNTHETIC]","Venue","Large event venue","Durban","Large","SIM-BIZ-118-CAT-001","SIM-118-001","Grand Ballroom Conference Venue [SYNTHETIC]","Large event venue","Day","CAPACITY","400","996","1215.12","/simulation/catalogue/venues.png","true","GENERATED_FOR_EVENTOS_SIMULATION","Simulator-only fixture; not available for real purchase"
"SIM-BIZ-118","Large Test Venue 08 [SYNTHETIC]","Venue","Large event venue","Durban","Large","SIM-BIZ-118-CAT-002","SIM-118-002","Large Exhibition Hall [SYNTHETIC]","Large event venue","Day","CAPACITY","400","1760","2217.6","/simulation/catalogue/venues.png","true","GENERATED_FOR_EVENTOS_SIMULATION","Simulator-only fixture; not available for real purchase"
"SIM-BIZ-118","Large Test Venue 08 [SYNTHETIC]","Venue","Large event venue","Durban","Large","SIM-BIZ-118-CAT-003","SIM-118-003","Indoor Concert Hall [SYNTHETIC]","Large event venue","Day","CAPACITY","400","2524","3281.2","/simulation/catalogue/venues.png","true","GENERATED_FOR_EVENTOS_SIMULATION","Simulator-only fixture; not available for real purchase"
"SIM-BIZ-118","Large Test Venue 08 [SYNTHETIC]","Venue","Large event venue","Durban","Large","SIM-BIZ-118-CAT-004","SIM-118-004","Grand Ballroom Gala Venue [SYNTHETIC]","Large event venue","Day","CAPACITY","400","3288","4405.92","/simulation/catalogue/venues.png","true","GENERATED_FOR_EVENTOS_SIMULATION","Simulator-only fixture; not available for real purchase"
"SIM-BIZ-119","Large Test Venue 09 [SYNTHETIC]","Venue","Large event venue","Gqeberha","Micro","SIM-BIZ-119-CAT-001","SIM-119-001","Grand Ballroom Conference Venue [SYNTHETIC]","Large event venue","Day","CAPACITY","130","322","392.84","/simulation/catalogue/venues.png","true","GENERATED_FOR_EVENTOS_SIMULATION","Simulator-only fixture; not available for real purchase"
"SIM-BIZ-119","Large Test Venue 09 [SYNTHETIC]","Venue","Large event venue","Gqeberha","Micro","SIM-BIZ-119-CAT-002","SIM-119-002","Large Exhibition Hall [SYNTHETIC]","Large event venue","Day","CAPACITY","130","513","646.38","/simulation/catalogue/venues.png","true","GENERATED_FOR_EVENTOS_SIMULATION","Simulator-only fixture; not available for real purchase"
"SIM-BIZ-119","Large Test Venue 09 [SYNTHETIC]","Venue","Large event venue","Gqeberha","Micro","SIM-BIZ-119-CAT-003","SIM-119-003","Indoor Concert Hall [SYNTHETIC]","Large event venue","Day","CAPACITY","130","704","915.2","/simulation/catalogue/venues.png","true","GENERATED_FOR_EVENTOS_SIMULATION","Simulator-only fixture; not available for real purchase"
"SIM-BIZ-119","Large Test Venue 09 [SYNTHETIC]","Venue","Large event venue","Gqeberha","Micro","SIM-BIZ-119-CAT-004","SIM-119-004","Grand Ballroom Gala Venue [SYNTHETIC]","Large event venue","Day","CAPACITY","130","895","1199.3","/simulation/catalogue/venues.png","true","GENERATED_FOR_EVENTOS_SIMULATION","Simulator-only fixture; not available for real purchase"
"SIM-BIZ-120","Large Test Venue 10 [SYNTHETIC]","Venue","Large event venue","Cape Town","Small","SIM-BIZ-120-CAT-001","SIM-120-001","Grand Ballroom Conference Venue [SYNTHETIC]","Large event venue","Day","CAPACITY","175","592.5","722.85","/simulation/catalogue/venues.png","true","GENERATED_FOR_EVENTOS_SIMULATION","Simulator-only fixture; not available for real purchase"
"SIM-BIZ-120","Large Test Venue 10 [SYNTHETIC]","Venue","Large event venue","Cape Town","Small","SIM-BIZ-120-CAT-002","SIM-120-002","Large Exhibition Hall [SYNTHETIC]","Large event venue","Day","CAPACITY","175","879","1107.54","/simulation/catalogue/venues.png","true","GENERATED_FOR_EVENTOS_SIMULATION","Simulator-only fixture; not available for real purchase"
"SIM-BIZ-120","Large Test Venue 10 [SYNTHETIC]","Venue","Large event venue","Cape Town","Small","SIM-BIZ-120-CAT-003","SIM-120-003","Indoor Concert Hall [SYNTHETIC]","Large event venue","Day","CAPACITY","175","1165.5","1515.15","/simulation/catalogue/venues.png","true","GENERATED_FOR_EVENTOS_SIMULATION","Simulator-only fixture; not available for real purchase"
"SIM-BIZ-120","Large Test Venue 10 [SYNTHETIC]","Venue","Large event venue","Cape Town","Small","SIM-BIZ-120-CAT-004","SIM-120-004","Grand Ballroom Gala Venue [SYNTHETIC]","Large event venue","Day","CAPACITY","175","1452","1945.68","/simulation/catalogue/venues.png","true","GENERATED_FOR_EVENTOS_SIMULATION","Simulator-only fixture; not available for real purchase"
"SIM-BIZ-121","Outdoor Test Venue 01 [SYNTHETIC]","Venue","Outdoor venue","Pretoria","Micro","SIM-BIZ-121-CAT-001","SIM-121-001","Mountain Lawn Festival Venue [SYNTHETIC]","Outdoor venue","Day","CAPACITY","130","468","570.96","/simulation/catalogue/venues.png","true","GENERATED_FOR_EVENTOS_SIMULATION","Simulator-only fixture; not available for real purchase"
"SIM-BIZ-121","Outdoor Test Venue 01 [SYNTHETIC]","Venue","Outdoor venue","Pretoria","Micro","SIM-BIZ-121-CAT-002","SIM-121-002","Outdoor Market Lawn [SYNTHETIC]","Outdoor venue","Day","CAPACITY","130","659","830.34","/simulation/catalogue/venues.png","true","GENERATED_FOR_EVENTOS_SIMULATION","Simulator-only fixture; not available for real purchase"
"SIM-BIZ-121","Outdoor Test Venue 01 [SYNTHETIC]","Venue","Outdoor venue","Pretoria","Micro","SIM-BIZ-121-CAT-003","SIM-121-003","Mountain Ceremony Lawn [SYNTHETIC]","Outdoor venue","Day","CAPACITY","130","850","1105","/simulation/catalogue/venues.png","true","GENERATED_FOR_EVENTOS_SIMULATION","Simulator-only fixture; not available for real purchase"
"SIM-BIZ-121","Outdoor Test Venue 01 [SYNTHETIC]","Venue","Outdoor venue","Pretoria","Micro","SIM-BIZ-121-CAT-004","SIM-121-004","Open-Air Sporting Event Grounds [SYNTHETIC]","Outdoor venue","Day","CAPACITY","130","1041","1394.94","/simulation/catalogue/venues.png","true","GENERATED_FOR_EVENTOS_SIMULATION","Simulator-only fixture; not available for real purchase"
"SIM-BIZ-122","Outdoor Test Venue 02 [SYNTHETIC]","Venue","Outdoor venue","Durban","Small","SIM-BIZ-122-CAT-001","SIM-122-001","Mountain Lawn Festival Venue [SYNTHETIC]","Outdoor venue","Day","CAPACITY","175","811.5","990.03","/simulation/catalogue/venues.png","true","GENERATED_FOR_EVENTOS_SIMULATION","Simulator-only fixture; not available for real purchase"
"SIM-BIZ-122","Outdoor Test Venue 02 [SYNTHETIC]","Venue","Outdoor venue","Durban","Small","SIM-BIZ-122-CAT-002","SIM-122-002","Outdoor Market Lawn [SYNTHETIC]","Outdoor venue","Day","CAPACITY","175","1098","1383.48","/simulation/catalogue/venues.png","true","GENERATED_FOR_EVENTOS_SIMULATION","Simulator-only fixture; not available for real purchase"
"SIM-BIZ-122","Outdoor Test Venue 02 [SYNTHETIC]","Venue","Outdoor venue","Durban","Small","SIM-BIZ-122-CAT-003","SIM-122-003","Mountain Ceremony Lawn [SYNTHETIC]","Outdoor venue","Day","CAPACITY","175","1384.5","1799.85","/simulation/catalogue/venues.png","true","GENERATED_FOR_EVENTOS_SIMULATION","Simulator-only fixture; not available for real purchase"
"SIM-BIZ-122","Outdoor Test Venue 02 [SYNTHETIC]","Venue","Outdoor venue","Durban","Small","SIM-BIZ-122-CAT-004","SIM-122-004","Open-Air Sporting Event Grounds [SYNTHETIC]","Outdoor venue","Day","CAPACITY","175","1671","2239.14","/simulation/catalogue/venues.png","true","GENERATED_FOR_EVENTOS_SIMULATION","Simulator-only fixture; not available for real purchase"
"SIM-BIZ-123","Outdoor Test Venue 03 [SYNTHETIC]","Venue","Outdoor venue","Gqeberha","Medium","SIM-BIZ-123-CAT-001","SIM-123-001","Mountain Lawn Festival Venue [SYNTHETIC]","Outdoor venue","Day","CAPACITY","265","1535","1872.7","/simulation/catalogue/venues.png","true","GENERATED_FOR_EVENTOS_SIMULATION","Simulator-only fixture; not available for real purchase"
"SIM-BIZ-123","Outdoor Test Venue 03 [SYNTHETIC]","Venue","Outdoor venue","Gqeberha","Medium","SIM-BIZ-123-CAT-002","SIM-123-002","Outdoor Market Lawn [SYNTHETIC]","Outdoor venue","Day","CAPACITY","265","2012.5","2535.75","/simulation/catalogue/venues.png","true","GENERATED_FOR_EVENTOS_SIMULATION","Simulator-only fixture; not available for real purchase"
"SIM-BIZ-123","Outdoor Test Venue 03 [SYNTHETIC]","Venue","Outdoor venue","Gqeberha","Medium","SIM-BIZ-123-CAT-003","SIM-123-003","Mountain Ceremony Lawn [SYNTHETIC]","Outdoor venue","Day","CAPACITY","265","2490","3237","/simulation/catalogue/venues.png","true","GENERATED_FOR_EVENTOS_SIMULATION","Simulator-only fixture; not available for real purchase"
"SIM-BIZ-123","Outdoor Test Venue 03 [SYNTHETIC]","Venue","Outdoor venue","Gqeberha","Medium","SIM-BIZ-123-CAT-004","SIM-123-004","Open-Air Sporting Event Grounds [SYNTHETIC]","Outdoor venue","Day","CAPACITY","265","2967.5","3976.45","/simulation/catalogue/venues.png","true","GENERATED_FOR_EVENTOS_SIMULATION","Simulator-only fixture; not available for real purchase"
"SIM-BIZ-124","Outdoor Test Venue 04 [SYNTHETIC]","Venue","Outdoor venue","Cape Town","Large","SIM-BIZ-124-CAT-001","SIM-124-001","Mountain Lawn Festival Venue [SYNTHETIC]","Outdoor venue","Day","CAPACITY","400","2748","3352.56","/simulation/catalogue/venues.png","true","GENERATED_FOR_EVENTOS_SIMULATION","Simulator-only fixture; not available for real purchase"
"SIM-BIZ-124","Outdoor Test Venue 04 [SYNTHETIC]","Venue","Outdoor venue","Cape Town","Large","SIM-BIZ-124-CAT-002","SIM-124-002","Outdoor Market Lawn [SYNTHETIC]","Outdoor venue","Day","CAPACITY","400","3512","4425.12","/simulation/catalogue/venues.png","true","GENERATED_FOR_EVENTOS_SIMULATION","Simulator-only fixture; not available for real purchase"
"SIM-BIZ-124","Outdoor Test Venue 04 [SYNTHETIC]","Venue","Outdoor venue","Cape Town","Large","SIM-BIZ-124-CAT-003","SIM-124-003","Mountain Ceremony Lawn [SYNTHETIC]","Outdoor venue","Day","CAPACITY","400","4276","5558.8","/simulation/catalogue/venues.png","true","GENERATED_FOR_EVENTOS_SIMULATION","Simulator-only fixture; not available for real purchase"
"SIM-BIZ-124","Outdoor Test Venue 04 [SYNTHETIC]","Venue","Outdoor venue","Cape Town","Large","SIM-BIZ-124-CAT-004","SIM-124-004","Open-Air Sporting Event Grounds [SYNTHETIC]","Outdoor venue","Day","CAPACITY","400","5040","6753.6","/simulation/catalogue/venues.png","true","GENERATED_FOR_EVENTOS_SIMULATION","Simulator-only fixture; not available for real purchase"
"SIM-BIZ-125","Outdoor Test Venue 05 [SYNTHETIC]","Venue","Outdoor venue","Johannesburg","Micro","SIM-BIZ-125-CAT-001","SIM-125-001","Mountain Lawn Festival Venue [SYNTHETIC]","Outdoor venue","Day","CAPACITY","130","760","927.2","/simulation/catalogue/venues.png","true","GENERATED_FOR_EVENTOS_SIMULATION","Simulator-only fixture; not available for real purchase"
"SIM-BIZ-125","Outdoor Test Venue 05 [SYNTHETIC]","Venue","Outdoor venue","Johannesburg","Micro","SIM-BIZ-125-CAT-002","SIM-125-002","Outdoor Market Lawn [SYNTHETIC]","Outdoor venue","Day","CAPACITY","130","951","1198.26","/simulation/catalogue/venues.png","true","GENERATED_FOR_EVENTOS_SIMULATION","Simulator-only fixture; not available for real purchase"
"SIM-BIZ-125","Outdoor Test Venue 05 [SYNTHETIC]","Venue","Outdoor venue","Johannesburg","Micro","SIM-BIZ-125-CAT-003","SIM-125-003","Mountain Ceremony Lawn [SYNTHETIC]","Outdoor venue","Day","CAPACITY","130","1142","1484.6","/simulation/catalogue/venues.png","true","GENERATED_FOR_EVENTOS_SIMULATION","Simulator-only fixture; not available for real purchase"
"SIM-BIZ-125","Outdoor Test Venue 05 [SYNTHETIC]","Venue","Outdoor venue","Johannesburg","Micro","SIM-BIZ-125-CAT-004","SIM-125-004","Open-Air Sporting Event Grounds [SYNTHETIC]","Outdoor venue","Day","CAPACITY","130","1333","1786.22","/simulation/catalogue/venues.png","true","GENERATED_FOR_EVENTOS_SIMULATION","Simulator-only fixture; not available for real purchase"
"SIM-BIZ-126","Outdoor Test Venue 06 [SYNTHETIC]","Venue","Outdoor venue","Pretoria","Small","SIM-BIZ-126-CAT-001","SIM-126-001","Mountain Lawn Festival Venue [SYNTHETIC]","Outdoor venue","Day","CAPACITY","175","1249.5","1524.39","/simulation/catalogue/venues.png","true","GENERATED_FOR_EVENTOS_SIMULATION","Simulator-only fixture; not available for real purchase"
"SIM-BIZ-126","Outdoor Test Venue 06 [SYNTHETIC]","Venue","Outdoor venue","Pretoria","Small","SIM-BIZ-126-CAT-002","SIM-126-002","Outdoor Market Lawn [SYNTHETIC]","Outdoor venue","Day","CAPACITY","175","1536","1935.36","/simulation/catalogue/venues.png","true","GENERATED_FOR_EVENTOS_SIMULATION","Simulator-only fixture; not available for real purchase"
"SIM-BIZ-126","Outdoor Test Venue 06 [SYNTHETIC]","Venue","Outdoor venue","Pretoria","Small","SIM-BIZ-126-CAT-003","SIM-126-003","Mountain Ceremony Lawn [SYNTHETIC]","Outdoor venue","Day","CAPACITY","175","1822.5","2369.25","/simulation/catalogue/venues.png","true","GENERATED_FOR_EVENTOS_SIMULATION","Simulator-only fixture; not available for real purchase"
"SIM-BIZ-126","Outdoor Test Venue 06 [SYNTHETIC]","Venue","Outdoor venue","Pretoria","Small","SIM-BIZ-126-CAT-004","SIM-126-004","Open-Air Sporting Event Grounds [SYNTHETIC]","Outdoor venue","Day","CAPACITY","175","2109","2826.06","/simulation/catalogue/venues.png","true","GENERATED_FOR_EVENTOS_SIMULATION","Simulator-only fixture; not available for real purchase"
"SIM-BIZ-127","Outdoor Test Venue 07 [SYNTHETIC]","Venue","Outdoor venue","Durban","Medium","SIM-BIZ-127-CAT-001","SIM-127-001","Mountain Lawn Festival Venue [SYNTHETIC]","Outdoor venue","Day","CAPACITY","265","2265","2763.3","/simulation/catalogue/venues.png","true","GENERATED_FOR_EVENTOS_SIMULATION","Simulator-only fixture; not available for real purchase"
"SIM-BIZ-127","Outdoor Test Venue 07 [SYNTHETIC]","Venue","Outdoor venue","Durban","Medium","SIM-BIZ-127-CAT-002","SIM-127-002","Outdoor Market Lawn [SYNTHETIC]","Outdoor venue","Day","CAPACITY","265","2742.5","3455.55","/simulation/catalogue/venues.png","true","GENERATED_FOR_EVENTOS_SIMULATION","Simulator-only fixture; not available for real purchase"
"SIM-BIZ-127","Outdoor Test Venue 07 [SYNTHETIC]","Venue","Outdoor venue","Durban","Medium","SIM-BIZ-127-CAT-003","SIM-127-003","Mountain Ceremony Lawn [SYNTHETIC]","Outdoor venue","Day","CAPACITY","265","3220","4186","/simulation/catalogue/venues.png","true","GENERATED_FOR_EVENTOS_SIMULATION","Simulator-only fixture; not available for real purchase"
"SIM-BIZ-127","Outdoor Test Venue 07 [SYNTHETIC]","Venue","Outdoor venue","Durban","Medium","SIM-BIZ-127-CAT-004","SIM-127-004","Open-Air Sporting Event Grounds [SYNTHETIC]","Outdoor venue","Day","CAPACITY","265","3697.5","4954.65","/simulation/catalogue/venues.png","true","GENERATED_FOR_EVENTOS_SIMULATION","Simulator-only fixture; not available for real purchase"
"SIM-BIZ-128","Outdoor Test Venue 08 [SYNTHETIC]","Venue","Outdoor venue","Gqeberha","Large","SIM-BIZ-128-CAT-001","SIM-128-001","Mountain Lawn Festival Venue [SYNTHETIC]","Outdoor venue","Day","CAPACITY","400","3916","4777.52","/simulation/catalogue/venues.png","true","GENERATED_FOR_EVENTOS_SIMULATION","Simulator-only fixture; not available for real purchase"
"SIM-BIZ-128","Outdoor Test Venue 08 [SYNTHETIC]","Venue","Outdoor venue","Gqeberha","Large","SIM-BIZ-128-CAT-002","SIM-128-002","Outdoor Market Lawn [SYNTHETIC]","Outdoor venue","Day","CAPACITY","400","4680","5896.8","/simulation/catalogue/venues.png","true","GENERATED_FOR_EVENTOS_SIMULATION","Simulator-only fixture; not available for real purchase"
"SIM-BIZ-128","Outdoor Test Venue 08 [SYNTHETIC]","Venue","Outdoor venue","Gqeberha","Large","SIM-BIZ-128-CAT-003","SIM-128-003","Mountain Ceremony Lawn [SYNTHETIC]","Outdoor venue","Day","CAPACITY","400","5444","7077.2","/simulation/catalogue/venues.png","true","GENERATED_FOR_EVENTOS_SIMULATION","Simulator-only fixture; not available for real purchase"
"SIM-BIZ-128","Outdoor Test Venue 08 [SYNTHETIC]","Venue","Outdoor venue","Gqeberha","Large","SIM-BIZ-128-CAT-004","SIM-128-004","Open-Air Sporting Event Grounds [SYNTHETIC]","Outdoor venue","Day","CAPACITY","400","6208","8318.72","/simulation/catalogue/venues.png","true","GENERATED_FOR_EVENTOS_SIMULATION","Simulator-only fixture; not available for real purchase"
"SIM-BIZ-129","Outdoor Test Venue 09 [SYNTHETIC]","Venue","Outdoor venue","Cape Town","Micro","SIM-BIZ-129-CAT-001","SIM-129-001","Mountain Lawn Festival Venue [SYNTHETIC]","Outdoor venue","Day","CAPACITY","130","1052","1283.44","/simulation/catalogue/venues.png","true","GENERATED_FOR_EVENTOS_SIMULATION","Simulator-only fixture; not available for real purchase"
"SIM-BIZ-129","Outdoor Test Venue 09 [SYNTHETIC]","Venue","Outdoor venue","Cape Town","Micro","SIM-BIZ-129-CAT-002","SIM-129-002","Outdoor Market Lawn [SYNTHETIC]","Outdoor venue","Day","CAPACITY","130","1243","1566.18","/simulation/catalogue/venues.png","true","GENERATED_FOR_EVENTOS_SIMULATION","Simulator-only fixture; not available for real purchase"
"SIM-BIZ-129","Outdoor Test Venue 09 [SYNTHETIC]","Venue","Outdoor venue","Cape Town","Micro","SIM-BIZ-129-CAT-003","SIM-129-003","Mountain Ceremony Lawn [SYNTHETIC]","Outdoor venue","Day","CAPACITY","130","1434","1864.2","/simulation/catalogue/venues.png","true","GENERATED_FOR_EVENTOS_SIMULATION","Simulator-only fixture; not available for real purchase"
"SIM-BIZ-129","Outdoor Test Venue 09 [SYNTHETIC]","Venue","Outdoor venue","Cape Town","Micro","SIM-BIZ-129-CAT-004","SIM-129-004","Open-Air Sporting Event Grounds [SYNTHETIC]","Outdoor venue","Day","CAPACITY","130","1625","2177.5","/simulation/catalogue/venues.png","true","GENERATED_FOR_EVENTOS_SIMULATION","Simulator-only fixture; not available for real purchase"
"SIM-BIZ-130","Outdoor Test Venue 10 [SYNTHETIC]","Venue","Outdoor venue","Johannesburg","Small","SIM-BIZ-130-CAT-001","SIM-130-001","Mountain Lawn Festival Venue [SYNTHETIC]","Outdoor venue","Day","CAPACITY","175","1687.5","2058.75","/simulation/catalogue/venues.png","true","GENERATED_FOR_EVENTOS_SIMULATION","Simulator-only fixture; not available for real purchase"
"SIM-BIZ-130","Outdoor Test Venue 10 [SYNTHETIC]","Venue","Outdoor venue","Johannesburg","Small","SIM-BIZ-130-CAT-002","SIM-130-002","Outdoor Market Lawn [SYNTHETIC]","Outdoor venue","Day","CAPACITY","175","1974","2487.24","/simulation/catalogue/venues.png","true","GENERATED_FOR_EVENTOS_SIMULATION","Simulator-only fixture; not available for real purchase"
"SIM-BIZ-130","Outdoor Test Venue 10 [SYNTHETIC]","Venue","Outdoor venue","Johannesburg","Small","SIM-BIZ-130-CAT-003","SIM-130-003","Mountain Ceremony Lawn [SYNTHETIC]","Outdoor venue","Day","CAPACITY","175","2260.5","2938.65","/simulation/catalogue/venues.png","true","GENERATED_FOR_EVENTOS_SIMULATION","Simulator-only fixture; not available for real purchase"
"SIM-BIZ-130","Outdoor Test Venue 10 [SYNTHETIC]","Venue","Outdoor venue","Johannesburg","Small","SIM-BIZ-130-CAT-004","SIM-130-004","Open-Air Sporting Event Grounds [SYNTHETIC]","Outdoor venue","Day","CAPACITY","175","2547","3412.98","/simulation/catalogue/venues.png","true","GENERATED_FOR_EVENTOS_SIMULATION","Simulator-only fixture; not available for real purchase"
"SIM-BIZ-131","Technical Production Test Co 01 [SYNTHETIC]","Specialist","Technical production","Durban","Micro","SIM-BIZ-131-CAT-001","SIM-131-001","Production Management Package [SYNTHETIC]","Technical production","Service","UNLIMITED","","1198","1461.56","/simulation/catalogue/specialist.webp","true","GENERATED_FOR_EVENTOS_SIMULATION","Simulator-only fixture; not available for real purchase"
"SIM-BIZ-131","Technical Production Test Co 01 [SYNTHETIC]","Specialist","Technical production","Durban","Micro","SIM-BIZ-131-CAT-002","SIM-131-002","Power Package [SYNTHETIC]","Technical production","Service","UNLIMITED","","1389","1750.14","/simulation/catalogue/specialist.webp","true","GENERATED_FOR_EVENTOS_SIMULATION","Simulator-only fixture; not available for real purchase"
"SIM-BIZ-131","Technical Production Test Co 01 [SYNTHETIC]","Specialist","Technical production","Durban","Micro","SIM-BIZ-131-CAT-003","SIM-131-003","Rigging Package [SYNTHETIC]","Technical production","Service","UNLIMITED","","1580","2054","/simulation/catalogue/specialist.webp","true","GENERATED_FOR_EVENTOS_SIMULATION","Simulator-only fixture; not available for real purchase"
"SIM-BIZ-131","Technical Production Test Co 01 [SYNTHETIC]","Specialist","Technical production","Durban","Micro","SIM-BIZ-131-CAT-004","SIM-131-004","Broadcast Package [SYNTHETIC]","Technical production","Service","UNLIMITED","","1771","2373.14","/simulation/catalogue/specialist.webp","true","GENERATED_FOR_EVENTOS_SIMULATION","Simulator-only fixture; not available for real purchase"
"SIM-BIZ-132","Technical Production Test Co 02 [SYNTHETIC]","Specialist","Technical production","Gqeberha","Small","SIM-BIZ-132-CAT-001","SIM-132-001","Production Management Package [SYNTHETIC]","Technical production","Service","UNLIMITED","","1906.5","2325.93","/simulation/catalogue/specialist.webp","true","GENERATED_FOR_EVENTOS_SIMULATION","Simulator-only fixture; not available for real purchase"
"SIM-BIZ-132","Technical Production Test Co 02 [SYNTHETIC]","Specialist","Technical production","Gqeberha","Small","SIM-BIZ-132-CAT-002","SIM-132-002","Power Package [SYNTHETIC]","Technical production","Service","UNLIMITED","","2193","2763.18","/simulation/catalogue/specialist.webp","true","GENERATED_FOR_EVENTOS_SIMULATION","Simulator-only fixture; not available for real purchase"
"SIM-BIZ-132","Technical Production Test Co 02 [SYNTHETIC]","Specialist","Technical production","Gqeberha","Small","SIM-BIZ-132-CAT-003","SIM-132-003","Rigging Package [SYNTHETIC]","Technical production","Service","UNLIMITED","","2479.5","3223.35","/simulation/catalogue/specialist.webp","true","GENERATED_FOR_EVENTOS_SIMULATION","Simulator-only fixture; not available for real purchase"
"SIM-BIZ-132","Technical Production Test Co 02 [SYNTHETIC]","Specialist","Technical production","Gqeberha","Small","SIM-BIZ-132-CAT-004","SIM-132-004","Broadcast Package [SYNTHETIC]","Technical production","Service","UNLIMITED","","2766","3706.44","/simulation/catalogue/specialist.webp","true","GENERATED_FOR_EVENTOS_SIMULATION","Simulator-only fixture; not available for real purchase"
"SIM-BIZ-133","Technical Production Test Co 03 [SYNTHETIC]","Specialist","Technical production","Cape Town","Medium","SIM-BIZ-133-CAT-001","SIM-133-001","Production Management Package [SYNTHETIC]","Technical production","Service","UNLIMITED","","3360","4099.2","/simulation/catalogue/specialist.webp","true","GENERATED_FOR_EVENTOS_SIMULATION","Simulator-only fixture; not available for real purchase"
"SIM-BIZ-133","Technical Production Test Co 03 [SYNTHETIC]","Specialist","Technical production","Cape Town","Medium","SIM-BIZ-133-CAT-002","SIM-133-002","Power Package [SYNTHETIC]","Technical production","Service","UNLIMITED","","3837.5","4835.25","/simulation/catalogue/specialist.webp","true","GENERATED_FOR_EVENTOS_SIMULATION","Simulator-only fixture; not available for real purchase"
"SIM-BIZ-133","Technical Production Test Co 03 [SYNTHETIC]","Specialist","Technical production","Cape Town","Medium","SIM-BIZ-133-CAT-003","SIM-133-003","Rigging Package [SYNTHETIC]","Technical production","Service","UNLIMITED","","4315","5609.5","/simulation/catalogue/specialist.webp","true","GENERATED_FOR_EVENTOS_SIMULATION","Simulator-only fixture; not available for real purchase"
"SIM-BIZ-133","Technical Production Test Co 03 [SYNTHETIC]","Specialist","Technical production","Cape Town","Medium","SIM-BIZ-133-CAT-004","SIM-133-004","Broadcast Package [SYNTHETIC]","Technical production","Service","UNLIMITED","","4792.5","6421.95","/simulation/catalogue/specialist.webp","true","GENERATED_FOR_EVENTOS_SIMULATION","Simulator-only fixture; not available for real purchase"
"SIM-BIZ-134","Technical Production Test Co 04 [SYNTHETIC]","Specialist","Technical production","Johannesburg","Large","SIM-BIZ-134-CAT-001","SIM-134-001","Production Management Package [SYNTHETIC]","Technical production","Service","UNLIMITED","","5668","6914.96","/simulation/catalogue/specialist.webp","true","GENERATED_FOR_EVENTOS_SIMULATION","Simulator-only fixture; not available for real purchase"
"SIM-BIZ-134","Technical Production Test Co 04 [SYNTHETIC]","Specialist","Technical production","Johannesburg","Large","SIM-BIZ-134-CAT-002","SIM-134-002","Power Package [SYNTHETIC]","Technical production","Service","UNLIMITED","","6432","8104.32","/simulation/catalogue/specialist.webp","true","GENERATED_FOR_EVENTOS_SIMULATION","Simulator-only fixture; not available for real purchase"
"SIM-BIZ-134","Technical Production Test Co 04 [SYNTHETIC]","Specialist","Technical production","Johannesburg","Large","SIM-BIZ-134-CAT-003","SIM-134-003","Rigging Package [SYNTHETIC]","Technical production","Service","UNLIMITED","","7196","9354.8","/simulation/catalogue/specialist.webp","true","GENERATED_FOR_EVENTOS_SIMULATION","Simulator-only fixture; not available for real purchase"
"SIM-BIZ-134","Technical Production Test Co 04 [SYNTHETIC]","Specialist","Technical production","Johannesburg","Large","SIM-BIZ-134-CAT-004","SIM-134-004","Broadcast Package [SYNTHETIC]","Technical production","Service","UNLIMITED","","7960","10666.4","/simulation/catalogue/specialist.webp","true","GENERATED_FOR_EVENTOS_SIMULATION","Simulator-only fixture; not available for real purchase"
"SIM-BIZ-135","Technical Production Test Co 05 [SYNTHETIC]","Specialist","Technical production","Pretoria","Micro","SIM-BIZ-135-CAT-001","SIM-135-001","Production Management Package [SYNTHETIC]","Technical production","Service","UNLIMITED","","1490","1817.8","/simulation/catalogue/specialist.webp","true","GENERATED_FOR_EVENTOS_SIMULATION","Simulator-only fixture; not available for real purchase"
"SIM-BIZ-135","Technical Production Test Co 05 [SYNTHETIC]","Specialist","Technical production","Pretoria","Micro","SIM-BIZ-135-CAT-002","SIM-135-002","Power Package [SYNTHETIC]","Technical production","Service","UNLIMITED","","1681","2118.06","/simulation/catalogue/specialist.webp","true","GENERATED_FOR_EVENTOS_SIMULATION","Simulator-only fixture; not available for real purchase"
"SIM-BIZ-135","Technical Production Test Co 05 [SYNTHETIC]","Specialist","Technical production","Pretoria","Micro","SIM-BIZ-135-CAT-003","SIM-135-003","Rigging Package [SYNTHETIC]","Technical production","Service","UNLIMITED","","1872","2433.6","/simulation/catalogue/specialist.webp","true","GENERATED_FOR_EVENTOS_SIMULATION","Simulator-only fixture; not available for real purchase"
"SIM-BIZ-135","Technical Production Test Co 05 [SYNTHETIC]","Specialist","Technical production","Pretoria","Micro","SIM-BIZ-135-CAT-004","SIM-135-004","Broadcast Package [SYNTHETIC]","Technical production","Service","UNLIMITED","","2063","2764.42","/simulation/catalogue/specialist.webp","true","GENERATED_FOR_EVENTOS_SIMULATION","Simulator-only fixture; not available for real purchase"
"SIM-BIZ-136","Technical Production Test Co 06 [SYNTHETIC]","Specialist","Technical production","Durban","Small","SIM-BIZ-136-CAT-001","SIM-136-001","Production Management Package [SYNTHETIC]","Technical production","Service","UNLIMITED","","2344.5","2860.29","/simulation/catalogue/specialist.webp","true","GENERATED_FOR_EVENTOS_SIMULATION","Simulator-only fixture; not available for real purchase"
"SIM-BIZ-136","Technical Production Test Co 06 [SYNTHETIC]","Specialist","Technical production","Durban","Small","SIM-BIZ-136-CAT-002","SIM-136-002","Power Package [SYNTHETIC]","Technical production","Service","UNLIMITED","","2631","3315.06","/simulation/catalogue/specialist.webp","true","GENERATED_FOR_EVENTOS_SIMULATION","Simulator-only fixture; not available for real purchase"
"SIM-BIZ-136","Technical Production Test Co 06 [SYNTHETIC]","Specialist","Technical production","Durban","Small","SIM-BIZ-136-CAT-003","SIM-136-003","Rigging Package [SYNTHETIC]","Technical production","Service","UNLIMITED","","2917.5","3792.75","/simulation/catalogue/specialist.webp","true","GENERATED_FOR_EVENTOS_SIMULATION","Simulator-only fixture; not available for real purchase"
"SIM-BIZ-136","Technical Production Test Co 06 [SYNTHETIC]","Specialist","Technical production","Durban","Small","SIM-BIZ-136-CAT-004","SIM-136-004","Broadcast Package [SYNTHETIC]","Technical production","Service","UNLIMITED","","3204","4293.36","/simulation/catalogue/specialist.webp","true","GENERATED_FOR_EVENTOS_SIMULATION","Simulator-only fixture; not available for real purchase"
"SIM-BIZ-137","Technical Production Test Co 07 [SYNTHETIC]","Specialist","Technical production","Gqeberha","Medium","SIM-BIZ-137-CAT-001","SIM-137-001","Production Management Package [SYNTHETIC]","Technical production","Service","UNLIMITED","","4090","4989.8","/simulation/catalogue/specialist.webp","true","GENERATED_FOR_EVENTOS_SIMULATION","Simulator-only fixture; not available for real purchase"
"SIM-BIZ-137","Technical Production Test Co 07 [SYNTHETIC]","Specialist","Technical production","Gqeberha","Medium","SIM-BIZ-137-CAT-002","SIM-137-002","Power Package [SYNTHETIC]","Technical production","Service","UNLIMITED","","4567.5","5755.05","/simulation/catalogue/specialist.webp","true","GENERATED_FOR_EVENTOS_SIMULATION","Simulator-only fixture; not available for real purchase"
"SIM-BIZ-137","Technical Production Test Co 07 [SYNTHETIC]","Specialist","Technical production","Gqeberha","Medium","SIM-BIZ-137-CAT-003","SIM-137-003","Rigging Package [SYNTHETIC]","Technical production","Service","UNLIMITED","","5045","6558.5","/simulation/catalogue/specialist.webp","true","GENERATED_FOR_EVENTOS_SIMULATION","Simulator-only fixture; not available for real purchase"
"SIM-BIZ-137","Technical Production Test Co 07 [SYNTHETIC]","Specialist","Technical production","Gqeberha","Medium","SIM-BIZ-137-CAT-004","SIM-137-004","Broadcast Package [SYNTHETIC]","Technical production","Service","UNLIMITED","","5522.5","7400.15","/simulation/catalogue/specialist.webp","true","GENERATED_FOR_EVENTOS_SIMULATION","Simulator-only fixture; not available for real purchase"
"SIM-BIZ-138","Technical Production Test Co 08 [SYNTHETIC]","Specialist","Technical production","Cape Town","Large","SIM-BIZ-138-CAT-001","SIM-138-001","Production Management Package [SYNTHETIC]","Technical production","Service","UNLIMITED","","6836","8339.92","/simulation/catalogue/specialist.webp","true","GENERATED_FOR_EVENTOS_SIMULATION","Simulator-only fixture; not available for real purchase"
"SIM-BIZ-138","Technical Production Test Co 08 [SYNTHETIC]","Specialist","Technical production","Cape Town","Large","SIM-BIZ-138-CAT-002","SIM-138-002","Power Package [SYNTHETIC]","Technical production","Service","UNLIMITED","","7600","9576","/simulation/catalogue/specialist.webp","true","GENERATED_FOR_EVENTOS_SIMULATION","Simulator-only fixture; not available for real purchase"
"SIM-BIZ-138","Technical Production Test Co 08 [SYNTHETIC]","Specialist","Technical production","Cape Town","Large","SIM-BIZ-138-CAT-003","SIM-138-003","Rigging Package [SYNTHETIC]","Technical production","Service","UNLIMITED","","8364","10873.2","/simulation/catalogue/specialist.webp","true","GENERATED_FOR_EVENTOS_SIMULATION","Simulator-only fixture; not available for real purchase"
"SIM-BIZ-138","Technical Production Test Co 08 [SYNTHETIC]","Specialist","Technical production","Cape Town","Large","SIM-BIZ-138-CAT-004","SIM-138-004","Broadcast Package [SYNTHETIC]","Technical production","Service","UNLIMITED","","9128","12231.52","/simulation/catalogue/specialist.webp","true","GENERATED_FOR_EVENTOS_SIMULATION","Simulator-only fixture; not available for real purchase"
"SIM-BIZ-139","Technical Production Test Co 09 [SYNTHETIC]","Specialist","Technical production","Johannesburg","Micro","SIM-BIZ-139-CAT-001","SIM-139-001","Production Management Package [SYNTHETIC]","Technical production","Service","UNLIMITED","","1782","2174.04","/simulation/catalogue/specialist.webp","true","GENERATED_FOR_EVENTOS_SIMULATION","Simulator-only fixture; not available for real purchase"
"SIM-BIZ-139","Technical Production Test Co 09 [SYNTHETIC]","Specialist","Technical production","Johannesburg","Micro","SIM-BIZ-139-CAT-002","SIM-139-002","Power Package [SYNTHETIC]","Technical production","Service","UNLIMITED","","1973","2485.98","/simulation/catalogue/specialist.webp","true","GENERATED_FOR_EVENTOS_SIMULATION","Simulator-only fixture; not available for real purchase"
"SIM-BIZ-139","Technical Production Test Co 09 [SYNTHETIC]","Specialist","Technical production","Johannesburg","Micro","SIM-BIZ-139-CAT-003","SIM-139-003","Rigging Package [SYNTHETIC]","Technical production","Service","UNLIMITED","","2164","2813.2","/simulation/catalogue/specialist.webp","true","GENERATED_FOR_EVENTOS_SIMULATION","Simulator-only fixture; not available for real purchase"
"SIM-BIZ-139","Technical Production Test Co 09 [SYNTHETIC]","Specialist","Technical production","Johannesburg","Micro","SIM-BIZ-139-CAT-004","SIM-139-004","Broadcast Package [SYNTHETIC]","Technical production","Service","UNLIMITED","","2355","3155.7","/simulation/catalogue/specialist.webp","true","GENERATED_FOR_EVENTOS_SIMULATION","Simulator-only fixture; not available for real purchase"
"SIM-BIZ-140","Technical Production Test Co 10 [SYNTHETIC]","Specialist","Technical production","Pretoria","Small","SIM-BIZ-140-CAT-001","SIM-140-001","Production Management Package [SYNTHETIC]","Technical production","Service","UNLIMITED","","2782.5","3394.65","/simulation/catalogue/specialist.webp","true","GENERATED_FOR_EVENTOS_SIMULATION","Simulator-only fixture; not available for real purchase"
"SIM-BIZ-140","Technical Production Test Co 10 [SYNTHETIC]","Specialist","Technical production","Pretoria","Small","SIM-BIZ-140-CAT-002","SIM-140-002","Power Package [SYNTHETIC]","Technical production","Service","UNLIMITED","","3069","3866.94","/simulation/catalogue/specialist.webp","true","GENERATED_FOR_EVENTOS_SIMULATION","Simulator-only fixture; not available for real purchase"
"SIM-BIZ-140","Technical Production Test Co 10 [SYNTHETIC]","Specialist","Technical production","Pretoria","Small","SIM-BIZ-140-CAT-003","SIM-140-003","Rigging Package [SYNTHETIC]","Technical production","Service","UNLIMITED","","3355.5","4362.15","/simulation/catalogue/specialist.webp","true","GENERATED_FOR_EVENTOS_SIMULATION","Simulator-only fixture; not available for real purchase"
"SIM-BIZ-140","Technical Production Test Co 10 [SYNTHETIC]","Specialist","Technical production","Pretoria","Small","SIM-BIZ-140-CAT-004","SIM-140-004","Broadcast Package [SYNTHETIC]","Technical production","Service","UNLIMITED","","3642","4880.28","/simulation/catalogue/specialist.webp","true","GENERATED_FOR_EVENTOS_SIMULATION","Simulator-only fixture; not available for real purchase"
"SIM-BIZ-141","Event Safety Test Co 01 [SYNTHETIC]","Specialist","Event safety and compliance","Gqeberha","Micro","SIM-BIZ-141-CAT-001","SIM-141-001","Safety Plans Package [SYNTHETIC]","Event safety and compliance","Service","UNLIMITED","","1928","2352.16","/simulation/catalogue/specialist.webp","true","GENERATED_FOR_EVENTOS_SIMULATION","Simulator-only fixture; not available for real purchase"
"SIM-BIZ-141","Event Safety Test Co 01 [SYNTHETIC]","Specialist","Event safety and compliance","Gqeberha","Micro","SIM-BIZ-141-CAT-002","SIM-141-002","Permits Package [SYNTHETIC]","Event safety and compliance","Service","UNLIMITED","","2119","2669.94","/simulation/catalogue/specialist.webp","true","GENERATED_FOR_EVENTOS_SIMULATION","Simulator-only fixture; not available for real purchase"
"SIM-BIZ-141","Event Safety Test Co 01 [SYNTHETIC]","Specialist","Event safety and compliance","Gqeberha","Micro","SIM-BIZ-141-CAT-003","SIM-141-003","Medical Package [SYNTHETIC]","Event safety and compliance","Service","UNLIMITED","","2310","3003","/simulation/catalogue/specialist.webp","true","GENERATED_FOR_EVENTOS_SIMULATION","Simulator-only fixture; not available for real purchase"
"SIM-BIZ-141","Event Safety Test Co 01 [SYNTHETIC]","Specialist","Event safety and compliance","Gqeberha","Micro","SIM-BIZ-141-CAT-004","SIM-141-004","Compliance Package [SYNTHETIC]","Event safety and compliance","Service","UNLIMITED","","2501","3351.34","/simulation/catalogue/specialist.webp","true","GENERATED_FOR_EVENTOS_SIMULATION","Simulator-only fixture; not available for real purchase"
"SIM-BIZ-142","Event Safety Test Co 02 [SYNTHETIC]","Specialist","Event safety and compliance","Cape Town","Small","SIM-BIZ-142-CAT-001","SIM-142-001","Safety Plans Package [SYNTHETIC]","Event safety and compliance","Service","UNLIMITED","","3001.5","3661.83","/simulation/catalogue/specialist.webp","true","GENERATED_FOR_EVENTOS_SIMULATION","Simulator-only fixture; not available for real purchase"
"SIM-BIZ-142","Event Safety Test Co 02 [SYNTHETIC]","Specialist","Event safety and compliance","Cape Town","Small","SIM-BIZ-142-CAT-002","SIM-142-002","Permits Package [SYNTHETIC]","Event safety and compliance","Service","UNLIMITED","","3288","4142.88","/simulation/catalogue/specialist.webp","true","GENERATED_FOR_EVENTOS_SIMULATION","Simulator-only fixture; not available for real purchase"
"SIM-BIZ-142","Event Safety Test Co 02 [SYNTHETIC]","Specialist","Event safety and compliance","Cape Town","Small","SIM-BIZ-142-CAT-003","SIM-142-003","Medical Package [SYNTHETIC]","Event safety and compliance","Service","UNLIMITED","","3574.5","4646.85","/simulation/catalogue/specialist.webp","true","GENERATED_FOR_EVENTOS_SIMULATION","Simulator-only fixture; not available for real purchase"
"SIM-BIZ-142","Event Safety Test Co 02 [SYNTHETIC]","Specialist","Event safety and compliance","Cape Town","Small","SIM-BIZ-142-CAT-004","SIM-142-004","Compliance Package [SYNTHETIC]","Event safety and compliance","Service","UNLIMITED","","3861","5173.74","/simulation/catalogue/specialist.webp","true","GENERATED_FOR_EVENTOS_SIMULATION","Simulator-only fixture; not available for real purchase"
"SIM-BIZ-143","Event Safety Test Co 03 [SYNTHETIC]","Specialist","Event safety and compliance","Johannesburg","Medium","SIM-BIZ-143-CAT-001","SIM-143-001","Safety Plans Package [SYNTHETIC]","Event safety and compliance","Service","UNLIMITED","","5185","6325.7","/simulation/catalogue/specialist.webp","true","GENERATED_FOR_EVENTOS_SIMULATION","Simulator-only fixture; not available for real purchase"
"SIM-BIZ-143","Event Safety Test Co 03 [SYNTHETIC]","Specialist","Event safety and compliance","Johannesburg","Medium","SIM-BIZ-143-CAT-002","SIM-143-002","Permits Package [SYNTHETIC]","Event safety and compliance","Service","UNLIMITED","","5662.5","7134.75","/simulation/catalogue/specialist.webp","true","GENERATED_FOR_EVENTOS_SIMULATION","Simulator-only fixture; not available for real purchase"
"SIM-BIZ-143","Event Safety Test Co 03 [SYNTHETIC]","Specialist","Event safety and compliance","Johannesburg","Medium","SIM-BIZ-143-CAT-003","SIM-143-003","Medical Package [SYNTHETIC]","Event safety and compliance","Service","UNLIMITED","","6140","7982","/simulation/catalogue/specialist.webp","true","GENERATED_FOR_EVENTOS_SIMULATION","Simulator-only fixture; not available for real purchase"
"SIM-BIZ-143","Event Safety Test Co 03 [SYNTHETIC]","Specialist","Event safety and compliance","Johannesburg","Medium","SIM-BIZ-143-CAT-004","SIM-143-004","Compliance Package [SYNTHETIC]","Event safety and compliance","Service","UNLIMITED","","6617.5","8867.45","/simulation/catalogue/specialist.webp","true","GENERATED_FOR_EVENTOS_SIMULATION","Simulator-only fixture; not available for real purchase"
"SIM-BIZ-144","Event Safety Test Co 04 [SYNTHETIC]","Specialist","Event safety and compliance","Pretoria","Large","SIM-BIZ-144-CAT-001","SIM-144-001","Safety Plans Package [SYNTHETIC]","Event safety and compliance","Service","UNLIMITED","","8588","10477.36","/simulation/catalogue/specialist.webp","true","GENERATED_FOR_EVENTOS_SIMULATION","Simulator-only fixture; not available for real purchase"
"SIM-BIZ-144","Event Safety Test Co 04 [SYNTHETIC]","Specialist","Event safety and compliance","Pretoria","Large","SIM-BIZ-144-CAT-002","SIM-144-002","Permits Package [SYNTHETIC]","Event safety and compliance","Service","UNLIMITED","","9352","11783.52","/simulation/catalogue/specialist.webp","true","GENERATED_FOR_EVENTOS_SIMULATION","Simulator-only fixture; not available for real purchase"
"SIM-BIZ-144","Event Safety Test Co 04 [SYNTHETIC]","Specialist","Event safety and compliance","Pretoria","Large","SIM-BIZ-144-CAT-003","SIM-144-003","Medical Package [SYNTHETIC]","Event safety and compliance","Service","UNLIMITED","","10116","13150.8","/simulation/catalogue/specialist.webp","true","GENERATED_FOR_EVENTOS_SIMULATION","Simulator-only fixture; not available for real purchase"
"SIM-BIZ-144","Event Safety Test Co 04 [SYNTHETIC]","Specialist","Event safety and compliance","Pretoria","Large","SIM-BIZ-144-CAT-004","SIM-144-004","Compliance Package [SYNTHETIC]","Event safety and compliance","Service","UNLIMITED","","10880","14579.2","/simulation/catalogue/specialist.webp","true","GENERATED_FOR_EVENTOS_SIMULATION","Simulator-only fixture; not available for real purchase"
"SIM-BIZ-145","Event Safety Test Co 05 [SYNTHETIC]","Specialist","Event safety and compliance","Durban","Micro","SIM-BIZ-145-CAT-001","SIM-145-001","Safety Plans Package [SYNTHETIC]","Event safety and compliance","Service","UNLIMITED","","2220","2708.4","/simulation/catalogue/specialist.webp","true","GENERATED_FOR_EVENTOS_SIMULATION","Simulator-only fixture; not available for real purchase"
"SIM-BIZ-145","Event Safety Test Co 05 [SYNTHETIC]","Specialist","Event safety and compliance","Durban","Micro","SIM-BIZ-145-CAT-002","SIM-145-002","Permits Package [SYNTHETIC]","Event safety and compliance","Service","UNLIMITED","","2411","3037.86","/simulation/catalogue/specialist.webp","true","GENERATED_FOR_EVENTOS_SIMULATION","Simulator-only fixture; not available for real purchase"
"SIM-BIZ-145","Event Safety Test Co 05 [SYNTHETIC]","Specialist","Event safety and compliance","Durban","Micro","SIM-BIZ-145-CAT-003","SIM-145-003","Medical Package [SYNTHETIC]","Event safety and compliance","Service","UNLIMITED","","2602","3382.6","/simulation/catalogue/specialist.webp","true","GENERATED_FOR_EVENTOS_SIMULATION","Simulator-only fixture; not available for real purchase"
"SIM-BIZ-145","Event Safety Test Co 05 [SYNTHETIC]","Specialist","Event safety and compliance","Durban","Micro","SIM-BIZ-145-CAT-004","SIM-145-004","Compliance Package [SYNTHETIC]","Event safety and compliance","Service","UNLIMITED","","2793","3742.62","/simulation/catalogue/specialist.webp","true","GENERATED_FOR_EVENTOS_SIMULATION","Simulator-only fixture; not available for real purchase"
"SIM-BIZ-146","Event Safety Test Co 06 [SYNTHETIC]","Specialist","Event safety and compliance","Gqeberha","Small","SIM-BIZ-146-CAT-001","SIM-146-001","Safety Plans Package [SYNTHETIC]","Event safety and compliance","Service","UNLIMITED","","3439.5","4196.19","/simulation/catalogue/specialist.webp","true","GENERATED_FOR_EVENTOS_SIMULATION","Simulator-only fixture; not available for real purchase"
"SIM-BIZ-146","Event Safety Test Co 06 [SYNTHETIC]","Specialist","Event safety and compliance","Gqeberha","Small","SIM-BIZ-146-CAT-002","SIM-146-002","Permits Package [SYNTHETIC]","Event safety and compliance","Service","UNLIMITED","","3726","4694.76","/simulation/catalogue/specialist.webp","true","GENERATED_FOR_EVENTOS_SIMULATION","Simulator-only fixture; not available for real purchase"
"SIM-BIZ-146","Event Safety Test Co 06 [SYNTHETIC]","Specialist","Event safety and compliance","Gqeberha","Small","SIM-BIZ-146-CAT-003","SIM-146-003","Medical Package [SYNTHETIC]","Event safety and compliance","Service","UNLIMITED","","4012.5","5216.25","/simulation/catalogue/specialist.webp","true","GENERATED_FOR_EVENTOS_SIMULATION","Simulator-only fixture; not available for real purchase"
"SIM-BIZ-146","Event Safety Test Co 06 [SYNTHETIC]","Specialist","Event safety and compliance","Gqeberha","Small","SIM-BIZ-146-CAT-004","SIM-146-004","Compliance Package [SYNTHETIC]","Event safety and compliance","Service","UNLIMITED","","4299","5760.66","/simulation/catalogue/specialist.webp","true","GENERATED_FOR_EVENTOS_SIMULATION","Simulator-only fixture; not available for real purchase"
"SIM-BIZ-147","Event Safety Test Co 07 [SYNTHETIC]","Specialist","Event safety and compliance","Cape Town","Medium","SIM-BIZ-147-CAT-001","SIM-147-001","Safety Plans Package [SYNTHETIC]","Event safety and compliance","Service","UNLIMITED","","5915","7216.3","/simulation/catalogue/specialist.webp","true","GENERATED_FOR_EVENTOS_SIMULATION","Simulator-only fixture; not available for real purchase"
"SIM-BIZ-147","Event Safety Test Co 07 [SYNTHETIC]","Specialist","Event safety and compliance","Cape Town","Medium","SIM-BIZ-147-CAT-002","SIM-147-002","Permits Package [SYNTHETIC]","Event safety and compliance","Service","UNLIMITED","","6392.5","8054.55","/simulation/catalogue/specialist.webp","true","GENERATED_FOR_EVENTOS_SIMULATION","Simulator-only fixture; not available for real purchase"
"SIM-BIZ-147","Event Safety Test Co 07 [SYNTHETIC]","Specialist","Event safety and compliance","Cape Town","Medium","SIM-BIZ-147-CAT-003","SIM-147-003","Medical Package [SYNTHETIC]","Event safety and compliance","Service","UNLIMITED","","6870","8931","/simulation/catalogue/specialist.webp","true","GENERATED_FOR_EVENTOS_SIMULATION","Simulator-only fixture; not available for real purchase"
"SIM-BIZ-147","Event Safety Test Co 07 [SYNTHETIC]","Specialist","Event safety and compliance","Cape Town","Medium","SIM-BIZ-147-CAT-004","SIM-147-004","Compliance Package [SYNTHETIC]","Event safety and compliance","Service","UNLIMITED","","7347.5","9845.65","/simulation/catalogue/specialist.webp","true","GENERATED_FOR_EVENTOS_SIMULATION","Simulator-only fixture; not available for real purchase"
"SIM-BIZ-148","Event Safety Test Co 08 [SYNTHETIC]","Specialist","Event safety and compliance","Johannesburg","Large","SIM-BIZ-148-CAT-001","SIM-148-001","Safety Plans Package [SYNTHETIC]","Event safety and compliance","Service","UNLIMITED","","9756","11902.32","/simulation/catalogue/specialist.webp","true","GENERATED_FOR_EVENTOS_SIMULATION","Simulator-only fixture; not available for real purchase"
"SIM-BIZ-148","Event Safety Test Co 08 [SYNTHETIC]","Specialist","Event safety and compliance","Johannesburg","Large","SIM-BIZ-148-CAT-002","SIM-148-002","Permits Package [SYNTHETIC]","Event safety and compliance","Service","UNLIMITED","","10520","13255.2","/simulation/catalogue/specialist.webp","true","GENERATED_FOR_EVENTOS_SIMULATION","Simulator-only fixture; not available for real purchase"
"SIM-BIZ-148","Event Safety Test Co 08 [SYNTHETIC]","Specialist","Event safety and compliance","Johannesburg","Large","SIM-BIZ-148-CAT-003","SIM-148-003","Medical Package [SYNTHETIC]","Event safety and compliance","Service","UNLIMITED","","11284","14669.2","/simulation/catalogue/specialist.webp","true","GENERATED_FOR_EVENTOS_SIMULATION","Simulator-only fixture; not available for real purchase"
"SIM-BIZ-148","Event Safety Test Co 08 [SYNTHETIC]","Specialist","Event safety and compliance","Johannesburg","Large","SIM-BIZ-148-CAT-004","SIM-148-004","Compliance Package [SYNTHETIC]","Event safety and compliance","Service","UNLIMITED","","12048","16144.32","/simulation/catalogue/specialist.webp","true","GENERATED_FOR_EVENTOS_SIMULATION","Simulator-only fixture; not available for real purchase"
"SIM-BIZ-149","Event Safety Test Co 09 [SYNTHETIC]","Specialist","Event safety and compliance","Pretoria","Micro","SIM-BIZ-149-CAT-001","SIM-149-001","Safety Plans Package [SYNTHETIC]","Event safety and compliance","Service","UNLIMITED","","2512","3064.64","/simulation/catalogue/specialist.webp","true","GENERATED_FOR_EVENTOS_SIMULATION","Simulator-only fixture; not available for real purchase"
"SIM-BIZ-149","Event Safety Test Co 09 [SYNTHETIC]","Specialist","Event safety and compliance","Pretoria","Micro","SIM-BIZ-149-CAT-002","SIM-149-002","Permits Package [SYNTHETIC]","Event safety and compliance","Service","UNLIMITED","","2703","3405.78","/simulation/catalogue/specialist.webp","true","GENERATED_FOR_EVENTOS_SIMULATION","Simulator-only fixture; not available for real purchase"
"SIM-BIZ-149","Event Safety Test Co 09 [SYNTHETIC]","Specialist","Event safety and compliance","Pretoria","Micro","SIM-BIZ-149-CAT-003","SIM-149-003","Medical Package [SYNTHETIC]","Event safety and compliance","Service","UNLIMITED","","2894","3762.2","/simulation/catalogue/specialist.webp","true","GENERATED_FOR_EVENTOS_SIMULATION","Simulator-only fixture; not available for real purchase"
"SIM-BIZ-149","Event Safety Test Co 09 [SYNTHETIC]","Specialist","Event safety and compliance","Pretoria","Micro","SIM-BIZ-149-CAT-004","SIM-149-004","Compliance Package [SYNTHETIC]","Event safety and compliance","Service","UNLIMITED","","3085","4133.9","/simulation/catalogue/specialist.webp","true","GENERATED_FOR_EVENTOS_SIMULATION","Simulator-only fixture; not available for real purchase"
"SIM-BIZ-150","Event Safety Test Co 10 [SYNTHETIC]","Specialist","Event safety and compliance","Durban","Small","SIM-BIZ-150-CAT-001","SIM-150-001","Safety Plans Package [SYNTHETIC]","Event safety and compliance","Service","UNLIMITED","","3877.5","4730.55","/simulation/catalogue/specialist.webp","true","GENERATED_FOR_EVENTOS_SIMULATION","Simulator-only fixture; not available for real purchase"
"SIM-BIZ-150","Event Safety Test Co 10 [SYNTHETIC]","Specialist","Event safety and compliance","Durban","Small","SIM-BIZ-150-CAT-002","SIM-150-002","Permits Package [SYNTHETIC]","Event safety and compliance","Service","UNLIMITED","","4164","5246.64","/simulation/catalogue/specialist.webp","true","GENERATED_FOR_EVENTOS_SIMULATION","Simulator-only fixture; not available for real purchase"
"SIM-BIZ-150","Event Safety Test Co 10 [SYNTHETIC]","Specialist","Event safety and compliance","Durban","Small","SIM-BIZ-150-CAT-003","SIM-150-003","Medical Package [SYNTHETIC]","Event safety and compliance","Service","UNLIMITED","","4450.5","5785.65","/simulation/catalogue/specialist.webp","true","GENERATED_FOR_EVENTOS_SIMULATION","Simulator-only fixture; not available for real purchase"
"SIM-BIZ-150","Event Safety Test Co 10 [SYNTHETIC]","Specialist","Event safety and compliance","Durban","Small","SIM-BIZ-150-CAT-004","SIM-150-004","Compliance Package [SYNTHETIC]","Event safety and compliance","Service","UNLIMITED","","4737","6347.58","/simulation/catalogue/specialist.webp","true","GENERATED_FOR_EVENTOS_SIMULATION","Simulator-only fixture; not available for real purchase"